customer_id,age_group,gender,state,country,distance_traveled_miles,previous_attendance,purchase_platform
"CUST000001","45-54","Male","PA","USA","75","Second Time","StubHub"
"CUST000002","45-54","Male","SC","USA","642","Returning (3+)","StubHub"
"CUST000003","35-44","Male","MI","USA","517","Returning (3+)","StubHub"
"CUST000004","55+","Female","NJ","USA","100","Second Time","Festival Website"
"CUST000005","25-34","Male","PA","USA","123","Returning (3+)","SeatGeek"
"CUST000006","35-44","Prefer not to say","SC","USA","459","First Time","SeatGeek"
"CUST000007","25-34","Female","CT","USA","267","First Time","Festival Website"
"CUST000008","18-24","Prefer not to say","MI","USA","413","First Time","Dice"
"CUST000009","25-34","Non-Binary","NJ","USA","113","Second Time","Dice"
"CUST000010","18-24","Non-Binary","PA","USA","111","Returning (3+)","SeatGeek"
"CUST000011","18-24","Male","GA","USA","639","First Time","SeatGeek"
"CUST000012","55+","Female","MI","USA","560","Second Time","Festival Website"
"CUST000013","55+","Male","NY","USA","296","First Time","Festival Website"
"CUST000014","35-44","Prefer not to say","NJ","USA","101","Second Time","StubHub"
"CUST000015","45-54","Female","PA","USA","71","Second Time","StubHub"
"CUST000016","35-44","Non-Binary","NC","USA","307","Second Time","SeatGeek"
"CUST000017","25-34","Prefer not to say","PA","USA","1","First Time","SeatGeek"
"CUST000018","25-34","Non-Binary","MA","USA","306","First Time","Eventbrite"
"CUST000019","25-34","Prefer not to say","NY","USA","243","First Time","Festival Website"
"CUST000020","45-54","Male","OH","USA","283","Returning (3+)","Eventbrite"
"CUST000021","35-44","Female","RI","USA","389","First Time","Eventbrite"
"CUST000022","18-24","Non-Binary","PA","USA","113","First Time","SeatGeek"
"CUST000023","18-24","Female","PA","USA","89","Returning (3+)","Festival Website"
"CUST000024","55+","Prefer not to say","NC","USA","306","Second Time","Dice"
"CUST000025","35-44","Prefer not to say","NY","USA","158","First Time","Festival Website"
"CUST000026","45-54","Male","FL","USA","1169","First Time","SeatGeek"
"CUST000027","25-34","Male","PA","USA","51","First Time","Festival Website"
"CUST000028","55+","Male","MA","USA","365","Second Time","Ticketmaster"
"CUST000029","18-24","Female","TX","USA","1468","Returning (3+)","Eventbrite"
"CUST000030","45-54","Non-Binary","MD","USA","151","Second Time","SeatGeek"
"CUST000031","25-34","Male","FL","USA","995","Second Time","Dice"
"CUST000032","55+","Non-Binary","PA","USA","58","First Time","Eventbrite"
"CUST000033","45-54","Female","CA","USA","2776","Second Time","Dice"
"CUST000034","18-24","Prefer not to say","MD","USA","141","First Time","Ticketmaster"
"CUST000035","35-44","Prefer not to say","NC","USA","377","Returning (3+)","StubHub"
"CUST000036","25-34","Prefer not to say","CA","USA","2564","Second Time","Eventbrite"
"CUST000037","35-44","Female","NY","USA","296","Returning (3+)","StubHub"
"CUST000038","18-24","Non-Binary","RI","USA","380","Returning (3+)","Festival Website"
"CUST000039","18-24","Non-Binary","RI","USA","330","First Time","SeatGeek"
"CUST000040","55+","Non-Binary","NY","USA","279","Second Time","Festival Website"
"CUST000041","45-54","Non-Binary","VA","USA","244","Second Time","SeatGeek"
"CUST000042","25-34","Male","NY","USA","262","Returning (3+)","Festival Website"
"CUST000043","25-34","Prefer not to say","FL","USA","1033","Returning (3+)","Dice"
"CUST000044","45-54","Prefer not to say","MI","USA","581","Second Time","StubHub"
"CUST000045","45-54","Prefer not to say","IL","USA","653","First Time","StubHub"
"CUST000046","35-44","Male","MD","USA","69","Second Time","Ticketmaster"
"CUST000047","25-34","Male","IL","USA","718","Returning (3+)","Eventbrite"
"CUST000048","25-34","Prefer not to say","CA","USA","2702","First Time","Festival Website"
"CUST000049","35-44","Non-Binary","GA","USA","660","Returning (3+)","SeatGeek"
"CUST000050","45-54","Non-Binary","MI","USA","430","Returning (3+)","StubHub"
"CUST000051","35-44","Female","MD","USA","163","Returning (3+)","SeatGeek"
"CUST000052","55+","Male","NY","USA","273","First Time","Festival Website"
"CUST000053","45-54","Male","PA","USA","81","First Time","Eventbrite"
"CUST000054","45-54","Male","MD","USA","140","First Time","Ticketmaster"
"CUST000055","55+","Female","MD","USA","92","Returning (3+)","Ticketmaster"
"CUST000056","55+","Prefer not to say","MI","USA","566","Second Time","SeatGeek"
"CUST000057","35-44","Male","PA","USA","32","Returning (3+)","Ticketmaster"
"CUST000058","25-34","Male","PA","USA","64","First Time","Eventbrite"
"CUST000059","25-34","Prefer not to say","NY","USA","161","First Time","Ticketmaster"
"CUST000060","35-44","Prefer not to say","PA","USA","132","Second Time","Festival Website"
"CUST000061","18-24","Female","GA","USA","774","First Time","Dice"
"CUST000062","45-54","Prefer not to say","FL","USA","872","First Time","StubHub"
"CUST000063","35-44","Female","MD","USA","148","Second Time","Ticketmaster"
"CUST000064","18-24","Prefer not to say","TX","USA","1400","Returning (3+)","StubHub"
"CUST000065","55+","Male","MA","USA","341","Second Time","StubHub"
"CUST000066","35-44","Female","NY","USA","174","First Time","SeatGeek"
"CUST000067","35-44","Female","NJ","USA","124","First Time","Dice"
"CUST000068","25-34","Non-Binary","VA","USA","281","Second Time","Ticketmaster"
"CUST000069","25-34","Prefer not to say","GA","USA","657","Returning (3+)","Festival Website"
"CUST000070","55+","Prefer not to say","NJ","USA","123","Second Time","Eventbrite"
"CUST000071","35-44","Prefer not to say","MI","USA","535","First Time","Eventbrite"
"CUST000072","55+","Male","CA","USA","2991","First Time","StubHub"
"CUST000073","45-54","Prefer not to say","MA","USA","321","Returning (3+)","Eventbrite"
"CUST000074","45-54","Non-Binary","NY","USA","260","Second Time","Festival Website"
"CUST000075","18-24","Non-Binary","OH","USA","306","Second Time","Festival Website"
"CUST000076","35-44","Prefer not to say","NC","USA","396","Returning (3+)","StubHub"
"CUST000077","55+","Female","MI","USA","576","Returning (3+)","SeatGeek"
"CUST000078","35-44","Female","NY","USA","282","Returning (3+)","Eventbrite"
"CUST000079","55+","Male","NC","USA","484","Second Time","SeatGeek"
"CUST000080","55+","Male","PA","USA","27","Second Time","Dice"
"CUST000081","25-34","Male","VA","USA","279","Second Time","Festival Website"
"CUST000082","55+","Non-Binary","NY","USA","190","Second Time","Dice"
"CUST000083","25-34","Prefer not to say","SC","USA","507","Returning (3+)","Festival Website"
"CUST000084","45-54","Female","NY","USA","231","Second Time","Festival Website"
"CUST000085","18-24","Female","NJ","USA","141","Returning (3+)","Festival Website"
"CUST000086","45-54","Male","TX","USA","1665","Second Time","Eventbrite"
"CUST000087","18-24","Non-Binary","CT","USA","327","Returning (3+)","Eventbrite"
"CUST000088","45-54","Prefer not to say","CA","USA","2644","First Time","SeatGeek"
"CUST000089","55+","Prefer not to say","MD","USA","51","First Time","StubHub"
"CUST000090","45-54","Male","RI","USA","319","First Time","SeatGeek"
"CUST000091","25-34","Prefer not to say","MI","USA","428","First Time","Ticketmaster"
"CUST000092","25-34","Female","PA","USA","47","Second Time","StubHub"
"CUST000093","45-54","Non-Binary","FL","USA","801","First Time","SeatGeek"
"CUST000094","18-24","Prefer not to say","OH","USA","281","First Time","Dice"
"CUST000095","18-24","Male","NY","USA","260","First Time","Dice"
"CUST000096","18-24","Female","NY","USA","162","First Time","Festival Website"
"CUST000097","35-44","Female","MD","USA","98","Returning (3+)","Eventbrite"
"CUST000098","18-24","Non-Binary","PA","USA","105","Returning (3+)","Dice"
"CUST000099","45-54","Female","NY","USA","164","Second Time","Dice"
"CUST000100","55+","Non-Binary","NY","USA","218","Returning (3+)","Festival Website"
"CUST000101","45-54","Male","PA","USA","118","Second Time","StubHub"
"CUST000102","18-24","Prefer not to say","MD","USA","105","Returning (3+)","Dice"
"CUST000103","35-44","Female","MI","USA","566","Returning (3+)","Festival Website"
"CUST000104","18-24","Non-Binary","NC","USA","376","Second Time","Festival Website"
"CUST000105","18-24","Non-Binary","NJ","USA","178","Second Time","Eventbrite"
"CUST000106","18-24","Prefer not to say","NY","USA","194","Returning (3+)","Dice"
"CUST000107","18-24","Prefer not to say","NJ","USA","134","First Time","Festival Website"
"CUST000108","18-24","Male","PA","USA","78","First Time","Eventbrite"
"CUST000109","55+","Non-Binary","PA","USA","148","Second Time","Festival Website"
"CUST000110","18-24","Prefer not to say","GA","USA","667","Returning (3+)","Dice"
"CUST000111","55+","Non-Binary","PA","USA","17","Returning (3+)","SeatGeek"
"CUST000112","35-44","Male","MD","USA","125","Second Time","Ticketmaster"
"CUST000113","35-44","Non-Binary","NY","USA","266","Returning (3+)","Ticketmaster"
"CUST000114","25-34","Male","FL","USA","1093","First Time","Eventbrite"
"CUST000115","55+","Male","CA","USA","2747","First Time","SeatGeek"
"CUST000116","35-44","Prefer not to say","DE","USA","178","First Time","Ticketmaster"
"CUST000117","25-34","Non-Binary","NJ","USA","236","Returning (3+)","Ticketmaster"
"CUST000118","45-54","Female","NY","USA","278","First Time","SeatGeek"
"CUST000119","25-34","Prefer not to say","OH","USA","337","Second Time","Ticketmaster"
"CUST000120","35-44","Male","PA","USA","10","Returning (3+)","StubHub"
"CUST000121","18-24","Non-Binary","NY","USA","229","First Time","Ticketmaster"
"CUST000122","25-34","Non-Binary","MI","USA","474","Second Time","StubHub"
"CUST000123","18-24","Female","PA","USA","22","Second Time","Dice"
"CUST000124","45-54","Female","PA","USA","131","Returning (3+)","Dice"
"CUST000125","35-44","Female","MI","USA","430","First Time","Festival Website"
"CUST000126","35-44","Non-Binary","TX","USA","1619","First Time","Ticketmaster"
"CUST000127","55+","Male","NY","USA","206","Second Time","Festival Website"
"CUST000128","18-24","Prefer not to say","MD","USA","192","Returning (3+)","SeatGeek"
"CUST000129","35-44","Non-Binary","MD","USA","61","Returning (3+)","Festival Website"
"CUST000130","25-34","Non-Binary","NY","USA","269","Second Time","Ticketmaster"
"CUST000131","35-44","Prefer not to say","NC","USA","415","Returning (3+)","Eventbrite"
"CUST000132","25-34","Male","CT","USA","290","Second Time","Eventbrite"
"CUST000133","45-54","Non-Binary","IL","USA","714","Second Time","Festival Website"
"CUST000134","18-24","Non-Binary","OH","USA","281","First Time","Eventbrite"
"CUST000135","55+","Prefer not to say","CA","USA","2615","Returning (3+)","StubHub"
"CUST000136","18-24","Male","CA","USA","2931","First Time","Eventbrite"
"CUST000137","55+","Prefer not to say","MA","USA","343","Returning (3+)","StubHub"
"CUST000138","18-24","Female","MD","USA","109","Returning (3+)","Festival Website"
"CUST000139","18-24","Female","MD","USA","61","Returning (3+)","Eventbrite"
"CUST000140","25-34","Prefer not to say","PA","USA","145","Second Time","StubHub"
"CUST000141","45-54","Non-Binary","MD","USA","86","Second Time","SeatGeek"
"CUST000142","35-44","Female","PA","USA","8","Returning (3+)","SeatGeek"
"CUST000143","35-44","Male","PA","USA","43","Returning (3+)","SeatGeek"
"CUST000144","18-24","Prefer not to say","CT","USA","291","Second Time","StubHub"
"CUST000145","25-34","Female","MD","USA","69","Returning (3+)","StubHub"
"CUST000146","45-54","Prefer not to say","OH","USA","299","Second Time","Festival Website"
"CUST000147","35-44","Non-Binary","PA","USA","140","First Time","Ticketmaster"
"CUST000148","25-34","Prefer not to say","NY","USA","261","Second Time","SeatGeek"
"CUST000149","18-24","Male","PA","USA","19","First Time","SeatGeek"
"CUST000150","25-34","Male","NJ","USA","189","First Time","Dice"
"CUST000151","35-44","Prefer not to say","MA","USA","363","First Time","StubHub"
"CUST000152","25-34","Prefer not to say","TX","USA","1622","First Time","StubHub"
"CUST000153","35-44","Prefer not to say","DE","USA","192","Returning (3+)","Dice"
"CUST000154","55+","Female","MD","USA","97","First Time","Festival Website"
"CUST000155","55+","Non-Binary","NJ","USA","112","Second Time","Dice"
"CUST000156","35-44","Female","MD","USA","138","First Time","Dice"
"CUST000157","35-44","Prefer not to say","NC","USA","333","Second Time","Dice"
"CUST000158","35-44","Female","NY","USA","280","Second Time","Eventbrite"
"CUST000159","18-24","Non-Binary","VA","USA","287","Returning (3+)","Ticketmaster"
"CUST000160","55+","Non-Binary","CT","USA","336","Second Time","SeatGeek"
"CUST000161","35-44","Male","MD","USA","141","Second Time","Eventbrite"
"CUST000162","35-44","Non-Binary","GA","USA","735","Second Time","Ticketmaster"
"CUST000163","18-24","Non-Binary","SC","USA","643","First Time","Eventbrite"
"CUST000164","45-54","Prefer not to say","FL","USA","1194","Returning (3+)","Ticketmaster"
"CUST000165","45-54","Prefer not to say","MI","USA","545","Second Time","StubHub"
"CUST000166","55+","Non-Binary","NJ","USA","205","Second Time","Ticketmaster"
"CUST000167","45-54","Female","PA","USA","6","First Time","Dice"
"CUST000168","55+","Female","GA","USA","712","Second Time","Dice"
"CUST000169","35-44","Prefer not to say","FL","USA","1128","Second Time","StubHub"
"CUST000170","18-24","Non-Binary","RI","USA","303","First Time","Festival Website"
"CUST000171","25-34","Female","PA","USA","67","Returning (3+)","Ticketmaster"
"CUST000172","25-34","Male","OH","USA","331","Returning (3+)","Ticketmaster"
"CUST000173","45-54","Prefer not to say","NY","USA","163","Second Time","Eventbrite"
"CUST000174","55+","Non-Binary","MI","USA","518","First Time","Dice"
"CUST000175","45-54","Male","CA","USA","2720","Returning (3+)","Dice"
"CUST000176","45-54","Prefer not to say","TX","USA","1590","Second Time","Festival Website"
"CUST000177","18-24","Male","DE","USA","140","First Time","Ticketmaster"
"CUST000178","25-34","Non-Binary","FL","USA","1180","Returning (3+)","Festival Website"
"CUST000179","25-34","Male","MD","USA","66","First Time","Festival Website"
"CUST000180","55+","Female","MA","USA","397","First Time","Dice"
"CUST000181","18-24","Female","TX","USA","1601","Returning (3+)","Eventbrite"
"CUST000182","25-34","Male","MA","USA","325","Second Time","StubHub"
"CUST000183","18-24","Non-Binary","SC","USA","537","Returning (3+)","StubHub"
"CUST000184","45-54","Female","MI","USA","488","First Time","Ticketmaster"
"CUST000185","55+","Male","PA","USA","150","Returning (3+)","Ticketmaster"
"CUST000186","35-44","Female","NJ","USA","195","Returning (3+)","Eventbrite"
"CUST000187","55+","Male","MA","USA","373","Second Time","SeatGeek"
"CUST000188","25-34","Male","CT","USA","278","Second Time","StubHub"
"CUST000189","55+","Prefer not to say","CA","USA","2816","First Time","SeatGeek"
"CUST000190","18-24","Female","IL","USA","687","Second Time","Festival Website"
"CUST000191","55+","Male","MD","USA","108","Second Time","StubHub"
"CUST000192","25-34","Prefer not to say","NY","USA","245","First Time","SeatGeek"
"CUST000193","35-44","Female","NJ","USA","201","Second Time","Ticketmaster"
"CUST000194","45-54","Non-Binary","MA","USA","314","Returning (3+)","StubHub"
"CUST000195","45-54","Non-Binary","NC","USA","323","Returning (3+)","Dice"
"CUST000196","25-34","Non-Binary","TX","USA","1733","First Time","Ticketmaster"
"CUST000197","25-34","Female","TX","USA","1472","Returning (3+)","Dice"
"CUST000198","55+","Prefer not to say","CA","USA","2522","Returning (3+)","Eventbrite"
"CUST000199","35-44","Prefer not to say","MI","USA","463","Returning (3+)","SeatGeek"
"CUST000200","25-34","Non-Binary","NY","USA","298","First Time","Eventbrite"
"CUST000201","35-44","Male","NJ","USA","187","Second Time","Dice"
"CUST000202","55+","Male","NC","USA","437","Second Time","SeatGeek"
"CUST000203","25-34","Male","OH","USA","333","Second Time","StubHub"
"CUST000204","55+","Prefer not to say","PA","USA","144","First Time","Ticketmaster"
"CUST000205","18-24","Female","MI","USA","471","Second Time","Festival Website"
"CUST000206","55+","Male","NY","USA","189","Second Time","Eventbrite"
"CUST000207","35-44","Non-Binary","IL","USA","664","Returning (3+)","Eventbrite"
"CUST000208","25-34","Prefer not to say","MI","USA","491","Returning (3+)","SeatGeek"
"CUST000209","35-44","Non-Binary","TX","USA","1796","Second Time","StubHub"
"CUST000210","45-54","Male","SC","USA","534","Returning (3+)","SeatGeek"
"CUST000211","55+","Prefer not to say","CA","USA","2926","First Time","StubHub"
"CUST000212","45-54","Non-Binary","NJ","USA","197","Second Time","SeatGeek"
"CUST000213","25-34","Non-Binary","PA","USA","75","First Time","Dice"
"CUST000214","25-34","Non-Binary","GA","USA","751","First Time","Ticketmaster"
"CUST000215","18-24","Prefer not to say","IL","USA","603","Returning (3+)","Festival Website"
"CUST000216","25-34","Prefer not to say","MD","USA","197","First Time","Festival Website"
"CUST000217","18-24","Prefer not to say","OH","USA","309","Second Time","StubHub"
"CUST000218","55+","Prefer not to say","NY","USA","167","Returning (3+)","SeatGeek"
"CUST000219","18-24","Prefer not to say","NJ","USA","142","Returning (3+)","StubHub"
"CUST000220","55+","Prefer not to say","GA","USA","719","First Time","SeatGeek"
"CUST000221","35-44","Non-Binary","GA","USA","615","First Time","Eventbrite"
"CUST000222","45-54","Female","NJ","USA","167","Second Time","SeatGeek"
"CUST000223","45-54","Male","MD","USA","183","Second Time","Festival Website"
"CUST000224","45-54","Female","PA","USA","109","Returning (3+)","Eventbrite"
"CUST000225","25-34","Prefer not to say","PA","USA","94","Returning (3+)","Eventbrite"
"CUST000226","35-44","Non-Binary","MI","USA","500","Returning (3+)","Ticketmaster"
"CUST000227","45-54","Prefer not to say","MI","USA","554","Second Time","Eventbrite"
"CUST000228","55+","Female","SC","USA","540","First Time","Festival Website"
"CUST000229","35-44","Female","SC","USA","476","Second Time","Festival Website"
"CUST000230","25-34","Male","NY","USA","291","Returning (3+)","Eventbrite"
"CUST000231","35-44","Non-Binary","RI","USA","334","First Time","Dice"
"CUST000232","55+","Prefer not to say","VA","USA","215","First Time","Ticketmaster"
"CUST000233","55+","Male","MA","USA","385","First Time","Eventbrite"
"CUST000234","35-44","Prefer not to say","PA","USA","99","Returning (3+)","Eventbrite"
"CUST000235","25-34","Male","NJ","USA","107","Second Time","Festival Website"
"CUST000236","45-54","Male","SC","USA","648","Second Time","Eventbrite"
"CUST000237","45-54","Male","NC","USA","389","First Time","SeatGeek"
"CUST000238","25-34","Female","NC","USA","422","First Time","Ticketmaster"
"CUST000239","45-54","Non-Binary","MA","USA","337","Second Time","Eventbrite"
"CUST000240","55+","Female","PA","USA","136","First Time","Dice"
"CUST000241","55+","Prefer not to say","NJ","USA","160","Returning (3+)","Dice"
"CUST000242","45-54","Female","NY","USA","220","First Time","Eventbrite"
"CUST000243","35-44","Female","MI","USA","574","Second Time","StubHub"
"CUST000244","18-24","Non-Binary","NY","USA","157","First Time","Ticketmaster"
"CUST000245","18-24","Female","DE","USA","125","First Time","Ticketmaster"
"CUST000246","55+","Prefer not to say","OH","USA","351","First Time","Festival Website"
"CUST000247","55+","Female","NY","USA","240","Second Time","StubHub"
"CUST000248","35-44","Prefer not to say","FL","USA","923","Returning (3+)","Dice"
"CUST000249","25-34","Female","FL","USA","1179","Second Time","SeatGeek"
"CUST000250","45-54","Prefer not to say","FL","USA","1102","First Time","Ticketmaster"
"CUST000251","35-44","Prefer not to say","VA","USA","223","Second Time","SeatGeek"
"CUST000252","35-44","Female","NJ","USA","173","First Time","StubHub"
"CUST000253","35-44","Prefer not to say","NC","USA","378","First Time","Ticketmaster"
"CUST000254","45-54","Prefer not to say","NY","USA","181","Returning (3+)","Dice"
"CUST000255","18-24","Male","CA","USA","2511","First Time","SeatGeek"
"CUST000256","45-54","Male","MD","USA","157","Returning (3+)","StubHub"
"CUST000257","35-44","Male","MD","USA","192","First Time","StubHub"
"CUST000258","18-24","Female","CT","USA","277","First Time","Eventbrite"
"CUST000259","25-34","Female","PA","USA","108","First Time","Eventbrite"
"CUST000260","35-44","Female","NJ","USA","130","Second Time","Dice"
"CUST000261","35-44","Prefer not to say","MA","USA","365","First Time","Festival Website"
"CUST000262","55+","Male","FL","USA","1002","First Time","Dice"
"CUST000263","25-34","Male","NC","USA","482","Second Time","Ticketmaster"
"CUST000264","55+","Female","PA","USA","134","First Time","Festival Website"
"CUST000265","18-24","Male","SC","USA","581","First Time","Festival Website"
"CUST000266","45-54","Female","PA","USA","94","First Time","Ticketmaster"
"CUST000267","25-34","Male","PA","USA","141","Second Time","Eventbrite"
"CUST000268","25-34","Non-Binary","SC","USA","506","Returning (3+)","Festival Website"
"CUST000269","18-24","Prefer not to say","NY","USA","228","Returning (3+)","Eventbrite"
"CUST000270","25-34","Non-Binary","GA","USA","779","First Time","Ticketmaster"
"CUST000271","35-44","Non-Binary","OH","USA","260","Returning (3+)","Festival Website"
"CUST000272","25-34","Non-Binary","RI","USA","300","Returning (3+)","StubHub"
"CUST000273","35-44","Prefer not to say","NJ","USA","194","First Time","Eventbrite"
"CUST000274","35-44","Male","IL","USA","604","Returning (3+)","Eventbrite"
"CUST000275","25-34","Non-Binary","NJ","USA","223","Second Time","Dice"
"CUST000276","45-54","Male","PA","USA","112","Returning (3+)","Dice"
"CUST000277","18-24","Prefer not to say","GA","USA","743","Returning (3+)","SeatGeek"
"CUST000278","25-34","Prefer not to say","RI","USA","364","Returning (3+)","Festival Website"
"CUST000279","18-24","Male","SC","USA","577","First Time","StubHub"
"CUST000280","35-44","Female","PA","USA","16","First Time","Ticketmaster"
"CUST000281","25-34","Male","MD","USA","122","Returning (3+)","SeatGeek"
"CUST000282","45-54","Prefer not to say","MD","USA","92","Returning (3+)","Ticketmaster"
"CUST000283","45-54","Non-Binary","DE","USA","161","First Time","StubHub"
"CUST000284","18-24","Male","NJ","USA","109","Second Time","Ticketmaster"
"CUST000285","25-34","Female","NC","USA","479","First Time","Ticketmaster"
"CUST000286","55+","Female","TX","USA","1520","First Time","Eventbrite"
"CUST000287","25-34","Non-Binary","NJ","USA","150","Second Time","SeatGeek"
"CUST000288","35-44","Prefer not to say","MI","USA","536","Second Time","StubHub"
"CUST000289","25-34","Prefer not to say","NY","USA","217","First Time","Festival Website"
"CUST000290","55+","Male","IL","USA","750","Second Time","StubHub"
"CUST000291","45-54","Prefer not to say","PA","USA","125","First Time","Eventbrite"
"CUST000292","18-24","Male","PA","USA","90","Returning (3+)","Festival Website"
"CUST000293","55+","Prefer not to say","TX","USA","1791","Second Time","StubHub"
"CUST000294","45-54","Prefer not to say","DE","USA","200","First Time","Eventbrite"
"CUST000295","55+","Prefer not to say","MD","USA","177","First Time","SeatGeek"
"CUST000296","55+","Male","MD","USA","197","Second Time","Dice"
"CUST000297","25-34","Female","IL","USA","770","First Time","Festival Website"
"CUST000298","25-34","Female","MI","USA","549","Second Time","StubHub"
"CUST000299","55+","Female","MA","USA","382","Second Time","Festival Website"
"CUST000300","45-54","Non-Binary","RI","USA","354","Returning (3+)","Ticketmaster"
"CUST000301","45-54","Prefer not to say","PA","USA","95","Returning (3+)","SeatGeek"
"CUST000302","55+","Prefer not to say","PA","USA","62","Second Time","Eventbrite"
"CUST000303","25-34","Non-Binary","GA","USA","712","Returning (3+)","Eventbrite"
"CUST000304","35-44","Prefer not to say","PA","USA","45","First Time","Ticketmaster"
"CUST000305","25-34","Male","IL","USA","611","First Time","Festival Website"
"CUST000306","55+","Male","PA","USA","47","First Time","Ticketmaster"
"CUST000307","25-34","Non-Binary","MD","USA","149","First Time","StubHub"
"CUST000308","55+","Prefer not to say","SC","USA","467","Second Time","Dice"
"CUST000309","45-54","Male","NC","USA","353","Second Time","Ticketmaster"
"CUST000310","18-24","Non-Binary","MD","USA","92","First Time","SeatGeek"
"CUST000311","25-34","Non-Binary","PA","USA","114","First Time","SeatGeek"
"CUST000312","55+","Prefer not to say","NC","USA","312","Second Time","StubHub"
"CUST000313","25-34","Male","VA","USA","303","First Time","Festival Website"
"CUST000314","18-24","Male","NC","USA","452","Second Time","Festival Website"
"CUST000315","18-24","Female","PA","USA","52","Returning (3+)","Ticketmaster"
"CUST000316","55+","Prefer not to say","NJ","USA","178","First Time","SeatGeek"
"CUST000317","45-54","Female","CA","USA","2816","First Time","StubHub"
"CUST000318","18-24","Male","OH","USA","267","Second Time","Eventbrite"
"CUST000319","35-44","Female","DE","USA","177","Second Time","Eventbrite"
"CUST000320","45-54","Prefer not to say","MD","USA","130","First Time","StubHub"
"CUST000321","25-34","Male","FL","USA","1100","Returning (3+)","Festival Website"
"CUST000322","35-44","Prefer not to say","NJ","USA","116","First Time","StubHub"
"CUST000323","35-44","Prefer not to say","NC","USA","342","First Time","StubHub"
"CUST000324","55+","Female","NY","USA","163","First Time","Festival Website"
"CUST000325","55+","Male","NY","USA","219","Returning (3+)","Eventbrite"
"CUST000326","25-34","Female","GA","USA","792","Second Time","Ticketmaster"
"CUST000327","45-54","Prefer not to say","OH","USA","313","First Time","Eventbrite"
"CUST000328","25-34","Non-Binary","NJ","USA","184","First Time","SeatGeek"
"CUST000329","55+","Non-Binary","PA","USA","125","Returning (3+)","Festival Website"
"CUST000330","45-54","Non-Binary","MD","USA","118","Second Time","Dice"
"CUST000331","35-44","Male","OH","USA","270","Second Time","Festival Website"
"CUST000332","35-44","Female","PA","USA","119","Returning (3+)","SeatGeek"
"CUST000333","55+","Female","NJ","USA","215","Returning (3+)","Eventbrite"
"CUST000334","45-54","Prefer not to say","CA","USA","2927","Returning (3+)","Dice"
"CUST000335","55+","Non-Binary","MD","USA","146","Second Time","Ticketmaster"
"CUST000336","25-34","Non-Binary","NY","USA","286","Returning (3+)","Festival Website"
"CUST000337","55+","Male","NY","USA","227","First Time","StubHub"
"CUST000338","45-54","Female","NJ","USA","138","Second Time","Eventbrite"
"CUST000339","25-34","Female","PA","USA","146","Returning (3+)","Ticketmaster"
"CUST000340","18-24","Non-Binary","IL","USA","707","Second Time","StubHub"
"CUST000341","25-34","Prefer not to say","MD","USA","80","Returning (3+)","Ticketmaster"
"CUST000342","25-34","Prefer not to say","PA","USA","56","Returning (3+)","Dice"
"CUST000343","18-24","Female","NY","USA","222","Returning (3+)","Festival Website"
"CUST000344","55+","Male","SC","USA","607","Returning (3+)","StubHub"
"CUST000345","18-24","Female","SC","USA","451","Returning (3+)","Festival Website"
"CUST000346","18-24","Non-Binary","PA","USA","65","Returning (3+)","SeatGeek"
"CUST000347","45-54","Male","PA","USA","128","First Time","StubHub"
"CUST000348","35-44","Non-Binary","IL","USA","686","First Time","Dice"
"CUST000349","55+","Male","NJ","USA","213","Second Time","Ticketmaster"
"CUST000350","35-44","Male","PA","USA","22","First Time","StubHub"
"CUST000351","45-54","Female","SC","USA","517","Returning (3+)","Festival Website"
"CUST000352","55+","Non-Binary","NJ","USA","212","Returning (3+)","Ticketmaster"
"CUST000353","55+","Male","VA","USA","215","Returning (3+)","Dice"
"CUST000354","25-34","Female","NY","USA","196","Returning (3+)","Eventbrite"
"CUST000355","35-44","Prefer not to say","RI","USA","331","Second Time","Festival Website"
"CUST000356","45-54","Non-Binary","NJ","USA","195","First Time","SeatGeek"
"CUST000357","18-24","Male","NJ","USA","163","First Time","Dice"
"CUST000358","18-24","Female","TX","USA","1728","Returning (3+)","StubHub"
"CUST000359","35-44","Non-Binary","IL","USA","692","Second Time","Ticketmaster"
"CUST000360","45-54","Female","NY","USA","194","Returning (3+)","Eventbrite"
"CUST000361","55+","Prefer not to say","RI","USA","330","Second Time","SeatGeek"
"CUST000362","35-44","Prefer not to say","CT","USA","306","Second Time","SeatGeek"
"CUST000363","55+","Prefer not to say","DE","USA","147","Returning (3+)","Eventbrite"
"CUST000364","25-34","Female","NC","USA","357","Second Time","SeatGeek"
"CUST000365","45-54","Male","VA","USA","279","Second Time","Eventbrite"
"CUST000366","25-34","Non-Binary","VA","USA","328","Second Time","Dice"
"CUST000367","25-34","Female","MA","USA","391","Second Time","Eventbrite"
"CUST000368","18-24","Male","PA","USA","111","First Time","Eventbrite"
"CUST000369","18-24","Non-Binary","MD","USA","189","First Time","Ticketmaster"
"CUST000370","55+","Non-Binary","OH","USA","395","Returning (3+)","Eventbrite"
"CUST000371","45-54","Female","NY","USA","228","Returning (3+)","Eventbrite"
"CUST000372","35-44","Male","DE","USA","152","Returning (3+)","SeatGeek"
"CUST000373","25-34","Non-Binary","NJ","USA","196","Second Time","SeatGeek"
"CUST000374","35-44","Female","NY","USA","183","Second Time","SeatGeek"
"CUST000375","55+","Male","NY","USA","268","Second Time","Eventbrite"
"CUST000376","25-34","Male","CT","USA","259","Returning (3+)","Festival Website"
"CUST000377","18-24","Male","NY","USA","201","Second Time","SeatGeek"
"CUST000378","18-24","Non-Binary","MI","USA","455","Returning (3+)","Festival Website"
"CUST000379","45-54","Female","VA","USA","259","First Time","Festival Website"
"CUST000380","45-54","Female","CA","USA","2681","Returning (3+)","Festival Website"
"CUST000381","35-44","Male","NJ","USA","179","Returning (3+)","Festival Website"
"CUST000382","25-34","Male","PA","USA","110","First Time","Dice"
"CUST000383","55+","Non-Binary","CA","USA","2961","First Time","Ticketmaster"
"CUST000384","18-24","Female","NY","USA","179","Returning (3+)","SeatGeek"
"CUST000385","55+","Male","NJ","USA","107","Returning (3+)","Ticketmaster"
"CUST000386","35-44","Female","VA","USA","262","Second Time","SeatGeek"
"CUST000387","35-44","Male","PA","USA","136","First Time","StubHub"
"CUST000388","55+","Female","TX","USA","1658","Returning (3+)","StubHub"
"CUST000389","18-24","Male","PA","USA","96","First Time","Dice"
"CUST000390","18-24","Prefer not to say","NY","USA","251","Second Time","Ticketmaster"
"CUST000391","18-24","Female","PA","USA","62","Second Time","Festival Website"
"CUST000392","45-54","Non-Binary","TX","USA","1414","Second Time","SeatGeek"
"CUST000393","55+","Prefer not to say","DE","USA","170","First Time","SeatGeek"
"CUST000394","35-44","Male","IL","USA","774","First Time","SeatGeek"
"CUST000395","18-24","Prefer not to say","PA","USA","107","Returning (3+)","SeatGeek"
"CUST000396","18-24","Male","RI","USA","329","First Time","Dice"
"CUST000397","55+","Prefer not to say","FL","USA","1162","First Time","Eventbrite"
"CUST000398","18-24","Female","MD","USA","59","Second Time","Ticketmaster"
"CUST000399","45-54","Prefer not to say","NC","USA","479","Returning (3+)","Festival Website"
"CUST000400","35-44","Non-Binary","NC","USA","319","Second Time","SeatGeek"
"CUST000401","18-24","Male","NY","USA","181","Second Time","Festival Website"
"CUST000402","18-24","Prefer not to say","CT","USA","290","Second Time","Ticketmaster"
"CUST000403","45-54","Non-Binary","SC","USA","643","Returning (3+)","Eventbrite"
"CUST000404","55+","Female","TX","USA","1782","First Time","StubHub"
"CUST000405","25-34","Non-Binary","NY","USA","247","First Time","SeatGeek"
"CUST000406","25-34","Male","FL","USA","1092","Returning (3+)","Eventbrite"
"CUST000407","35-44","Male","TX","USA","1558","First Time","StubHub"
"CUST000408","55+","Non-Binary","NC","USA","340","First Time","StubHub"
"CUST000409","35-44","Prefer not to say","OH","USA","252","First Time","Dice"
"CUST000410","18-24","Prefer not to say","NY","USA","262","First Time","StubHub"
"CUST000411","25-34","Female","PA","USA","87","First Time","Eventbrite"
"CUST000412","35-44","Prefer not to say","PA","USA","1","Second Time","Ticketmaster"
"CUST000413","18-24","Female","DE","USA","131","Returning (3+)","Festival Website"
"CUST000414","25-34","Female","OH","USA","266","Returning (3+)","Ticketmaster"
"CUST000415","25-34","Male","NY","USA","217","Second Time","Eventbrite"
"CUST000416","18-24","Non-Binary","TX","USA","1516","Returning (3+)","Eventbrite"
"CUST000417","55+","Prefer not to say","PA","USA","102","First Time","Festival Website"
"CUST000418","18-24","Non-Binary","OH","USA","298","Second Time","Eventbrite"
"CUST000419","25-34","Non-Binary","NY","USA","265","Second Time","StubHub"
"CUST000420","18-24","Non-Binary","NY","USA","172","Returning (3+)","Festival Website"
"CUST000421","55+","Prefer not to say","NJ","USA","230","Second Time","SeatGeek"
"CUST000422","18-24","Female","CA","USA","2598","Returning (3+)","SeatGeek"
"CUST000423","25-34","Prefer not to say","PA","USA","9","Second Time","Festival Website"
"CUST000424","45-54","Non-Binary","MD","USA","105","Second Time","SeatGeek"
"CUST000425","35-44","Prefer not to say","MD","USA","146","Second Time","Eventbrite"
"CUST000426","45-54","Male","NJ","USA","180","Returning (3+)","SeatGeek"
"CUST000427","18-24","Prefer not to say","VA","USA","231","First Time","Eventbrite"
"CUST000428","18-24","Male","NY","USA","193","First Time","Ticketmaster"
"CUST000429","55+","Male","MD","USA","131","Second Time","Ticketmaster"
"CUST000430","45-54","Non-Binary","NJ","USA","125","Second Time","Festival Website"
"CUST000431","25-34","Prefer not to say","MD","USA","143","Second Time","Dice"
"CUST000432","45-54","Non-Binary","IL","USA","611","Second Time","Festival Website"
"CUST000433","18-24","Non-Binary","RI","USA","364","Second Time","Festival Website"
"CUST000434","18-24","Prefer not to say","MI","USA","545","First Time","Festival Website"
"CUST000435","25-34","Male","MD","USA","147","Second Time","Eventbrite"
"CUST000436","45-54","Non-Binary","FL","USA","1011","Returning (3+)","Dice"
"CUST000437","35-44","Female","NC","USA","500","Second Time","Dice"
"CUST000438","35-44","Female","PA","USA","12","Second Time","Dice"
"CUST000439","25-34","Male","NJ","USA","214","Returning (3+)","Ticketmaster"
"CUST000440","25-34","Prefer not to say","NJ","USA","144","Returning (3+)","Festival Website"
"CUST000441","18-24","Female","RI","USA","333","Second Time","SeatGeek"
"CUST000442","55+","Female","TX","USA","1700","Returning (3+)","SeatGeek"
"CUST000443","35-44","Female","MD","USA","134","First Time","Festival Website"
"CUST000444","55+","Prefer not to say","PA","USA","65","Returning (3+)","StubHub"
"CUST000445","45-54","Non-Binary","CA","USA","2784","First Time","Festival Website"
"CUST000446","18-24","Prefer not to say","VA","USA","269","Returning (3+)","SeatGeek"
"CUST000447","55+","Male","MA","USA","361","Second Time","StubHub"
"CUST000448","55+","Non-Binary","GA","USA","728","Returning (3+)","SeatGeek"
"CUST000449","25-34","Male","TX","USA","1800","First Time","Dice"
"CUST000450","18-24","Non-Binary","MI","USA","576","Returning (3+)","StubHub"
"CUST000451","45-54","Female","MA","USA","338","Returning (3+)","Festival Website"
"CUST000452","18-24","Female","NJ","USA","232","Returning (3+)","Ticketmaster"
"CUST000453","55+","Prefer not to say","CA","USA","2594","First Time","Dice"
"CUST000454","18-24","Non-Binary","TX","USA","1491","Second Time","Ticketmaster"
"CUST000455","25-34","Non-Binary","PA","USA","110","Returning (3+)","Eventbrite"
"CUST000456","55+","Non-Binary","MD","USA","118","Second Time","Festival Website"
"CUST000457","55+","Non-Binary","CA","USA","2728","Returning (3+)","SeatGeek"
"CUST000458","18-24","Non-Binary","PA","USA","78","First Time","Festival Website"
"CUST000459","18-24","Male","NJ","USA","166","Second Time","StubHub"
"CUST000460","25-34","Female","PA","USA","64","First Time","Festival Website"
"CUST000461","55+","Non-Binary","TX","USA","1569","First Time","Ticketmaster"
"CUST000462","18-24","Non-Binary","MD","USA","112","Second Time","StubHub"
"CUST000463","55+","Male","MD","USA","157","Second Time","Ticketmaster"
"CUST000464","45-54","Male","TX","USA","1540","First Time","StubHub"
"CUST000465","45-54","Non-Binary","VA","USA","207","First Time","Eventbrite"
"CUST000466","45-54","Male","NY","USA","262","First Time","Dice"
"CUST000467","18-24","Non-Binary","PA","USA","128","Returning (3+)","SeatGeek"
"CUST000468","25-34","Male","NJ","USA","246","Returning (3+)","Festival Website"
"CUST000469","45-54","Non-Binary","NY","USA","190","Returning (3+)","Festival Website"
"CUST000470","18-24","Male","SC","USA","458","Second Time","Festival Website"
"CUST000471","45-54","Female","MI","USA","528","Second Time","Dice"
"CUST000472","35-44","Female","NY","USA","225","Second Time","Eventbrite"
"CUST000473","18-24","Female","PA","USA","150","Returning (3+)","Dice"
"CUST000474","45-54","Female","PA","USA","114","Second Time","StubHub"
"CUST000475","18-24","Prefer not to say","PA","USA","115","Second Time","Ticketmaster"
"CUST000476","25-34","Prefer not to say","PA","USA","148","First Time","StubHub"
"CUST000477","55+","Female","FL","USA","1049","First Time","SeatGeek"
"CUST000478","25-34","Non-Binary","NY","USA","225","First Time","SeatGeek"
"CUST000479","45-54","Non-Binary","VA","USA","179","Returning (3+)","Eventbrite"
"CUST000480","55+","Prefer not to say","CT","USA","275","First Time","Dice"
"CUST000481","55+","Female","NJ","USA","224","Returning (3+)","Festival Website"
"CUST000482","55+","Female","TX","USA","1607","Second Time","Festival Website"
"CUST000483","25-34","Female","PA","USA","94","First Time","Festival Website"
"CUST000484","55+","Prefer not to say","NJ","USA","138","Second Time","Eventbrite"
"CUST000485","35-44","Prefer not to say","PA","USA","53","Second Time","SeatGeek"
"CUST000486","18-24","Female","NY","USA","238","Returning (3+)","Festival Website"
"CUST000487","45-54","Male","PA","USA","49","First Time","SeatGeek"
"CUST000488","35-44","Prefer not to say","NJ","USA","152","First Time","Festival Website"
"CUST000489","25-34","Prefer not to say","OH","USA","344","Returning (3+)","Ticketmaster"
"CUST000490","18-24","Female","MA","USA","385","First Time","Dice"
"CUST000491","55+","Male","NJ","USA","135","First Time","Dice"
"CUST000492","25-34","Prefer not to say","OH","USA","274","Second Time","Dice"
"CUST000493","45-54","Male","DE","USA","105","First Time","Ticketmaster"
"CUST000494","18-24","Female","NY","USA","200","Returning (3+)","Dice"
"CUST000495","25-34","Non-Binary","NY","USA","255","Returning (3+)","Festival Website"
"CUST000496","45-54","Non-Binary","CA","USA","2935","First Time","Ticketmaster"
"CUST000497","35-44","Prefer not to say","NJ","USA","152","Second Time","SeatGeek"
"CUST000498","35-44","Female","NJ","USA","168","Returning (3+)","Ticketmaster"
"CUST000499","45-54","Male","CT","USA","336","Second Time","SeatGeek"
"CUST000500","45-54","Female","CT","USA","287","First Time","Festival Website"
"CUST000501","18-24","Prefer not to say","NY","USA","285","Second Time","Eventbrite"
"CUST000502","18-24","Prefer not to say","MA","USA","363","Second Time","Dice"
"CUST000503","25-34","Male","SC","USA","570","Second Time","SeatGeek"
"CUST000504","55+","Non-Binary","NY","USA","228","Second Time","SeatGeek"
"CUST000505","25-34","Female","NC","USA","352","Second Time","Festival Website"
"CUST000506","35-44","Prefer not to say","RI","USA","362","Second Time","Festival Website"
"CUST000507","25-34","Non-Binary","VA","USA","165","First Time","StubHub"
"CUST000508","18-24","Female","NY","USA","253","Returning (3+)","SeatGeek"
"CUST000509","55+","Non-Binary","CA","USA","2689","Returning (3+)","StubHub"
"CUST000510","25-34","Male","CT","USA","273","Returning (3+)","StubHub"
"CUST000511","55+","Prefer not to say","TX","USA","1765","Second Time","Eventbrite"
"CUST000512","45-54","Prefer not to say","SC","USA","586","First Time","StubHub"
"CUST000513","35-44","Non-Binary","PA","USA","140","Second Time","Festival Website"
"CUST000514","18-24","Prefer not to say","FL","USA","847","First Time","SeatGeek"
"CUST000515","35-44","Male","NY","USA","202","First Time","Dice"
"CUST000516","25-34","Non-Binary","NY","USA","179","Second Time","Eventbrite"
"CUST000517","55+","Non-Binary","NY","USA","232","First Time","Eventbrite"
"CUST000518","25-34","Prefer not to say","IL","USA","718","Returning (3+)","Dice"
"CUST000519","35-44","Female","OH","USA","293","Second Time","Dice"
"CUST000520","45-54","Male","NJ","USA","147","Second Time","Festival Website"
"CUST000521","25-34","Female","IL","USA","650","Second Time","SeatGeek"
"CUST000522","55+","Non-Binary","GA","USA","618","Returning (3+)","Festival Website"
"CUST000523","18-24","Female","PA","USA","137","Second Time","Eventbrite"
"CUST000524","45-54","Male","NJ","USA","104","First Time","Dice"
"CUST000525","45-54","Female","DE","USA","159","First Time","Festival Website"
"CUST000526","55+","Male","DE","USA","126","First Time","Ticketmaster"
"CUST000527","45-54","Prefer not to say","TX","USA","1718","Returning (3+)","Festival Website"
"CUST000528","45-54","Male","NJ","USA","112","Second Time","Eventbrite"
"CUST000529","35-44","Prefer not to say","NC","USA","312","Returning (3+)","Eventbrite"
"CUST000530","25-34","Non-Binary","SC","USA","600","Returning (3+)","StubHub"
"CUST000531","35-44","Prefer not to say","CA","USA","2616","First Time","Dice"
"CUST000532","45-54","Female","NJ","USA","138","Returning (3+)","SeatGeek"
"CUST000533","55+","Female","CA","USA","2956","First Time","SeatGeek"
"CUST000534","25-34","Prefer not to say","FL","USA","891","Returning (3+)","Festival Website"
"CUST000535","45-54","Prefer not to say","PA","USA","139","First Time","Festival Website"
"CUST000536","25-34","Prefer not to say","CT","USA","327","Returning (3+)","StubHub"
"CUST000537","35-44","Non-Binary","DE","USA","138","First Time","Dice"
"CUST000538","18-24","Male","VA","USA","245","First Time","SeatGeek"
"CUST000539","18-24","Prefer not to say","DE","USA","145","Returning (3+)","StubHub"
"CUST000540","25-34","Male","CA","USA","2691","Returning (3+)","Eventbrite"
"CUST000541","55+","Male","NY","USA","231","First Time","Dice"
"CUST000542","45-54","Female","NY","USA","206","Returning (3+)","Dice"
"CUST000543","18-24","Male","FL","USA","837","Second Time","Ticketmaster"
"CUST000544","45-54","Male","PA","USA","69","First Time","StubHub"
"CUST000545","35-44","Male","MD","USA","86","Returning (3+)","Dice"
"CUST000546","18-24","Female","MI","USA","514","First Time","StubHub"
"CUST000547","45-54","Female","DE","USA","111","Second Time","Dice"
"CUST000548","25-34","Male","FL","USA","880","Returning (3+)","SeatGeek"
"CUST000549","18-24","Female","MI","USA","494","Returning (3+)","Dice"
"CUST000550","25-34","Non-Binary","MI","USA","433","First Time","SeatGeek"
"CUST000551","55+","Non-Binary","NJ","USA","130","Second Time","StubHub"
"CUST000552","55+","Non-Binary","MA","USA","356","Returning (3+)","SeatGeek"
"CUST000553","35-44","Female","MD","USA","118","Returning (3+)","Dice"
"CUST000554","18-24","Non-Binary","PA","USA","15","Returning (3+)","Eventbrite"
"CUST000555","18-24","Non-Binary","NY","USA","155","First Time","Dice"
"CUST000556","55+","Female","NJ","USA","158","Second Time","Eventbrite"
"CUST000557","25-34","Non-Binary","TX","USA","1778","Returning (3+)","Dice"
"CUST000558","25-34","Prefer not to say","NC","USA","366","First Time","Ticketmaster"
"CUST000559","18-24","Female","IL","USA","668","Returning (3+)","Ticketmaster"
"CUST000560","18-24","Non-Binary","VA","USA","237","First Time","Dice"
"CUST000561","45-54","Female","NJ","USA","187","Second Time","Eventbrite"
"CUST000562","25-34","Female","NY","USA","216","First Time","SeatGeek"
"CUST000563","25-34","Prefer not to say","IL","USA","621","First Time","StubHub"
"CUST000564","18-24","Non-Binary","DE","USA","150","Returning (3+)","StubHub"
"CUST000565","25-34","Prefer not to say","RI","USA","398","First Time","Festival Website"
"CUST000566","45-54","Non-Binary","NY","USA","224","Second Time","Festival Website"
"CUST000567","35-44","Prefer not to say","RI","USA","352","First Time","Dice"
"CUST000568","35-44","Non-Binary","IL","USA","633","Returning (3+)","Dice"
"CUST000569","25-34","Male","PA","USA","69","Second Time","Ticketmaster"
"CUST000570","18-24","Non-Binary","GA","USA","669","Returning (3+)","Eventbrite"
"CUST000571","25-34","Non-Binary","MD","USA","151","First Time","Festival Website"
"CUST000572","25-34","Non-Binary","IL","USA","758","Returning (3+)","Dice"
"CUST000573","55+","Male","OH","USA","357","Returning (3+)","StubHub"
"CUST000574","18-24","Prefer not to say","MD","USA","57","Returning (3+)","Eventbrite"
"CUST000575","25-34","Prefer not to say","VA","USA","321","First Time","Festival Website"
"CUST000576","18-24","Prefer not to say","MD","USA","192","Second Time","Ticketmaster"
"CUST000577","55+","Female","MI","USA","412","Second Time","StubHub"
"CUST000578","18-24","Prefer not to say","DE","USA","132","Returning (3+)","StubHub"
"CUST000579","55+","Non-Binary","IL","USA","736","Returning (3+)","Dice"
"CUST000580","35-44","Female","NY","USA","269","First Time","Dice"
"CUST000581","55+","Prefer not to say","NY","USA","279","Second Time","Ticketmaster"
"CUST000582","25-34","Male","MD","USA","151","Returning (3+)","Ticketmaster"
"CUST000583","45-54","Non-Binary","NC","USA","341","Second Time","SeatGeek"
"CUST000584","55+","Male","MD","USA","130","Returning (3+)","Ticketmaster"
"CUST000585","25-34","Prefer not to say","CA","USA","2517","Returning (3+)","Festival Website"
"CUST000586","18-24","Prefer not to say","MD","USA","140","First Time","Eventbrite"
"CUST000587","35-44","Prefer not to say","DE","USA","196","Returning (3+)","Festival Website"
"CUST000588","18-24","Female","NJ","USA","203","Returning (3+)","Dice"
"CUST000589","45-54","Prefer not to say","RI","USA","356","First Time","Ticketmaster"
"CUST000590","18-24","Male","PA","USA","64","First Time","Dice"
"CUST000591","35-44","Non-Binary","VA","USA","210","First Time","Eventbrite"
"CUST000592","18-24","Female","GA","USA","701","Second Time","Ticketmaster"
"CUST000593","25-34","Prefer not to say","MI","USA","561","Second Time","Ticketmaster"
"CUST000594","45-54","Non-Binary","NY","USA","238","Second Time","StubHub"
"CUST000595","55+","Female","MI","USA","477","First Time","SeatGeek"
"CUST000596","35-44","Female","GA","USA","637","Second Time","Festival Website"
"CUST000597","45-54","Non-Binary","NY","USA","199","First Time","StubHub"
"CUST000598","35-44","Male","MA","USA","368","First Time","Eventbrite"
"CUST000599","35-44","Non-Binary","CT","USA","286","Returning (3+)","Dice"
"CUST000600","18-24","Non-Binary","TX","USA","1515","Second Time","Dice"
"CUST000601","55+","Female","NY","USA","290","Second Time","StubHub"
"CUST000602","18-24","Male","MA","USA","324","First Time","Dice"
"CUST000603","18-24","Non-Binary","SC","USA","565","Returning (3+)","StubHub"
"CUST000604","45-54","Female","MA","USA","342","First Time","Festival Website"
"CUST000605","35-44","Female","IL","USA","663","First Time","SeatGeek"
"CUST000606","25-34","Non-Binary","NC","USA","416","Returning (3+)","StubHub"
"CUST000607","35-44","Prefer not to say","MI","USA","467","Returning (3+)","Dice"
"CUST000608","55+","Non-Binary","CA","USA","2628","First Time","Eventbrite"
"CUST000609","18-24","Prefer not to say","PA","USA","123","Returning (3+)","SeatGeek"
"CUST000610","35-44","Prefer not to say","GA","USA","716","First Time","Eventbrite"
"CUST000611","45-54","Prefer not to say","DE","USA","145","First Time","StubHub"
"CUST000612","45-54","Male","NJ","USA","125","Second Time","SeatGeek"
"CUST000613","35-44","Male","CA","USA","2825","Returning (3+)","Eventbrite"
"CUST000614","35-44","Prefer not to say","CT","USA","335","Second Time","SeatGeek"
"CUST000615","35-44","Non-Binary","MI","USA","496","Returning (3+)","Eventbrite"
"CUST000616","25-34","Female","MA","USA","318","Returning (3+)","Festival Website"
"CUST000617","45-54","Non-Binary","IL","USA","716","Returning (3+)","Dice"
"CUST000618","35-44","Non-Binary","RI","USA","371","First Time","SeatGeek"
"CUST000619","18-24","Prefer not to say","CA","USA","2967","Second Time","Ticketmaster"
"CUST000620","25-34","Prefer not to say","NY","USA","199","Returning (3+)","SeatGeek"
"CUST000621","45-54","Non-Binary","NY","USA","242","Second Time","Festival Website"
"CUST000622","25-34","Non-Binary","CA","USA","2927","First Time","SeatGeek"
"CUST000623","45-54","Prefer not to say","MD","USA","129","First Time","Ticketmaster"
"CUST000624","45-54","Non-Binary","PA","USA","145","Second Time","SeatGeek"
"CUST000625","45-54","Male","CT","USA","263","First Time","Ticketmaster"
"CUST000626","45-54","Prefer not to say","DE","USA","179","First Time","Eventbrite"
"CUST000627","45-54","Non-Binary","CT","USA","300","First Time","Ticketmaster"
"CUST000628","25-34","Female","NY","USA","277","First Time","SeatGeek"
"CUST000629","55+","Non-Binary","NY","USA","171","Second Time","StubHub"
"CUST000630","18-24","Female","CT","USA","291","First Time","Ticketmaster"
"CUST000631","35-44","Non-Binary","MD","USA","75","First Time","SeatGeek"
"CUST000632","45-54","Prefer not to say","CT","USA","324","First Time","StubHub"
"CUST000633","25-34","Male","PA","USA","52","Returning (3+)","Dice"
"CUST000634","25-34","Prefer not to say","NY","USA","263","First Time","Dice"
"CUST000635","18-24","Non-Binary","DE","USA","117","First Time","StubHub"
"CUST000636","25-34","Female","PA","USA","6","Second Time","StubHub"
"CUST000637","35-44","Prefer not to say","FL","USA","1184","Returning (3+)","Dice"
"CUST000638","45-54","Non-Binary","CA","USA","2968","Second Time","Ticketmaster"
"CUST000639","25-34","Female","FL","USA","950","Second Time","Eventbrite"
"CUST000640","45-54","Female","RI","USA","330","Second Time","Festival Website"
"CUST000641","25-34","Male","NC","USA","499","First Time","Festival Website"
"CUST000642","55+","Non-Binary","MI","USA","414","Returning (3+)","StubHub"
"CUST000643","25-34","Non-Binary","NJ","USA","162","Returning (3+)","Festival Website"
"CUST000644","18-24","Prefer not to say","MA","USA","363","First Time","SeatGeek"
"CUST000645","25-34","Prefer not to say","MD","USA","73","First Time","Dice"
"CUST000646","35-44","Female","PA","USA","65","Second Time","Ticketmaster"
"CUST000647","25-34","Prefer not to say","OH","USA","275","Returning (3+)","SeatGeek"
"CUST000648","45-54","Prefer not to say","NJ","USA","114","First Time","SeatGeek"
"CUST000649","25-34","Male","OH","USA","333","First Time","Ticketmaster"
"CUST000650","35-44","Prefer not to say","TX","USA","1551","First Time","StubHub"
"CUST000651","25-34","Non-Binary","IL","USA","642","First Time","Festival Website"
"CUST000652","55+","Female","PA","USA","40","Returning (3+)","Festival Website"
"CUST000653","35-44","Non-Binary","NC","USA","385","Second Time","Festival Website"
"CUST000654","25-34","Male","OH","USA","265","First Time","Eventbrite"
"CUST000655","35-44","Male","NY","USA","164","Second Time","Ticketmaster"
"CUST000656","55+","Female","GA","USA","747","Second Time","Eventbrite"
"CUST000657","55+","Prefer not to say","MD","USA","67","First Time","Ticketmaster"
"CUST000658","18-24","Prefer not to say","FL","USA","986","Second Time","Eventbrite"
"CUST000659","25-34","Male","NY","USA","159","First Time","Eventbrite"
"CUST000660","25-34","Prefer not to say","PA","USA","12","First Time","Eventbrite"
"CUST000661","35-44","Prefer not to say","PA","USA","22","First Time","SeatGeek"
"CUST000662","18-24","Female","NY","USA","164","Second Time","Eventbrite"
"CUST000663","45-54","Female","OH","USA","399","Second Time","StubHub"
"CUST000664","25-34","Prefer not to say","FL","USA","1147","Returning (3+)","SeatGeek"
"CUST000665","25-34","Male","FL","USA","989","Second Time","Ticketmaster"
"CUST000666","25-34","Prefer not to say","MI","USA","439","Returning (3+)","StubHub"
"CUST000667","55+","Prefer not to say","CA","USA","2754","Second Time","Festival Website"
"CUST000668","45-54","Non-Binary","TX","USA","1733","First Time","Festival Website"
"CUST000669","55+","Prefer not to say","PA","USA","17","First Time","Eventbrite"
"CUST000670","55+","Male","NJ","USA","186","First Time","SeatGeek"
"CUST000671","45-54","Prefer not to say","MI","USA","525","First Time","SeatGeek"
"CUST000672","55+","Non-Binary","GA","USA","708","Second Time","Festival Website"
"CUST000673","55+","Female","NC","USA","493","First Time","StubHub"
"CUST000674","55+","Prefer not to say","CA","USA","2717","First Time","SeatGeek"
"CUST000675","55+","Prefer not to say","NY","USA","219","Returning (3+)","StubHub"
"CUST000676","25-34","Male","VA","USA","295","Returning (3+)","SeatGeek"
"CUST000677","18-24","Female","MD","USA","160","Second Time","StubHub"
"CUST000678","25-34","Prefer not to say","CA","USA","2892","Second Time","Festival Website"
"CUST000679","55+","Non-Binary","NJ","USA","212","Returning (3+)","Dice"
"CUST000680","18-24","Male","FL","USA","912","Returning (3+)","Festival Website"
"CUST000681","18-24","Prefer not to say","MD","USA","189","First Time","SeatGeek"
"CUST000682","55+","Male","VA","USA","258","Second Time","Dice"
"CUST000683","25-34","Male","SC","USA","456","Returning (3+)","Eventbrite"
"CUST000684","18-24","Non-Binary","NY","USA","279","Returning (3+)","Dice"
"CUST000685","25-34","Prefer not to say","IL","USA","648","Second Time","StubHub"
"CUST000686","45-54","Male","NY","USA","251","First Time","StubHub"
"CUST000687","55+","Non-Binary","NC","USA","329","First Time","StubHub"
"CUST000688","25-34","Non-Binary","VA","USA","229","Returning (3+)","Dice"
"CUST000689","45-54","Male","CT","USA","325","First Time","Festival Website"
"CUST000690","35-44","Male","NJ","USA","178","Returning (3+)","StubHub"
"CUST000691","45-54","Non-Binary","OH","USA","361","Second Time","Dice"
"CUST000692","18-24","Prefer not to say","RI","USA","358","Returning (3+)","Festival Website"
"CUST000693","55+","Prefer not to say","SC","USA","463","First Time","Eventbrite"
"CUST000694","45-54","Female","FL","USA","1069","Returning (3+)","Festival Website"
"CUST000695","25-34","Female","NJ","USA","154","Second Time","Festival Website"
"CUST000696","18-24","Prefer not to say","NY","USA","152","Second Time","StubHub"
"CUST000697","45-54","Female","NY","USA","187","Second Time","Eventbrite"
"CUST000698","25-34","Non-Binary","OH","USA","335","Returning (3+)","Festival Website"
"CUST000699","18-24","Female","IL","USA","741","First Time","StubHub"
"CUST000700","35-44","Female","CT","USA","269","Returning (3+)","Eventbrite"
"CUST000701","18-24","Male","TX","USA","1793","First Time","Festival Website"
"CUST000702","35-44","Prefer not to say","DE","USA","145","First Time","StubHub"
"CUST000703","18-24","Non-Binary","DE","USA","125","Returning (3+)","StubHub"
"CUST000704","35-44","Non-Binary","NC","USA","466","Returning (3+)","Ticketmaster"
"CUST000705","25-34","Non-Binary","NY","USA","169","Second Time","Eventbrite"
"CUST000706","35-44","Prefer not to say","IL","USA","628","First Time","Eventbrite"
"CUST000707","18-24","Female","DE","USA","191","Second Time","Festival Website"
"CUST000708","35-44","Prefer not to say","OH","USA","381","First Time","SeatGeek"
"CUST000709","25-34","Female","PA","USA","43","First Time","Ticketmaster"
"CUST000710","35-44","Male","CA","USA","2773","First Time","SeatGeek"
"CUST000711","25-34","Male","CT","USA","289","First Time","Eventbrite"
"CUST000712","25-34","Female","NY","USA","210","Second Time","Ticketmaster"
"CUST000713","45-54","Prefer not to say","CT","USA","265","Second Time","Festival Website"
"CUST000714","45-54","Male","MA","USA","356","Returning (3+)","Festival Website"
"CUST000715","35-44","Prefer not to say","OH","USA","346","Second Time","SeatGeek"
"CUST000716","18-24","Male","PA","USA","64","Returning (3+)","Ticketmaster"
"CUST000717","55+","Male","NJ","USA","233","Returning (3+)","Festival Website"
"CUST000718","45-54","Male","RI","USA","349","Returning (3+)","Dice"
"CUST000719","35-44","Male","PA","USA","51","Returning (3+)","StubHub"
"CUST000720","25-34","Female","NJ","USA","101","First Time","StubHub"
"CUST000721","55+","Non-Binary","FL","USA","910","Second Time","StubHub"
"CUST000722","25-34","Non-Binary","NY","USA","290","First Time","Ticketmaster"
"CUST000723","55+","Prefer not to say","MI","USA","572","Returning (3+)","Festival Website"
"CUST000724","55+","Male","FL","USA","931","First Time","Eventbrite"
"CUST000725","45-54","Prefer not to say","MA","USA","390","Second Time","Eventbrite"
"CUST000726","18-24","Female","CT","USA","267","First Time","Festival Website"
"CUST000727","45-54","Male","NJ","USA","134","First Time","Ticketmaster"
"CUST000728","55+","Female","TX","USA","1740","First Time","Ticketmaster"
"CUST000729","45-54","Prefer not to say","MI","USA","552","Returning (3+)","StubHub"
"CUST000730","18-24","Non-Binary","PA","USA","144","First Time","SeatGeek"
"CUST000731","25-34","Male","MA","USA","377","Returning (3+)","StubHub"
"CUST000732","55+","Prefer not to say","NJ","USA","129","Second Time","Dice"
"CUST000733","35-44","Female","SC","USA","476","Second Time","StubHub"
"CUST000734","25-34","Female","PA","USA","114","First Time","Eventbrite"
"CUST000735","18-24","Prefer not to say","PA","USA","3","First Time","StubHub"
"CUST000736","18-24","Prefer not to say","PA","USA","121","Second Time","SeatGeek"
"CUST000737","18-24","Prefer not to say","GA","USA","699","Returning (3+)","Ticketmaster"
"CUST000738","25-34","Female","CT","USA","284","Returning (3+)","SeatGeek"
"CUST000739","25-34","Male","CA","USA","2520","Second Time","SeatGeek"
"CUST000740","35-44","Female","PA","USA","72","Returning (3+)","Dice"
"CUST000741","25-34","Prefer not to say","TX","USA","1643","Second Time","SeatGeek"
"CUST000742","45-54","Non-Binary","OH","USA","361","Returning (3+)","SeatGeek"
"CUST000743","35-44","Male","DE","USA","101","First Time","Ticketmaster"
"CUST000744","55+","Male","NY","USA","214","First Time","Festival Website"
"CUST000745","18-24","Female","PA","USA","66","Second Time","Ticketmaster"
"CUST000746","45-54","Male","FL","USA","838","First Time","SeatGeek"
"CUST000747","35-44","Female","MI","USA","582","First Time","Festival Website"
"CUST000748","35-44","Male","CA","USA","2665","Returning (3+)","Dice"
"CUST000749","25-34","Prefer not to say","MD","USA","187","First Time","Dice"
"CUST000750","18-24","Prefer not to say","PA","USA","71","Returning (3+)","Ticketmaster"
"CUST000751","55+","Non-Binary","SC","USA","621","Returning (3+)","Ticketmaster"
"CUST000752","35-44","Prefer not to say","MD","USA","66","Returning (3+)","Eventbrite"
"CUST000753","45-54","Male","MD","USA","147","Returning (3+)","StubHub"
"CUST000754","25-34","Non-Binary","VA","USA","313","First Time","Dice"
"CUST000755","18-24","Prefer not to say","NJ","USA","163","Returning (3+)","Ticketmaster"
"CUST000756","25-34","Non-Binary","CT","USA","292","First Time","SeatGeek"
"CUST000757","55+","Non-Binary","FL","USA","1145","Returning (3+)","Dice"
"CUST000758","35-44","Prefer not to say","CA","USA","2531","Second Time","Dice"
"CUST000759","35-44","Female","IL","USA","647","Returning (3+)","Festival Website"
"CUST000760","45-54","Non-Binary","NC","USA","414","Returning (3+)","StubHub"
"CUST000761","55+","Male","DE","USA","119","Second Time","Eventbrite"
"CUST000762","25-34","Non-Binary","GA","USA","726","Second Time","SeatGeek"
"CUST000763","55+","Non-Binary","NY","USA","251","First Time","SeatGeek"
"CUST000764","18-24","Male","PA","USA","60","Second Time","Eventbrite"
"CUST000765","55+","Prefer not to say","NY","USA","269","First Time","Festival Website"
"CUST000766","55+","Non-Binary","PA","USA","125","First Time","StubHub"
"CUST000767","55+","Non-Binary","PA","USA","39","Returning (3+)","Eventbrite"
"CUST000768","45-54","Non-Binary","FL","USA","860","Second Time","Eventbrite"
"CUST000769","35-44","Female","NY","USA","154","First Time","Dice"
"CUST000770","45-54","Male","FL","USA","867","First Time","Festival Website"
"CUST000771","35-44","Prefer not to say","TX","USA","1445","Returning (3+)","Ticketmaster"
"CUST000772","35-44","Female","PA","USA","2","First Time","Festival Website"
"CUST000773","45-54","Male","NC","USA","390","Second Time","SeatGeek"
"CUST000774","45-54","Non-Binary","PA","USA","119","Second Time","Dice"
"CUST000775","55+","Female","CT","USA","313","Returning (3+)","SeatGeek"
"CUST000776","55+","Non-Binary","VA","USA","207","Second Time","Eventbrite"
"CUST000777","35-44","Non-Binary","IL","USA","668","Returning (3+)","Dice"
"CUST000778","25-34","Male","NJ","USA","171","Second Time","Eventbrite"
"CUST000779","35-44","Male","CA","USA","2715","First Time","SeatGeek"
"CUST000780","35-44","Female","VA","USA","344","Second Time","SeatGeek"
"CUST000781","25-34","Male","CT","USA","269","First Time","Dice"
"CUST000782","45-54","Prefer not to say","MD","USA","52","Second Time","Ticketmaster"
"CUST000783","35-44","Female","OH","USA","336","Returning (3+)","SeatGeek"
"CUST000784","25-34","Female","MI","USA","422","Second Time","StubHub"
"CUST000785","35-44","Non-Binary","CT","USA","263","Returning (3+)","SeatGeek"
"CUST000786","35-44","Female","DE","USA","135","Second Time","Eventbrite"
"CUST000787","35-44","Male","NY","USA","161","Returning (3+)","SeatGeek"
"CUST000788","55+","Female","SC","USA","569","Returning (3+)","SeatGeek"
"CUST000789","35-44","Prefer not to say","NJ","USA","229","Second Time","Dice"
"CUST000790","35-44","Female","GA","USA","655","Returning (3+)","SeatGeek"
"CUST000791","45-54","Female","CA","USA","2543","Second Time","Festival Website"
"CUST000792","35-44","Non-Binary","FL","USA","1134","First Time","Eventbrite"
"CUST000793","25-34","Male","PA","USA","140","Returning (3+)","Dice"
"CUST000794","25-34","Non-Binary","NJ","USA","167","First Time","Festival Website"
"CUST000795","18-24","Prefer not to say","PA","USA","70","Second Time","SeatGeek"
"CUST000796","25-34","Male","GA","USA","783","First Time","Festival Website"
"CUST000797","55+","Female","NY","USA","183","Second Time","Eventbrite"
"CUST000798","25-34","Male","NC","USA","471","Returning (3+)","Dice"
"CUST000799","18-24","Non-Binary","IL","USA","668","Returning (3+)","Dice"
"CUST000800","45-54","Female","GA","USA","622","Returning (3+)","SeatGeek"
"CUST000801","25-34","Prefer not to say","GA","USA","775","Second Time","Dice"
"CUST000802","35-44","Male","MI","USA","429","Second Time","StubHub"
"CUST000803","25-34","Male","MA","USA","313","Returning (3+)","StubHub"
"CUST000804","45-54","Male","PA","USA","110","Second Time","Eventbrite"
"CUST000805","25-34","Prefer not to say","PA","USA","141","Returning (3+)","Festival Website"
"CUST000806","18-24","Male","PA","USA","142","First Time","Ticketmaster"
"CUST000807","55+","Prefer not to say","MI","USA","507","First Time","Ticketmaster"
"CUST000808","55+","Non-Binary","MD","USA","128","Second Time","SeatGeek"
"CUST000809","18-24","Female","MD","USA","185","First Time","Eventbrite"
"CUST000810","18-24","Female","MD","USA","124","First Time","Eventbrite"
"CUST000811","18-24","Female","NJ","USA","219","Returning (3+)","StubHub"
"CUST000812","55+","Non-Binary","VA","USA","336","First Time","Dice"
"CUST000813","55+","Female","MI","USA","472","Second Time","Eventbrite"
"CUST000814","45-54","Female","MA","USA","399","First Time","Dice"
"CUST000815","35-44","Prefer not to say","DE","USA","133","Returning (3+)","Eventbrite"
"CUST000816","35-44","Male","IL","USA","723","Returning (3+)","SeatGeek"
"CUST000817","18-24","Female","PA","USA","70","Second Time","SeatGeek"
"CUST000818","35-44","Female","MI","USA","559","First Time","Festival Website"
"CUST000819","18-24","Female","DE","USA","111","Returning (3+)","Dice"
"CUST000820","18-24","Male","VA","USA","202","Returning (3+)","Festival Website"
"CUST000821","18-24","Prefer not to say","MD","USA","53","Returning (3+)","Festival Website"
"CUST000822","35-44","Prefer not to say","CA","USA","2719","Second Time","Eventbrite"
"CUST000823","25-34","Prefer not to say","CA","USA","2941","Second Time","Festival Website"
"CUST000824","35-44","Male","CA","USA","2621","Second Time","Ticketmaster"
"CUST000825","45-54","Female","PA","USA","108","Returning (3+)","Ticketmaster"
"CUST000826","25-34","Non-Binary","NC","USA","336","Second Time","SeatGeek"
"CUST000827","25-34","Female","TX","USA","1771","Second Time","Dice"
"CUST000828","18-24","Female","SC","USA","574","Returning (3+)","SeatGeek"
"CUST000829","35-44","Non-Binary","MD","USA","137","Second Time","SeatGeek"
"CUST000830","18-24","Prefer not to say","FL","USA","1095","Second Time","Ticketmaster"
"CUST000831","55+","Prefer not to say","FL","USA","1197","Returning (3+)","StubHub"
"CUST000832","35-44","Female","PA","USA","25","First Time","StubHub"
"CUST000833","18-24","Non-Binary","IL","USA","745","First Time","Eventbrite"
"CUST000834","45-54","Female","PA","USA","118","Returning (3+)","Dice"
"CUST000835","55+","Female","FL","USA","1129","Returning (3+)","Ticketmaster"
"CUST000836","35-44","Male","CT","USA","326","Second Time","Ticketmaster"
"CUST000837","45-54","Female","NJ","USA","250","First Time","Ticketmaster"
"CUST000838","35-44","Female","NJ","USA","158","Returning (3+)","Festival Website"
"CUST000839","25-34","Female","TX","USA","1407","First Time","SeatGeek"
"CUST000840","55+","Non-Binary","FL","USA","919","Second Time","SeatGeek"
"CUST000841","25-34","Prefer not to say","NJ","USA","241","First Time","Dice"
"CUST000842","18-24","Male","NJ","USA","140","First Time","Dice"
"CUST000843","55+","Female","CA","USA","2947","First Time","StubHub"
"CUST000844","55+","Non-Binary","DE","USA","158","Second Time","Ticketmaster"
"CUST000845","45-54","Prefer not to say","MA","USA","396","Returning (3+)","StubHub"
"CUST000846","35-44","Female","RI","USA","382","Returning (3+)","StubHub"
"CUST000847","25-34","Female","NY","USA","156","First Time","Dice"
"CUST000848","45-54","Prefer not to say","SC","USA","612","First Time","SeatGeek"
"CUST000849","25-34","Female","NY","USA","210","First Time","Dice"
"CUST000850","45-54","Male","NC","USA","475","Returning (3+)","StubHub"
"CUST000851","25-34","Female","NJ","USA","248","Second Time","StubHub"
"CUST000852","55+","Male","NY","USA","252","First Time","Festival Website"
"CUST000853","45-54","Prefer not to say","SC","USA","649","Returning (3+)","StubHub"
"CUST000854","35-44","Prefer not to say","NJ","USA","197","Second Time","SeatGeek"
"CUST000855","18-24","Non-Binary","NJ","USA","148","Returning (3+)","Festival Website"
"CUST000856","18-24","Prefer not to say","NY","USA","167","First Time","Eventbrite"
"CUST000857","25-34","Prefer not to say","FL","USA","951","First Time","StubHub"
"CUST000858","35-44","Male","SC","USA","626","Second Time","Dice"
"CUST000859","45-54","Prefer not to say","PA","USA","39","First Time","StubHub"
"CUST000860","25-34","Male","PA","USA","7","Second Time","SeatGeek"
"CUST000861","55+","Prefer not to say","PA","USA","15","Second Time","Ticketmaster"
"CUST000862","25-34","Non-Binary","NY","USA","197","Second Time","Festival Website"
"CUST000863","35-44","Male","NY","USA","231","First Time","Dice"
"CUST000864","25-34","Male","IL","USA","628","Second Time","Festival Website"
"CUST000865","45-54","Non-Binary","IL","USA","746","First Time","SeatGeek"
"CUST000866","25-34","Non-Binary","NC","USA","398","Second Time","StubHub"
"CUST000867","45-54","Prefer not to say","OH","USA","400","Returning (3+)","StubHub"
"CUST000868","45-54","Male","PA","USA","125","Second Time","Festival Website"
"CUST000869","55+","Non-Binary","CT","USA","273","Returning (3+)","Festival Website"
"CUST000870","55+","Male","PA","USA","7","Second Time","StubHub"
"CUST000871","45-54","Prefer not to say","VA","USA","271","First Time","SeatGeek"
"CUST000872","18-24","Prefer not to say","SC","USA","620","Second Time","Eventbrite"
"CUST000873","35-44","Non-Binary","FL","USA","1160","First Time","StubHub"
"CUST000874","55+","Female","OH","USA","339","Second Time","Festival Website"
"CUST000875","18-24","Male","CT","USA","289","Second Time","Ticketmaster"
"CUST000876","25-34","Male","IL","USA","624","First Time","Eventbrite"
"CUST000877","45-54","Female","PA","USA","50","First Time","Ticketmaster"
"CUST000878","35-44","Non-Binary","NJ","USA","228","Second Time","Dice"
"CUST000879","25-34","Non-Binary","OH","USA","258","Second Time","Dice"
"CUST000880","25-34","Female","NY","USA","190","Returning (3+)","SeatGeek"
"CUST000881","45-54","Non-Binary","IL","USA","751","Returning (3+)","SeatGeek"
"CUST000882","18-24","Female","MD","USA","186","Returning (3+)","StubHub"
"CUST000883","18-24","Prefer not to say","PA","USA","120","First Time","SeatGeek"
"CUST000884","45-54","Female","NC","USA","466","First Time","Festival Website"
"CUST000885","55+","Male","NY","USA","298","First Time","Festival Website"
"CUST000886","45-54","Prefer not to say","PA","USA","73","Second Time","Festival Website"
"CUST000887","45-54","Non-Binary","IL","USA","699","Second Time","SeatGeek"
"CUST000888","45-54","Prefer not to say","NY","USA","211","Returning (3+)","Dice"
"CUST000889","35-44","Non-Binary","PA","USA","92","Second Time","StubHub"
"CUST000890","25-34","Non-Binary","DE","USA","118","Second Time","Festival Website"
"CUST000891","35-44","Prefer not to say","MA","USA","365","Returning (3+)","StubHub"
"CUST000892","55+","Male","GA","USA","789","Returning (3+)","Ticketmaster"
"CUST000893","25-34","Non-Binary","NY","USA","272","First Time","StubHub"
"CUST000894","18-24","Prefer not to say","NY","USA","182","Returning (3+)","StubHub"
"CUST000895","55+","Female","PA","USA","99","Second Time","Eventbrite"
"CUST000896","35-44","Male","GA","USA","733","Second Time","Festival Website"
"CUST000897","25-34","Non-Binary","GA","USA","773","Second Time","Dice"
"CUST000898","25-34","Male","CT","USA","290","Returning (3+)","Eventbrite"
"CUST000899","35-44","Male","CA","USA","2722","First Time","Eventbrite"
"CUST000900","45-54","Non-Binary","MI","USA","524","Second Time","Ticketmaster"
"CUST000901","18-24","Female","OH","USA","346","First Time","Festival Website"
"CUST000902","18-24","Prefer not to say","GA","USA","672","First Time","Ticketmaster"
"CUST000903","18-24","Male","DE","USA","132","First Time","Ticketmaster"
"CUST000904","25-34","Male","NC","USA","367","Second Time","Eventbrite"
"CUST000905","45-54","Female","NY","USA","229","Returning (3+)","Eventbrite"
"CUST000906","55+","Female","NC","USA","346","Second Time","Ticketmaster"
"CUST000907","18-24","Male","CA","USA","2866","Second Time","Eventbrite"
"CUST000908","18-24","Prefer not to say","FL","USA","954","Second Time","Festival Website"
"CUST000909","18-24","Male","VA","USA","223","Second Time","Ticketmaster"
"CUST000910","55+","Male","MD","USA","52","Returning (3+)","SeatGeek"
"CUST000911","55+","Female","NJ","USA","196","Second Time","StubHub"
"CUST000912","25-34","Male","MD","USA","63","Returning (3+)","Ticketmaster"
"CUST000913","35-44","Non-Binary","MI","USA","431","First Time","Dice"
"CUST000914","55+","Male","GA","USA","694","Returning (3+)","Eventbrite"
"CUST000915","45-54","Non-Binary","VA","USA","329","Returning (3+)","SeatGeek"
"CUST000916","55+","Male","TX","USA","1527","First Time","Dice"
"CUST000917","45-54","Male","TX","USA","1739","First Time","Festival Website"
"CUST000918","35-44","Non-Binary","GA","USA","655","Returning (3+)","Eventbrite"
"CUST000919","55+","Female","PA","USA","113","Second Time","StubHub"
"CUST000920","35-44","Male","CT","USA","257","Second Time","StubHub"
"CUST000921","25-34","Female","NY","USA","253","Second Time","SeatGeek"
"CUST000922","25-34","Prefer not to say","NJ","USA","115","Returning (3+)","StubHub"
"CUST000923","25-34","Female","PA","USA","86","Second Time","SeatGeek"
"CUST000924","55+","Non-Binary","MD","USA","188","First Time","Ticketmaster"
"CUST000925","18-24","Non-Binary","DE","USA","153","Returning (3+)","Dice"
"CUST000926","35-44","Male","CA","USA","2772","Returning (3+)","Ticketmaster"
"CUST000927","45-54","Male","PA","USA","71","Returning (3+)","Ticketmaster"
"CUST000928","18-24","Prefer not to say","PA","USA","25","Returning (3+)","StubHub"
"CUST000929","25-34","Female","MD","USA","129","Returning (3+)","Ticketmaster"
"CUST000930","45-54","Male","PA","USA","22","Second Time","Festival Website"
"CUST000931","18-24","Prefer not to say","NY","USA","227","Second Time","SeatGeek"
"CUST000932","18-24","Prefer not to say","GA","USA","659","First Time","StubHub"
"CUST000933","25-34","Male","FL","USA","1123","First Time","Ticketmaster"
"CUST000934","45-54","Female","DE","USA","140","First Time","Dice"
"CUST000935","35-44","Female","RI","USA","379","Returning (3+)","SeatGeek"
"CUST000936","25-34","Female","CT","USA","302","First Time","Ticketmaster"
"CUST000937","55+","Non-Binary","RI","USA","372","Returning (3+)","Festival Website"
"CUST000938","25-34","Non-Binary","NY","USA","256","Returning (3+)","StubHub"
"CUST000939","35-44","Prefer not to say","NY","USA","290","Second Time","StubHub"
"CUST000940","18-24","Female","NY","USA","201","Second Time","Ticketmaster"
"CUST000941","45-54","Male","PA","USA","139","First Time","Dice"
"CUST000942","35-44","Male","NY","USA","273","Returning (3+)","Dice"
"CUST000943","35-44","Prefer not to say","NY","USA","245","First Time","SeatGeek"
"CUST000944","35-44","Male","MI","USA","561","First Time","Festival Website"
"CUST000945","45-54","Male","MA","USA","324","Second Time","Ticketmaster"
"CUST000946","18-24","Non-Binary","PA","USA","73","Returning (3+)","Eventbrite"
"CUST000947","45-54","Female","OH","USA","360","Returning (3+)","StubHub"
"CUST000948","55+","Prefer not to say","PA","USA","128","Returning (3+)","SeatGeek"
"CUST000949","18-24","Prefer not to say","NY","USA","248","First Time","StubHub"
"CUST000950","35-44","Non-Binary","OH","USA","364","Returning (3+)","SeatGeek"
"CUST000951","35-44","Female","DE","USA","132","First Time","Ticketmaster"
"CUST000952","55+","Prefer not to say","PA","USA","101","Returning (3+)","Ticketmaster"
"CUST000953","35-44","Non-Binary","GA","USA","724","Second Time","Ticketmaster"
"CUST000954","35-44","Non-Binary","NY","USA","189","First Time","StubHub"
"CUST000955","35-44","Male","GA","USA","688","First Time","SeatGeek"
"CUST000956","18-24","Non-Binary","PA","USA","130","Returning (3+)","Dice"
"CUST000957","18-24","Male","IL","USA","657","First Time","SeatGeek"
"CUST000958","55+","Male","FL","USA","860","First Time","Eventbrite"
"CUST000959","35-44","Prefer not to say","PA","USA","86","Second Time","StubHub"
"CUST000960","55+","Prefer not to say","TX","USA","1552","Returning (3+)","StubHub"
"CUST000961","45-54","Female","PA","USA","128","First Time","StubHub"
"CUST000962","35-44","Prefer not to say","MD","USA","112","Returning (3+)","Ticketmaster"
"CUST000963","18-24","Non-Binary","PA","USA","110","First Time","StubHub"
"CUST000964","35-44","Female","MA","USA","313","Second Time","Festival Website"
"CUST000965","55+","Prefer not to say","CT","USA","298","Second Time","Dice"
"CUST000966","25-34","Non-Binary","PA","USA","51","First Time","StubHub"
"CUST000967","25-34","Prefer not to say","SC","USA","550","First Time","SeatGeek"
"CUST000968","18-24","Male","NY","USA","179","Returning (3+)","Festival Website"
"CUST000969","45-54","Non-Binary","DE","USA","110","Second Time","Ticketmaster"
"CUST000970","35-44","Male","TX","USA","1439","Second Time","Festival Website"
"CUST000971","45-54","Prefer not to say","RI","USA","382","First Time","StubHub"
"CUST000972","55+","Male","MI","USA","509","First Time","StubHub"
"CUST000973","55+","Prefer not to say","CA","USA","2537","Second Time","SeatGeek"
"CUST000974","55+","Non-Binary","SC","USA","623","First Time","Festival Website"
"CUST000975","55+","Male","MA","USA","392","First Time","SeatGeek"
"CUST000976","35-44","Non-Binary","FL","USA","908","First Time","Eventbrite"
"CUST000977","25-34","Male","NJ","USA","231","Returning (3+)","StubHub"
"CUST000978","35-44","Prefer not to say","SC","USA","638","Second Time","Festival Website"
"CUST000979","55+","Male","MA","USA","373","Second Time","StubHub"
"CUST000980","35-44","Prefer not to say","TX","USA","1793","Second Time","SeatGeek"
"CUST000981","35-44","Non-Binary","PA","USA","97","First Time","Eventbrite"
"CUST000982","25-34","Female","MD","USA","135","First Time","Eventbrite"
"CUST000983","25-34","Male","NJ","USA","153","Returning (3+)","StubHub"
"CUST000984","25-34","Male","MA","USA","366","First Time","StubHub"
"CUST000985","55+","Female","DE","USA","189","First Time","Eventbrite"
"CUST000986","35-44","Male","PA","USA","75","Returning (3+)","Dice"
"CUST000987","25-34","Female","DE","USA","200","Returning (3+)","Festival Website"
"CUST000988","25-34","Prefer not to say","MD","USA","191","Returning (3+)","Festival Website"
"CUST000989","55+","Male","OH","USA","392","Second Time","Ticketmaster"
"CUST000990","55+","Non-Binary","FL","USA","973","First Time","Ticketmaster"
"CUST000991","55+","Non-Binary","FL","USA","910","Second Time","StubHub"
"CUST000992","25-34","Female","SC","USA","545","First Time","Festival Website"
"CUST000993","18-24","Non-Binary","NY","USA","184","First Time","Eventbrite"
"CUST000994","25-34","Female","PA","USA","32","Returning (3+)","Dice"
"CUST000995","55+","Female","CA","USA","2777","First Time","Ticketmaster"
"CUST000996","25-34","Female","DE","USA","132","First Time","Festival Website"
"CUST000997","45-54","Prefer not to say","NY","USA","223","Returning (3+)","Dice"
"CUST000998","25-34","Female","SC","USA","502","Returning (3+)","Dice"
"CUST000999","35-44","Female","PA","USA","136","Returning (3+)","Eventbrite"
"CUST001000","25-34","Male","RI","USA","334","First Time","Dice"
"CUST001001","35-44","Non-Binary","CA","USA","2641","Returning (3+)","Dice"
"CUST001002","25-34","Female","SC","USA","510","Second Time","Eventbrite"
"CUST001003","55+","Prefer not to say","NY","USA","279","Second Time","Ticketmaster"
"CUST001004","55+","Prefer not to say","TX","USA","1625","First Time","Festival Website"
"CUST001005","35-44","Prefer not to say","PA","USA","83","Second Time","SeatGeek"
"CUST001006","25-34","Female","CT","USA","315","First Time","Ticketmaster"
"CUST001007","18-24","Prefer not to say","MI","USA","537","Returning (3+)","Ticketmaster"
"CUST001008","18-24","Prefer not to say","CA","USA","2690","Second Time","SeatGeek"
"CUST001009","55+","Female","MI","USA","400","Returning (3+)","SeatGeek"
"CUST001010","18-24","Non-Binary","MD","USA","125","First Time","Dice"
"CUST001011","18-24","Non-Binary","MD","USA","111","Second Time","Festival Website"
"CUST001012","55+","Male","NY","USA","209","First Time","Ticketmaster"
"CUST001013","55+","Prefer not to say","GA","USA","726","Second Time","SeatGeek"
"CUST001014","55+","Male","IL","USA","653","Returning (3+)","SeatGeek"
"CUST001015","55+","Female","VA","USA","273","Second Time","Dice"
"CUST001016","45-54","Female","SC","USA","501","First Time","Festival Website"
"CUST001017","18-24","Female","IL","USA","677","Returning (3+)","StubHub"
"CUST001018","55+","Non-Binary","VA","USA","232","Returning (3+)","Dice"
"CUST001019","18-24","Non-Binary","FL","USA","1167","Returning (3+)","Festival Website"
"CUST001020","55+","Non-Binary","NY","USA","272","Second Time","SeatGeek"
"CUST001021","25-34","Female","MD","USA","149","First Time","Eventbrite"
"CUST001022","25-34","Male","VA","USA","336","First Time","Festival Website"
"CUST001023","45-54","Female","CA","USA","2701","Returning (3+)","Festival Website"
"CUST001024","35-44","Non-Binary","DE","USA","117","Second Time","SeatGeek"
"CUST001025","45-54","Prefer not to say","MA","USA","315","First Time","Ticketmaster"
"CUST001026","45-54","Non-Binary","NJ","USA","133","Second Time","Dice"
"CUST001027","18-24","Male","IL","USA","747","First Time","Eventbrite"
"CUST001028","25-34","Prefer not to say","OH","USA","266","Returning (3+)","StubHub"
"CUST001029","55+","Male","VA","USA","337","First Time","StubHub"
"CUST001030","18-24","Non-Binary","PA","USA","98","Second Time","SeatGeek"
"CUST001031","25-34","Male","VA","USA","176","Returning (3+)","SeatGeek"
"CUST001032","35-44","Female","NY","USA","272","First Time","Ticketmaster"
"CUST001033","55+","Male","PA","USA","70","Returning (3+)","Eventbrite"
"CUST001034","45-54","Male","SC","USA","491","Returning (3+)","Ticketmaster"
"CUST001035","45-54","Prefer not to say","NC","USA","411","Second Time","Dice"
"CUST001036","18-24","Prefer not to say","MI","USA","566","Returning (3+)","StubHub"
"CUST001037","18-24","Prefer not to say","NY","USA","223","Returning (3+)","Eventbrite"
"CUST001038","55+","Prefer not to say","NY","USA","211","Returning (3+)","SeatGeek"
"CUST001039","45-54","Female","RI","USA","364","First Time","Festival Website"
"CUST001040","25-34","Female","MA","USA","384","First Time","StubHub"
"CUST001041","18-24","Male","RI","USA","393","Returning (3+)","SeatGeek"
"CUST001042","35-44","Male","MD","USA","156","First Time","Dice"
"CUST001043","35-44","Non-Binary","MA","USA","332","Returning (3+)","Festival Website"
"CUST001044","55+","Female","CT","USA","254","First Time","SeatGeek"
"CUST001045","18-24","Male","NY","USA","228","First Time","SeatGeek"
"CUST001046","35-44","Male","FL","USA","1062","First Time","Dice"
"CUST001047","45-54","Non-Binary","TX","USA","1710","Second Time","Eventbrite"
"CUST001048","45-54","Male","MI","USA","538","Returning (3+)","Dice"
"CUST001049","18-24","Non-Binary","NJ","USA","140","First Time","StubHub"
"CUST001050","25-34","Prefer not to say","NY","USA","199","Second Time","Festival Website"
"CUST001051","45-54","Prefer not to say","FL","USA","1089","Second Time","Dice"
"CUST001052","18-24","Prefer not to say","MA","USA","350","Returning (3+)","StubHub"
"CUST001053","45-54","Non-Binary","DE","USA","150","First Time","SeatGeek"
"CUST001054","25-34","Non-Binary","NC","USA","362","Returning (3+)","StubHub"
"CUST001055","35-44","Male","VA","USA","306","First Time","Festival Website"
"CUST001056","25-34","Male","NJ","USA","174","Returning (3+)","Eventbrite"
"CUST001057","55+","Non-Binary","NY","USA","161","Returning (3+)","SeatGeek"
"CUST001058","55+","Female","IL","USA","762","Second Time","Dice"
"CUST001059","35-44","Male","SC","USA","558","First Time","Festival Website"
"CUST001060","25-34","Prefer not to say","FL","USA","1184","First Time","StubHub"
"CUST001061","55+","Female","RI","USA","347","First Time","StubHub"
"CUST001062","55+","Male","NJ","USA","180","Returning (3+)","Festival Website"
"CUST001063","35-44","Prefer not to say","NJ","USA","166","Second Time","Eventbrite"
"CUST001064","35-44","Non-Binary","NY","USA","186","First Time","Eventbrite"
"CUST001065","25-34","Female","MA","USA","327","Returning (3+)","StubHub"
"CUST001066","18-24","Male","PA","USA","99","Returning (3+)","StubHub"
"CUST001067","35-44","Female","GA","USA","674","First Time","Eventbrite"
"CUST001068","18-24","Non-Binary","TX","USA","1527","Second Time","Eventbrite"
"CUST001069","35-44","Female","MI","USA","547","First Time","Eventbrite"
"CUST001070","45-54","Male","IL","USA","604","Second Time","Festival Website"
"CUST001071","45-54","Prefer not to say","PA","USA","32","Second Time","StubHub"
"CUST001072","18-24","Non-Binary","PA","USA","87","First Time","StubHub"
"CUST001073","55+","Female","MD","USA","67","Second Time","StubHub"
"CUST001074","18-24","Female","NC","USA","387","Second Time","Ticketmaster"
"CUST001075","25-34","Non-Binary","FL","USA","1179","Second Time","StubHub"
"CUST001076","25-34","Prefer not to say","NY","USA","220","First Time","Festival Website"
"CUST001077","35-44","Male","OH","USA","376","Second Time","Ticketmaster"
"CUST001078","55+","Non-Binary","TX","USA","1785","Second Time","Dice"
"CUST001079","45-54","Prefer not to say","IL","USA","640","Returning (3+)","Festival Website"
"CUST001080","45-54","Non-Binary","FL","USA","1010","Second Time","SeatGeek"
"CUST001081","25-34","Female","PA","USA","72","Second Time","SeatGeek"
"CUST001082","35-44","Female","OH","USA","276","First Time","StubHub"
"CUST001083","55+","Prefer not to say","MA","USA","388","First Time","SeatGeek"
"CUST001084","25-34","Female","MD","USA","54","Returning (3+)","Eventbrite"
"CUST001085","25-34","Prefer not to say","OH","USA","306","Returning (3+)","SeatGeek"
"CUST001086","18-24","Female","MA","USA","351","Second Time","Festival Website"
"CUST001087","25-34","Prefer not to say","PA","USA","139","Returning (3+)","Ticketmaster"
"CUST001088","18-24","Prefer not to say","OH","USA","330","First Time","Festival Website"
"CUST001089","55+","Non-Binary","NY","USA","201","First Time","Ticketmaster"
"CUST001090","18-24","Male","NJ","USA","154","Returning (3+)","StubHub"
"CUST001091","18-24","Non-Binary","NC","USA","436","Returning (3+)","Eventbrite"
"CUST001092","25-34","Male","PA","USA","108","First Time","Eventbrite"
"CUST001093","25-34","Prefer not to say","OH","USA","287","First Time","SeatGeek"
"CUST001094","25-34","Prefer not to say","NJ","USA","244","First Time","Ticketmaster"
"CUST001095","18-24","Female","NY","USA","213","Second Time","Festival Website"
"CUST001096","55+","Female","PA","USA","49","Returning (3+)","Ticketmaster"
"CUST001097","45-54","Non-Binary","NJ","USA","236","Returning (3+)","Ticketmaster"
"CUST001098","35-44","Non-Binary","FL","USA","1070","First Time","SeatGeek"
"CUST001099","35-44","Male","PA","USA","104","Second Time","Eventbrite"
"CUST001100","35-44","Non-Binary","CT","USA","338","Returning (3+)","Festival Website"
"CUST001101","25-34","Non-Binary","CT","USA","289","Returning (3+)","Ticketmaster"
"CUST001102","25-34","Non-Binary","MI","USA","400","Second Time","Ticketmaster"
"CUST001103","45-54","Female","NJ","USA","139","First Time","SeatGeek"
"CUST001104","55+","Prefer not to say","FL","USA","836","First Time","Dice"
"CUST001105","45-54","Male","NY","USA","223","Returning (3+)","SeatGeek"
"CUST001106","18-24","Male","PA","USA","134","First Time","StubHub"
"CUST001107","18-24","Non-Binary","PA","USA","15","Second Time","Eventbrite"
"CUST001108","35-44","Prefer not to say","NY","USA","243","Returning (3+)","Ticketmaster"
"CUST001109","35-44","Male","CA","USA","2837","Second Time","StubHub"
"CUST001110","25-34","Male","CT","USA","303","Returning (3+)","Dice"
"CUST001111","45-54","Female","MD","USA","140","Returning (3+)","Eventbrite"
"CUST001112","45-54","Female","FL","USA","1041","Returning (3+)","SeatGeek"
"CUST001113","55+","Male","NC","USA","349","Returning (3+)","SeatGeek"
"CUST001114","45-54","Non-Binary","PA","USA","30","Returning (3+)","Dice"
"CUST001115","55+","Prefer not to say","PA","USA","76","Second Time","Dice"
"CUST001116","25-34","Non-Binary","MI","USA","538","Second Time","Eventbrite"
"CUST001117","18-24","Female","TX","USA","1480","First Time","Ticketmaster"
"CUST001118","45-54","Non-Binary","PA","USA","38","Second Time","StubHub"
"CUST001119","25-34","Female","RI","USA","399","Returning (3+)","Dice"
"CUST001120","35-44","Male","MD","USA","115","Returning (3+)","Festival Website"
"CUST001121","35-44","Non-Binary","NY","USA","153","Second Time","Ticketmaster"
"CUST001122","18-24","Prefer not to say","RI","USA","308","First Time","StubHub"
"CUST001123","35-44","Prefer not to say","SC","USA","474","Returning (3+)","Festival Website"
"CUST001124","35-44","Non-Binary","RI","USA","303","First Time","Festival Website"
"CUST001125","18-24","Prefer not to say","TX","USA","1658","First Time","SeatGeek"
"CUST001126","55+","Female","OH","USA","320","Returning (3+)","Dice"
"CUST001127","55+","Prefer not to say","NJ","USA","180","Second Time","Dice"
"CUST001128","55+","Non-Binary","MD","USA","127","First Time","Eventbrite"
"CUST001129","55+","Non-Binary","MD","USA","129","Returning (3+)","StubHub"
"CUST001130","45-54","Prefer not to say","PA","USA","142","First Time","Dice"
"CUST001131","35-44","Non-Binary","FL","USA","969","Second Time","Eventbrite"
"CUST001132","25-34","Prefer not to say","MD","USA","138","First Time","Ticketmaster"
"CUST001133","55+","Female","NY","USA","284","First Time","SeatGeek"
"CUST001134","18-24","Female","CA","USA","2673","First Time","Dice"
"CUST001135","35-44","Female","FL","USA","916","Returning (3+)","Festival Website"
"CUST001136","35-44","Non-Binary","CT","USA","341","Returning (3+)","Ticketmaster"
"CUST001137","35-44","Female","PA","USA","26","First Time","StubHub"
"CUST001138","18-24","Female","OH","USA","319","Returning (3+)","Eventbrite"
"CUST001139","25-34","Prefer not to say","VA","USA","291","Second Time","SeatGeek"
"CUST001140","25-34","Non-Binary","DE","USA","187","Returning (3+)","Festival Website"
"CUST001141","18-24","Female","MD","USA","117","First Time","Dice"
"CUST001142","45-54","Prefer not to say","GA","USA","796","First Time","SeatGeek"
"CUST001143","35-44","Female","NJ","USA","191","First Time","Eventbrite"
"CUST001144","25-34","Prefer not to say","PA","USA","11","First Time","Festival Website"
"CUST001145","25-34","Male","MD","USA","178","Second Time","StubHub"
"CUST001146","45-54","Female","FL","USA","827","First Time","Eventbrite"
"CUST001147","35-44","Prefer not to say","NY","USA","291","Second Time","StubHub"
"CUST001148","45-54","Prefer not to say","MD","USA","140","Returning (3+)","Dice"
"CUST001149","55+","Non-Binary","IL","USA","793","Returning (3+)","SeatGeek"
"CUST001150","55+","Prefer not to say","PA","USA","146","First Time","Ticketmaster"
"CUST001151","18-24","Male","MD","USA","194","Second Time","SeatGeek"
"CUST001152","35-44","Female","CT","USA","308","Returning (3+)","Festival Website"
"CUST001153","35-44","Prefer not to say","IL","USA","748","First Time","Festival Website"
"CUST001154","55+","Prefer not to say","CA","USA","2572","Returning (3+)","Festival Website"
"CUST001155","18-24","Non-Binary","NJ","USA","244","Returning (3+)","Dice"
"CUST001156","18-24","Prefer not to say","NJ","USA","125","Returning (3+)","Dice"
"CUST001157","45-54","Prefer not to say","SC","USA","535","Returning (3+)","StubHub"
"CUST001158","55+","Non-Binary","PA","USA","101","Returning (3+)","Festival Website"
"CUST001159","45-54","Prefer not to say","CA","USA","2602","Second Time","Ticketmaster"
"CUST001160","55+","Male","RI","USA","371","Returning (3+)","SeatGeek"
"CUST001161","55+","Prefer not to say","OH","USA","269","Returning (3+)","Dice"
"CUST001162","55+","Female","MD","USA","194","First Time","StubHub"
"CUST001163","55+","Non-Binary","PA","USA","91","First Time","SeatGeek"
"CUST001164","35-44","Non-Binary","FL","USA","929","Second Time","SeatGeek"
"CUST001165","55+","Non-Binary","PA","USA","87","Returning (3+)","Ticketmaster"
"CUST001166","55+","Prefer not to say","PA","USA","40","First Time","Festival Website"
"CUST001167","25-34","Non-Binary","NY","USA","270","First Time","StubHub"
"CUST001168","55+","Non-Binary","RI","USA","385","Second Time","StubHub"
"CUST001169","18-24","Male","CT","USA","341","Returning (3+)","Eventbrite"
"CUST001170","55+","Female","IL","USA","673","Second Time","Eventbrite"
"CUST001171","35-44","Female","MI","USA","427","Returning (3+)","StubHub"
"CUST001172","18-24","Prefer not to say","NY","USA","197","First Time","Festival Website"
"CUST001173","25-34","Prefer not to say","FL","USA","899","First Time","Festival Website"
"CUST001174","18-24","Prefer not to say","OH","USA","390","Returning (3+)","SeatGeek"
"CUST001175","35-44","Female","TX","USA","1784","First Time","Eventbrite"
"CUST001176","45-54","Prefer not to say","PA","USA","33","First Time","Festival Website"
"CUST001177","45-54","Prefer not to say","PA","USA","117","First Time","Festival Website"
"CUST001178","55+","Female","VA","USA","221","Returning (3+)","Dice"
"CUST001179","55+","Prefer not to say","CA","USA","2576","Second Time","Festival Website"
"CUST001180","45-54","Male","RI","USA","321","Returning (3+)","Eventbrite"
"CUST001181","55+","Prefer not to say","MD","USA","167","First Time","SeatGeek"
"CUST001182","55+","Female","NY","USA","198","Returning (3+)","Eventbrite"
"CUST001183","35-44","Non-Binary","DE","USA","164","First Time","Dice"
"CUST001184","18-24","Prefer not to say","NY","USA","162","Returning (3+)","StubHub"
"CUST001185","55+","Non-Binary","OH","USA","363","Second Time","Ticketmaster"
"CUST001186","18-24","Female","VA","USA","314","Returning (3+)","Ticketmaster"
"CUST001187","25-34","Female","GA","USA","754","Second Time","SeatGeek"
"CUST001188","35-44","Female","CT","USA","346","Second Time","SeatGeek"
"CUST001189","18-24","Female","GA","USA","661","First Time","Dice"
"CUST001190","45-54","Female","FL","USA","1187","Second Time","Ticketmaster"
"CUST001191","55+","Male","OH","USA","369","Returning (3+)","SeatGeek"
"CUST001192","55+","Female","GA","USA","793","First Time","Dice"
"CUST001193","45-54","Male","FL","USA","850","Returning (3+)","Ticketmaster"
"CUST001194","25-34","Prefer not to say","SC","USA","647","First Time","Festival Website"
"CUST001195","55+","Male","TX","USA","1489","Returning (3+)","Dice"
"CUST001196","55+","Female","PA","USA","131","First Time","Ticketmaster"
"CUST001197","35-44","Prefer not to say","MI","USA","411","First Time","Dice"
"CUST001198","45-54","Prefer not to say","FL","USA","1069","First Time","Festival Website"
"CUST001199","18-24","Male","FL","USA","1153","Returning (3+)","Ticketmaster"
"CUST001200","18-24","Non-Binary","NY","USA","288","Second Time","Dice"
"CUST001201","25-34","Female","CA","USA","2610","Returning (3+)","SeatGeek"
"CUST001202","45-54","Male","MD","USA","107","Second Time","Ticketmaster"
"CUST001203","55+","Male","CA","USA","2842","Returning (3+)","SeatGeek"
"CUST001204","35-44","Prefer not to say","PA","USA","71","First Time","Dice"
"CUST001205","35-44","Non-Binary","CA","USA","2546","Second Time","Dice"
"CUST001206","45-54","Male","MD","USA","133","Returning (3+)","StubHub"
"CUST001207","25-34","Female","MD","USA","93","Returning (3+)","Ticketmaster"
"CUST001208","55+","Female","VA","USA","244","First Time","SeatGeek"
"CUST001209","55+","Female","NY","USA","296","First Time","SeatGeek"
"CUST001210","55+","Non-Binary","RI","USA","393","Returning (3+)","Dice"
"CUST001211","18-24","Male","IL","USA","752","Returning (3+)","Eventbrite"
"CUST001212","25-34","Female","MD","USA","84","First Time","Dice"
"CUST001213","45-54","Non-Binary","TX","USA","1537","Second Time","Festival Website"
"CUST001214","25-34","Non-Binary","MI","USA","566","First Time","Festival Website"
"CUST001215","25-34","Female","PA","USA","26","Returning (3+)","SeatGeek"
"CUST001216","25-34","Female","MA","USA","350","Returning (3+)","Ticketmaster"
"CUST001217","25-34","Male","PA","USA","52","First Time","Festival Website"
"CUST001218","35-44","Male","IL","USA","671","First Time","Festival Website"
"CUST001219","55+","Male","NY","USA","295","Second Time","Eventbrite"
"CUST001220","55+","Male","PA","USA","49","Second Time","SeatGeek"
"CUST001221","35-44","Female","TX","USA","1515","Second Time","StubHub"
"CUST001222","35-44","Female","NY","USA","204","Second Time","SeatGeek"
"CUST001223","35-44","Non-Binary","RI","USA","307","First Time","SeatGeek"
"CUST001224","18-24","Female","DE","USA","157","Second Time","Eventbrite"
"CUST001225","18-24","Male","PA","USA","29","Returning (3+)","StubHub"
"CUST001226","25-34","Female","NC","USA","356","Second Time","Dice"
"CUST001227","25-34","Female","PA","USA","52","Second Time","SeatGeek"
"CUST001228","25-34","Female","TX","USA","1468","First Time","Eventbrite"
"CUST001229","45-54","Prefer not to say","PA","USA","26","Returning (3+)","Festival Website"
"CUST001230","25-34","Non-Binary","MA","USA","372","Second Time","Eventbrite"
"CUST001231","18-24","Non-Binary","VA","USA","177","Second Time","Eventbrite"
"CUST001232","25-34","Female","NC","USA","397","Returning (3+)","StubHub"
"CUST001233","18-24","Non-Binary","PA","USA","131","Returning (3+)","Dice"
"CUST001234","55+","Male","RI","USA","339","Returning (3+)","SeatGeek"
"CUST001235","25-34","Non-Binary","CT","USA","281","Returning (3+)","Eventbrite"
"CUST001236","55+","Male","RI","USA","308","Second Time","SeatGeek"
"CUST001237","25-34","Male","MI","USA","548","Second Time","Ticketmaster"
"CUST001238","35-44","Male","MA","USA","341","Second Time","SeatGeek"
"CUST001239","45-54","Male","MI","USA","432","First Time","Eventbrite"
"CUST001240","18-24","Prefer not to say","PA","USA","74","Returning (3+)","Festival Website"
"CUST001241","18-24","Male","TX","USA","1583","Second Time","SeatGeek"
"CUST001242","45-54","Male","NJ","USA","126","First Time","Festival Website"
"CUST001243","25-34","Female","MA","USA","387","First Time","Dice"
"CUST001244","45-54","Non-Binary","IL","USA","755","Returning (3+)","SeatGeek"
"CUST001245","45-54","Non-Binary","NC","USA","331","First Time","Dice"
"CUST001246","35-44","Female","NJ","USA","189","Second Time","Ticketmaster"
"CUST001247","45-54","Male","TX","USA","1703","Second Time","Ticketmaster"
"CUST001248","18-24","Prefer not to say","SC","USA","584","Returning (3+)","Festival Website"
"CUST001249","55+","Female","PA","USA","1","Second Time","Dice"
"CUST001250","35-44","Non-Binary","TX","USA","1591","Second Time","Dice"
"CUST001251","55+","Prefer not to say","NJ","USA","224","Returning (3+)","Ticketmaster"
"CUST001252","18-24","Non-Binary","PA","USA","44","Second Time","Ticketmaster"
"CUST001253","45-54","Male","GA","USA","669","Second Time","Festival Website"
"CUST001254","35-44","Prefer not to say","VA","USA","222","Returning (3+)","SeatGeek"
"CUST001255","35-44","Male","CA","USA","2717","First Time","Ticketmaster"
"CUST001256","45-54","Male","OH","USA","345","Second Time","Festival Website"
"CUST001257","35-44","Female","DE","USA","109","Second Time","Eventbrite"
"CUST001258","35-44","Non-Binary","NJ","USA","118","First Time","Festival Website"
"CUST001259","35-44","Prefer not to say","NY","USA","213","Second Time","Ticketmaster"
"CUST001260","18-24","Prefer not to say","MD","USA","173","First Time","StubHub"
"CUST001261","55+","Female","GA","USA","758","Second Time","StubHub"
"CUST001262","35-44","Non-Binary","DE","USA","113","First Time","Dice"
"CUST001263","35-44","Prefer not to say","VA","USA","226","Returning (3+)","StubHub"
"CUST001264","45-54","Female","NJ","USA","232","Returning (3+)","Ticketmaster"
"CUST001265","45-54","Prefer not to say","SC","USA","566","Returning (3+)","Dice"
"CUST001266","35-44","Male","MD","USA","94","Second Time","Dice"
"CUST001267","35-44","Prefer not to say","PA","USA","54","Returning (3+)","Festival Website"
"CUST001268","45-54","Prefer not to say","CA","USA","2561","First Time","Eventbrite"
"CUST001269","55+","Prefer not to say","IL","USA","622","Returning (3+)","SeatGeek"
"CUST001270","45-54","Non-Binary","NC","USA","490","First Time","Ticketmaster"
"CUST001271","25-34","Prefer not to say","RI","USA","392","First Time","SeatGeek"
"CUST001272","45-54","Male","NY","USA","163","Returning (3+)","SeatGeek"
"CUST001273","55+","Male","MD","USA","73","Second Time","StubHub"
"CUST001274","35-44","Non-Binary","GA","USA","609","Returning (3+)","Festival Website"
"CUST001275","25-34","Prefer not to say","OH","USA","344","Returning (3+)","Eventbrite"
"CUST001276","25-34","Male","SC","USA","591","Second Time","Festival Website"
"CUST001277","35-44","Prefer not to say","OH","USA","353","Returning (3+)","Eventbrite"
"CUST001278","45-54","Prefer not to say","RI","USA","349","Returning (3+)","Dice"
"CUST001279","55+","Female","SC","USA","621","Second Time","Eventbrite"
"CUST001280","35-44","Male","NY","USA","270","First Time","Eventbrite"
"CUST001281","55+","Prefer not to say","NJ","USA","173","Returning (3+)","Eventbrite"
"CUST001282","45-54","Male","CA","USA","2980","Second Time","Eventbrite"
"CUST001283","18-24","Male","DE","USA","106","Second Time","Dice"
"CUST001284","25-34","Male","CT","USA","286","First Time","Eventbrite"
"CUST001285","18-24","Male","CA","USA","2682","Returning (3+)","Eventbrite"
"CUST001286","25-34","Male","VA","USA","191","Second Time","Festival Website"
"CUST001287","35-44","Prefer not to say","NJ","USA","210","Returning (3+)","StubHub"
"CUST001288","18-24","Male","NY","USA","272","Returning (3+)","SeatGeek"
"CUST001289","18-24","Male","PA","USA","146","Second Time","SeatGeek"
"CUST001290","55+","Non-Binary","NY","USA","216","Second Time","Ticketmaster"
"CUST001291","25-34","Male","NY","USA","196","Second Time","SeatGeek"
"CUST001292","35-44","Female","NJ","USA","173","Returning (3+)","Ticketmaster"
"CUST001293","45-54","Female","PA","USA","37","Second Time","Ticketmaster"
"CUST001294","45-54","Female","NC","USA","382","Returning (3+)","Ticketmaster"
"CUST001295","25-34","Prefer not to say","NC","USA","382","First Time","Festival Website"
"CUST001296","35-44","Male","FL","USA","877","Second Time","Eventbrite"
"CUST001297","45-54","Male","IL","USA","607","Second Time","Festival Website"
"CUST001298","55+","Female","PA","USA","113","First Time","Dice"
"CUST001299","45-54","Female","PA","USA","5","Returning (3+)","Festival Website"
"CUST001300","45-54","Female","NJ","USA","192","Returning (3+)","StubHub"
"CUST001301","18-24","Prefer not to say","MD","USA","165","Second Time","Festival Website"
"CUST001302","55+","Female","CA","USA","2720","Second Time","Dice"
"CUST001303","18-24","Male","NJ","USA","218","First Time","SeatGeek"
"CUST001304","18-24","Female","NY","USA","298","Second Time","StubHub"
"CUST001305","25-34","Prefer not to say","RI","USA","363","Second Time","Festival Website"
"CUST001306","25-34","Female","IL","USA","646","Returning (3+)","Ticketmaster"
"CUST001307","25-34","Male","NJ","USA","176","Returning (3+)","Dice"
"CUST001308","45-54","Male","FL","USA","1178","First Time","Dice"
"CUST001309","55+","Non-Binary","DE","USA","145","Returning (3+)","Dice"
"CUST001310","25-34","Non-Binary","CT","USA","279","Returning (3+)","Ticketmaster"
"CUST001311","18-24","Male","MA","USA","328","First Time","StubHub"
"CUST001312","55+","Female","NJ","USA","250","Returning (3+)","Dice"
"CUST001313","35-44","Non-Binary","NC","USA","374","Second Time","SeatGeek"
"CUST001314","25-34","Prefer not to say","MI","USA","426","First Time","Eventbrite"
"CUST001315","35-44","Non-Binary","TX","USA","1474","Second Time","Ticketmaster"
"CUST001316","45-54","Non-Binary","CT","USA","307","First Time","StubHub"
"CUST001317","55+","Prefer not to say","RI","USA","335","Second Time","Festival Website"
"CUST001318","25-34","Male","CA","USA","2538","First Time","Eventbrite"
"CUST001319","18-24","Non-Binary","IL","USA","634","First Time","SeatGeek"
"CUST001320","55+","Prefer not to say","FL","USA","823","Returning (3+)","Eventbrite"
"CUST001321","25-34","Non-Binary","SC","USA","588","First Time","SeatGeek"
"CUST001322","45-54","Prefer not to say","NC","USA","349","Second Time","SeatGeek"
"CUST001323","18-24","Female","CT","USA","342","Second Time","StubHub"
"CUST001324","18-24","Male","PA","USA","37","First Time","Dice"
"CUST001325","55+","Female","CA","USA","2984","Second Time","SeatGeek"
"CUST001326","45-54","Female","OH","USA","385","First Time","Eventbrite"
"CUST001327","18-24","Male","NY","USA","202","Second Time","Festival Website"
"CUST001328","25-34","Non-Binary","NY","USA","233","First Time","Eventbrite"
"CUST001329","45-54","Prefer not to say","NY","USA","276","Returning (3+)","SeatGeek"
"CUST001330","35-44","Male","PA","USA","22","Second Time","Eventbrite"
"CUST001331","18-24","Non-Binary","NY","USA","288","Second Time","SeatGeek"
"CUST001332","25-34","Prefer not to say","MD","USA","89","Returning (3+)","Festival Website"
"CUST001333","18-24","Prefer not to say","PA","USA","44","Second Time","Eventbrite"
"CUST001334","25-34","Female","TX","USA","1791","First Time","Eventbrite"
"CUST001335","35-44","Female","PA","USA","43","Returning (3+)","StubHub"
"CUST001336","45-54","Female","OH","USA","258","Returning (3+)","StubHub"
"CUST001337","45-54","Non-Binary","MD","USA","140","Second Time","StubHub"
"CUST001338","55+","Non-Binary","NY","USA","153","Second Time","StubHub"
"CUST001339","35-44","Female","NC","USA","464","First Time","Festival Website"
"CUST001340","25-34","Prefer not to say","NC","USA","316","First Time","Eventbrite"
"CUST001341","25-34","Prefer not to say","OH","USA","298","Second Time","Eventbrite"
"CUST001342","35-44","Male","VA","USA","164","Returning (3+)","Festival Website"
"CUST001343","35-44","Prefer not to say","PA","USA","107","Returning (3+)","Ticketmaster"
"CUST001344","18-24","Male","MA","USA","312","Returning (3+)","StubHub"
"CUST001345","35-44","Non-Binary","NY","USA","168","Returning (3+)","SeatGeek"
"CUST001346","55+","Female","NY","USA","292","First Time","Dice"
"CUST001347","18-24","Non-Binary","NJ","USA","216","Second Time","Eventbrite"
"CUST001348","25-34","Non-Binary","MD","USA","57","Second Time","SeatGeek"
"CUST001349","55+","Prefer not to say","CA","USA","2872","Second Time","Eventbrite"
"CUST001350","35-44","Male","CT","USA","335","Second Time","SeatGeek"
"CUST001351","35-44","Prefer not to say","TX","USA","1678","Second Time","Festival Website"
"CUST001352","25-34","Prefer not to say","PA","USA","81","First Time","StubHub"
"CUST001353","25-34","Female","SC","USA","609","Returning (3+)","Festival Website"
"CUST001354","18-24","Prefer not to say","TX","USA","1704","Second Time","Eventbrite"
"CUST001355","25-34","Male","PA","USA","54","Returning (3+)","StubHub"
"CUST001356","55+","Male","GA","USA","696","Returning (3+)","Dice"
"CUST001357","18-24","Female","VA","USA","298","Returning (3+)","StubHub"
"CUST001358","45-54","Prefer not to say","FL","USA","1104","First Time","Festival Website"
"CUST001359","25-34","Prefer not to say","NY","USA","168","Second Time","Eventbrite"
"CUST001360","25-34","Female","CT","USA","305","First Time","StubHub"
"CUST001361","55+","Male","FL","USA","1146","Returning (3+)","SeatGeek"
"CUST001362","55+","Male","MI","USA","418","Returning (3+)","Dice"
"CUST001363","25-34","Non-Binary","VA","USA","332","Returning (3+)","Ticketmaster"
"CUST001364","18-24","Male","NY","USA","221","First Time","StubHub"
"CUST001365","25-34","Male","PA","USA","127","Second Time","StubHub"
"CUST001366","45-54","Female","PA","USA","31","Second Time","Eventbrite"
"CUST001367","25-34","Prefer not to say","MD","USA","120","First Time","Dice"
"CUST001368","45-54","Prefer not to say","NJ","USA","185","First Time","Eventbrite"
"CUST001369","18-24","Male","NY","USA","163","Second Time","Eventbrite"
"CUST001370","55+","Female","PA","USA","54","Returning (3+)","Dice"
"CUST001371","55+","Prefer not to say","FL","USA","811","Second Time","Eventbrite"
"CUST001372","25-34","Male","FL","USA","1144","Second Time","SeatGeek"
"CUST001373","18-24","Female","IL","USA","703","Returning (3+)","Dice"
"CUST001374","25-34","Female","IL","USA","655","Returning (3+)","Ticketmaster"
"CUST001375","25-34","Male","NY","USA","266","First Time","SeatGeek"
"CUST001376","18-24","Non-Binary","PA","USA","104","Returning (3+)","Ticketmaster"
"CUST001377","25-34","Male","MD","USA","111","First Time","Dice"
"CUST001378","35-44","Prefer not to say","NY","USA","187","Returning (3+)","StubHub"
"CUST001379","25-34","Male","CT","USA","309","Second Time","SeatGeek"
"CUST001380","25-34","Male","RI","USA","386","Second Time","Eventbrite"
"CUST001381","35-44","Non-Binary","PA","USA","138","First Time","Eventbrite"
"CUST001382","45-54","Female","PA","USA","19","Second Time","Eventbrite"
"CUST001383","25-34","Female","CA","USA","2578","Second Time","StubHub"
"CUST001384","45-54","Female","IL","USA","671","First Time","StubHub"
"CUST001385","18-24","Non-Binary","PA","USA","42","Returning (3+)","SeatGeek"
"CUST001386","45-54","Prefer not to say","DE","USA","161","Second Time","Eventbrite"
"CUST001387","55+","Male","PA","USA","142","Second Time","Eventbrite"
"CUST001388","25-34","Non-Binary","RI","USA","389","Returning (3+)","StubHub"
"CUST001389","55+","Non-Binary","MD","USA","179","First Time","StubHub"
"CUST001390","35-44","Male","CA","USA","2971","Second Time","Festival Website"
"CUST001391","35-44","Prefer not to say","FL","USA","955","Returning (3+)","Festival Website"
"CUST001392","55+","Prefer not to say","TX","USA","1739","Second Time","Eventbrite"
"CUST001393","18-24","Non-Binary","MD","USA","114","Returning (3+)","Ticketmaster"
"CUST001394","18-24","Male","TX","USA","1650","Second Time","Eventbrite"
"CUST001395","35-44","Non-Binary","FL","USA","964","Returning (3+)","Dice"
"CUST001396","35-44","Prefer not to say","PA","USA","89","Second Time","SeatGeek"
"CUST001397","35-44","Female","PA","USA","123","First Time","Festival Website"
"CUST001398","55+","Male","SC","USA","511","Returning (3+)","SeatGeek"
"CUST001399","55+","Prefer not to say","NY","USA","193","Second Time","Ticketmaster"
"CUST001400","35-44","Non-Binary","NY","USA","187","Second Time","SeatGeek"
"CUST001401","35-44","Female","GA","USA","728","Second Time","Festival Website"
"CUST001402","18-24","Non-Binary","DE","USA","192","Returning (3+)","Festival Website"
"CUST001403","45-54","Male","SC","USA","578","Returning (3+)","Dice"
"CUST001404","35-44","Female","PA","USA","76","Returning (3+)","StubHub"
"CUST001405","18-24","Non-Binary","MA","USA","304","First Time","Festival Website"
"CUST001406","55+","Non-Binary","CT","USA","326","First Time","Dice"
"CUST001407","35-44","Male","VA","USA","218","Returning (3+)","StubHub"
"CUST001408","45-54","Female","IL","USA","788","First Time","SeatGeek"
"CUST001409","25-34","Female","FL","USA","1042","Returning (3+)","Dice"
"CUST001410","35-44","Non-Binary","RI","USA","360","Second Time","StubHub"
"CUST001411","45-54","Female","NY","USA","297","Returning (3+)","Ticketmaster"
"CUST001412","45-54","Female","MD","USA","97","First Time","Eventbrite"
"CUST001413","35-44","Female","PA","USA","125","Returning (3+)","Eventbrite"
"CUST001414","25-34","Non-Binary","PA","USA","125","Returning (3+)","Dice"
"CUST001415","18-24","Male","CT","USA","264","Returning (3+)","StubHub"
"CUST001416","35-44","Female","DE","USA","158","First Time","StubHub"
"CUST001417","45-54","Male","MD","USA","140","Returning (3+)","StubHub"
"CUST001418","18-24","Non-Binary","NC","USA","355","First Time","Dice"
"CUST001419","18-24","Male","SC","USA","464","First Time","Ticketmaster"
"CUST001420","45-54","Female","MI","USA","432","First Time","Ticketmaster"
"CUST001421","25-34","Male","MD","USA","147","First Time","Eventbrite"
"CUST001422","35-44","Non-Binary","VA","USA","260","Second Time","Eventbrite"
"CUST001423","18-24","Female","NY","USA","242","Second Time","Ticketmaster"
"CUST001424","18-24","Female","CA","USA","2911","First Time","StubHub"
"CUST001425","45-54","Male","PA","USA","2","Second Time","Dice"
"CUST001426","25-34","Prefer not to say","FL","USA","1060","Returning (3+)","Dice"
"CUST001427","45-54","Male","GA","USA","616","Second Time","Ticketmaster"
"CUST001428","25-34","Prefer not to say","MD","USA","146","Second Time","StubHub"
"CUST001429","18-24","Non-Binary","NJ","USA","128","Returning (3+)","Festival Website"
"CUST001430","18-24","Non-Binary","RI","USA","340","First Time","Ticketmaster"
"CUST001431","18-24","Male","NY","USA","234","Returning (3+)","Ticketmaster"
"CUST001432","35-44","Female","MI","USA","584","Returning (3+)","StubHub"
"CUST001433","25-34","Male","PA","USA","36","Second Time","Eventbrite"
"CUST001434","35-44","Non-Binary","DE","USA","166","Second Time","Eventbrite"
"CUST001435","25-34","Non-Binary","PA","USA","85","Returning (3+)","Ticketmaster"
"CUST001436","18-24","Non-Binary","PA","USA","132","First Time","StubHub"
"CUST001437","18-24","Prefer not to say","CA","USA","2709","Second Time","Dice"
"CUST001438","18-24","Female","PA","USA","11","Second Time","StubHub"
"CUST001439","55+","Female","VA","USA","262","Second Time","Dice"
"CUST001440","25-34","Female","DE","USA","182","First Time","Eventbrite"
"CUST001441","25-34","Female","SC","USA","586","First Time","Dice"
"CUST001442","45-54","Male","NJ","USA","117","Returning (3+)","StubHub"
"CUST001443","18-24","Non-Binary","PA","USA","70","First Time","Ticketmaster"
"CUST001444","55+","Prefer not to say","MD","USA","76","Second Time","StubHub"
"CUST001445","55+","Male","CA","USA","2609","Returning (3+)","Festival Website"
"CUST001446","35-44","Non-Binary","DE","USA","180","Second Time","Ticketmaster"
"CUST001447","55+","Non-Binary","NY","USA","247","Returning (3+)","SeatGeek"
"CUST001448","55+","Female","VA","USA","239","Returning (3+)","Eventbrite"
"CUST001449","25-34","Male","MI","USA","437","Second Time","Dice"
"CUST001450","45-54","Male","MA","USA","305","First Time","StubHub"
"CUST001451","55+","Prefer not to say","VA","USA","341","Second Time","Festival Website"
"CUST001452","35-44","Female","PA","USA","20","First Time","Eventbrite"
"CUST001453","55+","Non-Binary","MD","USA","112","Returning (3+)","Dice"
"CUST001454","55+","Prefer not to say","CA","USA","2581","First Time","StubHub"
"CUST001455","18-24","Female","TX","USA","1677","First Time","Ticketmaster"
"CUST001456","55+","Non-Binary","NY","USA","214","First Time","StubHub"
"CUST001457","45-54","Non-Binary","NJ","USA","225","First Time","Dice"
"CUST001458","35-44","Prefer not to say","SC","USA","584","Returning (3+)","Eventbrite"
"CUST001459","25-34","Prefer not to say","NY","USA","281","Second Time","Dice"
"CUST001460","35-44","Non-Binary","IL","USA","746","Returning (3+)","Festival Website"
"CUST001461","35-44","Male","VA","USA","186","First Time","Eventbrite"
"CUST001462","18-24","Male","NY","USA","261","Second Time","StubHub"
"CUST001463","18-24","Female","NY","USA","269","Returning (3+)","Eventbrite"
"CUST001464","55+","Prefer not to say","VA","USA","341","Second Time","Ticketmaster"
"CUST001465","35-44","Female","CT","USA","267","Returning (3+)","Eventbrite"
"CUST001466","25-34","Female","CA","USA","2691","Second Time","Ticketmaster"
"CUST001467","35-44","Prefer not to say","PA","USA","128","Second Time","Eventbrite"
"CUST001468","25-34","Non-Binary","CT","USA","310","Second Time","Dice"
"CUST001469","55+","Female","CA","USA","2722","Second Time","StubHub"
"CUST001470","45-54","Prefer not to say","PA","USA","124","First Time","Ticketmaster"
"CUST001471","25-34","Prefer not to say","NC","USA","485","Second Time","SeatGeek"
"CUST001472","45-54","Female","FL","USA","853","Returning (3+)","Ticketmaster"
"CUST001473","35-44","Male","CA","USA","2695","First Time","Ticketmaster"
"CUST001474","25-34","Prefer not to say","DE","USA","181","First Time","SeatGeek"
"CUST001475","25-34","Prefer not to say","NY","USA","300","Second Time","Ticketmaster"
"CUST001476","45-54","Male","PA","USA","5","Returning (3+)","Ticketmaster"
"CUST001477","55+","Male","SC","USA","489","Second Time","Festival Website"
"CUST001478","45-54","Prefer not to say","NY","USA","210","First Time","Ticketmaster"
"CUST001479","18-24","Female","MD","USA","196","First Time","SeatGeek"
"CUST001480","35-44","Male","OH","USA","344","Returning (3+)","Dice"
"CUST001481","25-34","Prefer not to say","NY","USA","162","Returning (3+)","Dice"
"CUST001482","35-44","Male","TX","USA","1548","Returning (3+)","Ticketmaster"
"CUST001483","35-44","Female","PA","USA","118","Second Time","Ticketmaster"
"CUST001484","18-24","Male","MD","USA","114","First Time","Eventbrite"
"CUST001485","45-54","Female","NC","USA","476","Returning (3+)","Dice"
"CUST001486","55+","Non-Binary","NY","USA","158","First Time","StubHub"
"CUST001487","35-44","Prefer not to say","IL","USA","729","First Time","StubHub"
"CUST001488","18-24","Prefer not to say","NY","USA","233","First Time","Festival Website"
"CUST001489","45-54","Non-Binary","CT","USA","260","Returning (3+)","Eventbrite"
"CUST001490","45-54","Non-Binary","SC","USA","644","First Time","SeatGeek"
"CUST001491","45-54","Prefer not to say","TX","USA","1576","Second Time","Eventbrite"
"CUST001492","35-44","Female","NJ","USA","110","First Time","Ticketmaster"
"CUST001493","18-24","Non-Binary","NJ","USA","151","First Time","Dice"
"CUST001494","45-54","Non-Binary","MD","USA","84","Returning (3+)","Dice"
"CUST001495","25-34","Prefer not to say","OH","USA","295","Returning (3+)","SeatGeek"
"CUST001496","55+","Prefer not to say","TX","USA","1653","Returning (3+)","Ticketmaster"
"CUST001497","18-24","Non-Binary","NY","USA","239","Returning (3+)","StubHub"
"CUST001498","55+","Non-Binary","MA","USA","319","First Time","StubHub"
"CUST001499","18-24","Female","NY","USA","150","Returning (3+)","Eventbrite"
"CUST001500","35-44","Prefer not to say","TX","USA","1711","First Time","StubHub"
"CUST001501","55+","Prefer not to say","CT","USA","259","Returning (3+)","Ticketmaster"
"CUST001502","25-34","Male","TX","USA","1494","First Time","Eventbrite"
"CUST001503","35-44","Male","CA","USA","2733","First Time","Dice"
"CUST001504","25-34","Female","NC","USA","372","First Time","Dice"
"CUST001505","18-24","Female","MA","USA","347","Returning (3+)","Ticketmaster"
"CUST001506","55+","Female","NC","USA","452","Returning (3+)","Festival Website"
"CUST001507","45-54","Prefer not to say","MI","USA","512","First Time","Eventbrite"
"CUST001508","55+","Male","NC","USA","470","First Time","Festival Website"
"CUST001509","45-54","Female","NJ","USA","236","First Time","StubHub"
"CUST001510","55+","Male","FL","USA","874","Returning (3+)","Festival Website"
"CUST001511","35-44","Prefer not to say","PA","USA","2","Returning (3+)","Eventbrite"
"CUST001512","25-34","Male","PA","USA","124","Second Time","Eventbrite"
"CUST001513","18-24","Female","CT","USA","318","Second Time","SeatGeek"
"CUST001514","25-34","Prefer not to say","DE","USA","187","First Time","Ticketmaster"
"CUST001515","55+","Prefer not to say","NJ","USA","248","Returning (3+)","SeatGeek"
"CUST001516","25-34","Male","FL","USA","1003","Returning (3+)","Festival Website"
"CUST001517","55+","Female","NJ","USA","217","First Time","Ticketmaster"
"CUST001518","35-44","Male","CA","USA","2974","Returning (3+)","SeatGeek"
"CUST001519","45-54","Female","VA","USA","284","First Time","Ticketmaster"
"CUST001520","25-34","Female","NY","USA","194","Second Time","StubHub"
"CUST001521","25-34","Prefer not to say","MD","USA","192","Returning (3+)","StubHub"
"CUST001522","35-44","Prefer not to say","VA","USA","301","First Time","Eventbrite"
"CUST001523","35-44","Non-Binary","NJ","USA","135","Returning (3+)","Dice"
"CUST001524","18-24","Female","VA","USA","156","Second Time","Ticketmaster"
"CUST001525","45-54","Female","SC","USA","604","First Time","Dice"
"CUST001526","25-34","Prefer not to say","NJ","USA","221","Second Time","Eventbrite"
"CUST001527","55+","Male","VA","USA","242","First Time","Dice"
"CUST001528","45-54","Non-Binary","MA","USA","361","Second Time","Eventbrite"
"CUST001529","18-24","Male","OH","USA","286","Returning (3+)","Festival Website"
"CUST001530","45-54","Female","RI","USA","326","Second Time","Ticketmaster"
"CUST001531","55+","Prefer not to say","NY","USA","151","Returning (3+)","Festival Website"
"CUST001532","45-54","Non-Binary","VA","USA","339","First Time","SeatGeek"
"CUST001533","55+","Prefer not to say","PA","USA","5","Second Time","StubHub"
"CUST001534","18-24","Non-Binary","TX","USA","1553","Returning (3+)","Dice"
"CUST001535","18-24","Male","MD","USA","87","Returning (3+)","Ticketmaster"
"CUST001536","35-44","Female","NY","USA","180","First Time","Ticketmaster"
"CUST001537","35-44","Female","VA","USA","199","Returning (3+)","Festival Website"
"CUST001538","45-54","Non-Binary","FL","USA","1138","Second Time","Eventbrite"
"CUST001539","35-44","Female","RI","USA","382","First Time","SeatGeek"
"CUST001540","25-34","Male","CT","USA","320","First Time","Festival Website"
"CUST001541","35-44","Male","OH","USA","348","First Time","SeatGeek"
"CUST001542","25-34","Prefer not to say","RI","USA","362","Returning (3+)","Festival Website"
"CUST001543","35-44","Male","PA","USA","92","First Time","Ticketmaster"
"CUST001544","55+","Male","GA","USA","660","First Time","Dice"
"CUST001545","45-54","Non-Binary","MA","USA","349","Second Time","SeatGeek"
"CUST001546","55+","Prefer not to say","RI","USA","339","Returning (3+)","Eventbrite"
"CUST001547","45-54","Non-Binary","GA","USA","754","First Time","Ticketmaster"
"CUST001548","35-44","Female","PA","USA","83","First Time","SeatGeek"
"CUST001549","45-54","Female","RI","USA","342","Returning (3+)","Eventbrite"
"CUST001550","45-54","Non-Binary","OH","USA","289","First Time","StubHub"
"CUST001551","18-24","Male","GA","USA","773","Second Time","Ticketmaster"
"CUST001552","35-44","Female","PA","USA","128","Second Time","SeatGeek"
"CUST001553","55+","Prefer not to say","PA","USA","89","First Time","Festival Website"
"CUST001554","55+","Female","MD","USA","192","Returning (3+)","Festival Website"
"CUST001555","45-54","Non-Binary","FL","USA","907","Second Time","Festival Website"
"CUST001556","18-24","Male","VA","USA","290","Returning (3+)","StubHub"
"CUST001557","25-34","Male","NY","USA","226","Second Time","Ticketmaster"
"CUST001558","25-34","Non-Binary","FL","USA","1097","Returning (3+)","SeatGeek"
"CUST001559","25-34","Male","PA","USA","113","Second Time","Dice"
"CUST001560","45-54","Female","PA","USA","129","Second Time","SeatGeek"
"CUST001561","45-54","Prefer not to say","GA","USA","673","First Time","Festival Website"
"CUST001562","35-44","Female","CA","USA","2513","Returning (3+)","Dice"
"CUST001563","25-34","Male","CT","USA","292","Returning (3+)","Festival Website"
"CUST001564","18-24","Male","PA","USA","41","First Time","Ticketmaster"
"CUST001565","45-54","Female","NY","USA","285","Returning (3+)","Ticketmaster"
"CUST001566","35-44","Non-Binary","OH","USA","277","Second Time","SeatGeek"
"CUST001567","35-44","Prefer not to say","IL","USA","609","First Time","StubHub"
"CUST001568","45-54","Prefer not to say","GA","USA","674","Second Time","Festival Website"
"CUST001569","18-24","Prefer not to say","PA","USA","98","Returning (3+)","Eventbrite"
"CUST001570","35-44","Non-Binary","FL","USA","1071","First Time","SeatGeek"
"CUST001571","35-44","Non-Binary","VA","USA","319","Second Time","Ticketmaster"
"CUST001572","45-54","Male","GA","USA","631","First Time","Festival Website"
"CUST001573","18-24","Non-Binary","PA","USA","91","First Time","Eventbrite"
"CUST001574","55+","Prefer not to say","MI","USA","455","First Time","Eventbrite"
"CUST001575","45-54","Female","CT","USA","276","Second Time","Eventbrite"
"CUST001576","18-24","Non-Binary","GA","USA","621","Returning (3+)","Ticketmaster"
"CUST001577","25-34","Prefer not to say","MA","USA","378","Returning (3+)","SeatGeek"
"CUST001578","18-24","Prefer not to say","PA","USA","145","First Time","Festival Website"
"CUST001579","35-44","Female","NY","USA","171","First Time","StubHub"
"CUST001580","45-54","Female","FL","USA","990","First Time","Eventbrite"
"CUST001581","35-44","Prefer not to say","OH","USA","277","Second Time","Dice"
"CUST001582","18-24","Prefer not to say","GA","USA","675","First Time","Ticketmaster"
"CUST001583","55+","Female","CT","USA","260","First Time","Ticketmaster"
"CUST001584","55+","Prefer not to say","PA","USA","17","Returning (3+)","SeatGeek"
"CUST001585","18-24","Female","PA","USA","41","Second Time","Festival Website"
"CUST001586","55+","Female","NY","USA","164","Returning (3+)","Dice"
"CUST001587","45-54","Female","SC","USA","592","First Time","StubHub"
"CUST001588","35-44","Female","NJ","USA","119","Returning (3+)","Eventbrite"
"CUST001589","55+","Non-Binary","TX","USA","1490","Second Time","Dice"
"CUST001590","18-24","Prefer not to say","PA","USA","148","Returning (3+)","Dice"
"CUST001591","18-24","Female","NY","USA","186","Second Time","Ticketmaster"
"CUST001592","18-24","Male","NY","USA","171","Returning (3+)","Festival Website"
"CUST001593","35-44","Non-Binary","MA","USA","345","Returning (3+)","Dice"
"CUST001594","45-54","Female","PA","USA","108","Second Time","StubHub"
"CUST001595","18-24","Prefer not to say","DE","USA","173","Second Time","SeatGeek"
"CUST001596","35-44","Male","NY","USA","166","Returning (3+)","Eventbrite"
"CUST001597","18-24","Female","PA","USA","39","Second Time","Eventbrite"
"CUST001598","25-34","Male","RI","USA","306","First Time","Festival Website"
"CUST001599","35-44","Prefer not to say","MD","USA","73","Returning (3+)","Eventbrite"
"CUST001600","35-44","Prefer not to say","NC","USA","439","First Time","Dice"
"CUST001601","18-24","Female","OH","USA","297","Returning (3+)","Ticketmaster"
"CUST001602","45-54","Non-Binary","RI","USA","356","Second Time","Dice"
"CUST001603","18-24","Female","FL","USA","936","First Time","Festival Website"
"CUST001604","45-54","Prefer not to say","IL","USA","632","Second Time","Eventbrite"
"CUST001605","18-24","Male","PA","USA","131","Returning (3+)","StubHub"
"CUST001606","35-44","Non-Binary","NJ","USA","160","Second Time","Eventbrite"
"CUST001607","35-44","Prefer not to say","CT","USA","250","Returning (3+)","Festival Website"
"CUST001608","18-24","Female","DE","USA","189","Returning (3+)","SeatGeek"
"CUST001609","25-34","Male","CA","USA","2635","Returning (3+)","Ticketmaster"
"CUST001610","45-54","Female","PA","USA","38","Second Time","SeatGeek"
"CUST001611","35-44","Female","IL","USA","731","Second Time","Festival Website"
"CUST001612","18-24","Male","OH","USA","255","Returning (3+)","StubHub"
"CUST001613","18-24","Male","MI","USA","444","Returning (3+)","Dice"
"CUST001614","18-24","Female","NJ","USA","226","Returning (3+)","Dice"
"CUST001615","35-44","Female","NJ","USA","152","Second Time","Dice"
"CUST001616","25-34","Prefer not to say","OH","USA","356","First Time","Ticketmaster"
"CUST001617","45-54","Prefer not to say","SC","USA","611","Returning (3+)","SeatGeek"
"CUST001618","35-44","Non-Binary","RI","USA","354","Returning (3+)","Dice"
"CUST001619","25-34","Non-Binary","NY","USA","287","Returning (3+)","Dice"
"CUST001620","55+","Prefer not to say","FL","USA","1114","Returning (3+)","Eventbrite"
"CUST001621","18-24","Prefer not to say","NC","USA","469","First Time","Ticketmaster"
"CUST001622","55+","Female","MI","USA","418","First Time","Dice"
"CUST001623","45-54","Male","NJ","USA","240","Returning (3+)","Festival Website"
"CUST001624","35-44","Female","VA","USA","311","First Time","Festival Website"
"CUST001625","18-24","Female","IL","USA","624","Returning (3+)","Dice"
"CUST001626","25-34","Non-Binary","TX","USA","1403","Second Time","Festival Website"
"CUST001627","18-24","Female","NY","USA","234","First Time","Ticketmaster"
"CUST001628","25-34","Male","DE","USA","132","Returning (3+)","SeatGeek"
"CUST001629","35-44","Female","FL","USA","1163","First Time","StubHub"
"CUST001630","25-34","Female","IL","USA","791","Second Time","Eventbrite"
"CUST001631","35-44","Prefer not to say","MD","USA","197","Returning (3+)","Festival Website"
"CUST001632","25-34","Non-Binary","PA","USA","35","Returning (3+)","SeatGeek"
"CUST001633","18-24","Female","RI","USA","304","Second Time","Ticketmaster"
"CUST001634","18-24","Non-Binary","NY","USA","228","First Time","SeatGeek"
"CUST001635","55+","Non-Binary","MD","USA","173","First Time","Festival Website"
"CUST001636","45-54","Non-Binary","MA","USA","370","Returning (3+)","Ticketmaster"
"CUST001637","35-44","Prefer not to say","MI","USA","530","Second Time","SeatGeek"
"CUST001638","55+","Prefer not to say","NY","USA","175","Second Time","Eventbrite"
"CUST001639","45-54","Non-Binary","MD","USA","140","Returning (3+)","Ticketmaster"
"CUST001640","35-44","Male","RI","USA","300","First Time","Ticketmaster"
"CUST001641","18-24","Non-Binary","DE","USA","141","Second Time","Festival Website"
"CUST001642","18-24","Male","MD","USA","74","First Time","Festival Website"
"CUST001643","45-54","Non-Binary","TX","USA","1471","First Time","StubHub"
"CUST001644","45-54","Female","NC","USA","301","First Time","Dice"
"CUST001645","45-54","Prefer not to say","OH","USA","301","First Time","StubHub"
"CUST001646","55+","Prefer not to say","RI","USA","323","Returning (3+)","StubHub"
"CUST001647","35-44","Male","NY","USA","249","Second Time","Festival Website"
"CUST001648","18-24","Non-Binary","TX","USA","1694","Returning (3+)","StubHub"
"CUST001649","45-54","Prefer not to say","MD","USA","129","Second Time","Dice"
"CUST001650","25-34","Female","MI","USA","407","Returning (3+)","StubHub"
"CUST001651","45-54","Non-Binary","FL","USA","932","Second Time","Ticketmaster"
"CUST001652","18-24","Female","CT","USA","254","Returning (3+)","Dice"
"CUST001653","55+","Prefer not to say","NY","USA","178","First Time","StubHub"
"CUST001654","25-34","Male","TX","USA","1557","Second Time","StubHub"
"CUST001655","55+","Prefer not to say","NY","USA","272","Returning (3+)","Festival Website"
"CUST001656","55+","Female","RI","USA","397","Second Time","Dice"
"CUST001657","25-34","Female","NJ","USA","146","Returning (3+)","Eventbrite"
"CUST001658","35-44","Non-Binary","TX","USA","1583","First Time","StubHub"
"CUST001659","25-34","Non-Binary","VA","USA","327","Second Time","Dice"
"CUST001660","45-54","Prefer not to say","RI","USA","377","First Time","StubHub"
"CUST001661","25-34","Male","VA","USA","275","Second Time","Festival Website"
"CUST001662","18-24","Prefer not to say","MI","USA","458","Second Time","Ticketmaster"
"CUST001663","18-24","Prefer not to say","NJ","USA","117","First Time","Eventbrite"
"CUST001664","35-44","Non-Binary","NY","USA","170","Second Time","Ticketmaster"
"CUST001665","25-34","Non-Binary","NC","USA","467","First Time","Ticketmaster"
"CUST001666","18-24","Non-Binary","NJ","USA","135","First Time","SeatGeek"
"CUST001667","25-34","Male","RI","USA","376","First Time","SeatGeek"
"CUST001668","45-54","Prefer not to say","PA","USA","17","First Time","Dice"
"CUST001669","25-34","Non-Binary","CT","USA","263","Second Time","Eventbrite"
"CUST001670","55+","Female","PA","USA","41","First Time","Ticketmaster"
"CUST001671","18-24","Male","PA","USA","93","First Time","SeatGeek"
"CUST001672","45-54","Male","DE","USA","176","Returning (3+)","SeatGeek"
"CUST001673","25-34","Male","VA","USA","253","First Time","Festival Website"
"CUST001674","35-44","Prefer not to say","PA","USA","81","Second Time","Dice"
"CUST001675","25-34","Prefer not to say","DE","USA","166","Returning (3+)","SeatGeek"
"CUST001676","55+","Male","NY","USA","163","Returning (3+)","Festival Website"
"CUST001677","45-54","Male","TX","USA","1432","Second Time","SeatGeek"
"CUST001678","35-44","Non-Binary","MA","USA","313","First Time","Eventbrite"
"CUST001679","18-24","Non-Binary","PA","USA","142","Returning (3+)","StubHub"
"CUST001680","35-44","Female","PA","USA","142","Second Time","Eventbrite"
"CUST001681","55+","Non-Binary","NJ","USA","159","Second Time","Ticketmaster"
"CUST001682","55+","Prefer not to say","PA","USA","44","First Time","Festival Website"
"CUST001683","35-44","Prefer not to say","MD","USA","63","Second Time","StubHub"
"CUST001684","18-24","Male","CA","USA","2994","Returning (3+)","Dice"
"CUST001685","55+","Prefer not to say","IL","USA","629","First Time","Eventbrite"
"CUST001686","18-24","Female","PA","USA","117","First Time","StubHub"
"CUST001687","18-24","Male","NY","USA","153","First Time","Ticketmaster"
"CUST001688","18-24","Non-Binary","PA","USA","79","First Time","SeatGeek"
"CUST001689","35-44","Non-Binary","GA","USA","645","First Time","SeatGeek"
"CUST001690","45-54","Female","NY","USA","169","Returning (3+)","SeatGeek"
"CUST001691","25-34","Female","GA","USA","623","Second Time","Eventbrite"
"CUST001692","55+","Prefer not to say","CA","USA","2832","First Time","Dice"
"CUST001693","55+","Female","TX","USA","1543","Second Time","Festival Website"
"CUST001694","45-54","Female","TX","USA","1467","First Time","Festival Website"
"CUST001695","55+","Male","MA","USA","394","First Time","SeatGeek"
"CUST001696","35-44","Non-Binary","GA","USA","698","First Time","StubHub"
"CUST001697","45-54","Male","RI","USA","359","Second Time","StubHub"
"CUST001698","18-24","Female","MA","USA","397","Returning (3+)","SeatGeek"
"CUST001699","25-34","Female","GA","USA","791","Second Time","SeatGeek"
"CUST001700","35-44","Male","SC","USA","577","Second Time","Dice"
"CUST001701","25-34","Female","DE","USA","158","First Time","StubHub"
"CUST001702","25-34","Prefer not to say","PA","USA","64","First Time","SeatGeek"
"CUST001703","35-44","Male","FL","USA","881","Returning (3+)","Ticketmaster"
"CUST001704","18-24","Male","GA","USA","734","Returning (3+)","SeatGeek"
"CUST001705","25-34","Non-Binary","MI","USA","488","Second Time","Eventbrite"
"CUST001706","55+","Female","FL","USA","858","First Time","Festival Website"
"CUST001707","25-34","Non-Binary","PA","USA","99","Returning (3+)","Dice"
"CUST001708","18-24","Non-Binary","MI","USA","486","Returning (3+)","Festival Website"
"CUST001709","45-54","Prefer not to say","OH","USA","340","First Time","SeatGeek"
"CUST001710","35-44","Non-Binary","MD","USA","154","Second Time","Ticketmaster"
"CUST001711","35-44","Non-Binary","OH","USA","276","Second Time","SeatGeek"
"CUST001712","45-54","Prefer not to say","PA","USA","80","Returning (3+)","Dice"
"CUST001713","18-24","Prefer not to say","FL","USA","994","Second Time","StubHub"
"CUST001714","55+","Female","NY","USA","262","Returning (3+)","Dice"
"CUST001715","55+","Female","VA","USA","150","First Time","Eventbrite"
"CUST001716","25-34","Non-Binary","NY","USA","184","Second Time","Dice"
"CUST001717","18-24","Male","SC","USA","564","Second Time","Ticketmaster"
"CUST001718","35-44","Female","PA","USA","34","First Time","StubHub"
"CUST001719","55+","Prefer not to say","MA","USA","304","Returning (3+)","SeatGeek"
"CUST001720","35-44","Female","NY","USA","159","Returning (3+)","Ticketmaster"
"CUST001721","18-24","Female","SC","USA","595","Second Time","Dice"
"CUST001722","55+","Prefer not to say","OH","USA","281","First Time","Festival Website"
"CUST001723","25-34","Non-Binary","VA","USA","336","Returning (3+)","Dice"
"CUST001724","18-24","Non-Binary","PA","USA","107","Second Time","StubHub"
"CUST001725","55+","Male","NJ","USA","204","Second Time","StubHub"
"CUST001726","35-44","Female","NJ","USA","224","Returning (3+)","Dice"
"CUST001727","35-44","Non-Binary","NY","USA","172","Returning (3+)","Festival Website"
"CUST001728","35-44","Non-Binary","NJ","USA","107","Second Time","StubHub"
"CUST001729","55+","Non-Binary","NJ","USA","141","Second Time","Ticketmaster"
"CUST001730","18-24","Female","MA","USA","392","Returning (3+)","SeatGeek"
"CUST001731","45-54","Non-Binary","MD","USA","145","Returning (3+)","Ticketmaster"
"CUST001732","35-44","Female","CT","USA","296","Returning (3+)","StubHub"
"CUST001733","25-34","Male","MA","USA","392","First Time","Dice"
"CUST001734","35-44","Male","IL","USA","681","Returning (3+)","Ticketmaster"
"CUST001735","45-54","Prefer not to say","VA","USA","307","Returning (3+)","Festival Website"
"CUST001736","55+","Prefer not to say","NY","USA","156","Returning (3+)","Festival Website"
"CUST001737","55+","Non-Binary","NJ","USA","157","Returning (3+)","Ticketmaster"
"CUST001738","35-44","Female","NC","USA","314","First Time","Eventbrite"
"CUST001739","25-34","Male","DE","USA","170","Returning (3+)","Dice"
"CUST001740","35-44","Prefer not to say","SC","USA","494","Returning (3+)","Ticketmaster"
"CUST001741","18-24","Male","MI","USA","435","First Time","Festival Website"
"CUST001742","35-44","Non-Binary","MI","USA","472","First Time","Dice"
"CUST001743","35-44","Prefer not to say","NY","USA","171","Returning (3+)","SeatGeek"
"CUST001744","45-54","Prefer not to say","GA","USA","603","Returning (3+)","Dice"
"CUST001745","25-34","Non-Binary","DE","USA","121","First Time","Festival Website"
"CUST001746","18-24","Male","NJ","USA","217","Second Time","Dice"
"CUST001747","25-34","Female","MD","USA","101","First Time","Dice"
"CUST001748","45-54","Prefer not to say","PA","USA","28","Returning (3+)","Eventbrite"
"CUST001749","55+","Female","CT","USA","253","First Time","Festival Website"
"CUST001750","25-34","Non-Binary","CA","USA","2732","Returning (3+)","Dice"
"CUST001751","18-24","Prefer not to say","CA","USA","2604","First Time","Festival Website"
"CUST001752","55+","Non-Binary","SC","USA","608","Returning (3+)","Dice"
"CUST001753","35-44","Male","TX","USA","1789","Second Time","Festival Website"
"CUST001754","55+","Female","PA","USA","118","First Time","SeatGeek"
"CUST001755","45-54","Non-Binary","CT","USA","324","First Time","Eventbrite"
"CUST001756","45-54","Female","MA","USA","327","Second Time","Festival Website"
"CUST001757","55+","Female","NJ","USA","155","Returning (3+)","Dice"
"CUST001758","25-34","Prefer not to say","MD","USA","51","Second Time","Eventbrite"
"CUST001759","45-54","Male","NY","USA","187","Returning (3+)","StubHub"
"CUST001760","55+","Female","NJ","USA","128","Returning (3+)","Eventbrite"
"CUST001761","18-24","Prefer not to say","FL","USA","952","Returning (3+)","SeatGeek"
"CUST001762","35-44","Non-Binary","SC","USA","575","Returning (3+)","Eventbrite"
"CUST001763","45-54","Female","MI","USA","516","Returning (3+)","Ticketmaster"
"CUST001764","18-24","Non-Binary","PA","USA","134","First Time","SeatGeek"
"CUST001765","25-34","Female","NY","USA","162","Returning (3+)","Eventbrite"
"CUST001766","25-34","Male","DE","USA","125","Returning (3+)","Festival Website"
"CUST001767","25-34","Female","PA","USA","46","Second Time","Festival Website"
"CUST001768","25-34","Prefer not to say","MA","USA","382","Returning (3+)","Festival Website"
"CUST001769","45-54","Female","PA","USA","140","Second Time","StubHub"
"CUST001770","18-24","Male","PA","USA","29","First Time","Dice"
"CUST001771","45-54","Non-Binary","PA","USA","52","First Time","Festival Website"
"CUST001772","35-44","Female","NY","USA","154","First Time","Eventbrite"
"CUST001773","18-24","Non-Binary","SC","USA","524","First Time","Eventbrite"
"CUST001774","18-24","Prefer not to say","MI","USA","456","Returning (3+)","Eventbrite"
"CUST001775","18-24","Female","NJ","USA","139","Returning (3+)","Dice"
"CUST001776","18-24","Non-Binary","MD","USA","162","First Time","StubHub"
"CUST001777","45-54","Female","NJ","USA","135","Second Time","Dice"
"CUST001778","45-54","Male","DE","USA","162","Returning (3+)","Eventbrite"
"CUST001779","35-44","Prefer not to say","TX","USA","1575","Returning (3+)","Ticketmaster"
"CUST001780","55+","Non-Binary","MD","USA","102","Returning (3+)","Dice"
"CUST001781","55+","Female","MA","USA","331","Second Time","Festival Website"
"CUST001782","45-54","Prefer not to say","TX","USA","1495","Returning (3+)","Festival Website"
"CUST001783","18-24","Male","CT","USA","341","Second Time","Festival Website"
"CUST001784","35-44","Male","PA","USA","60","Returning (3+)","Festival Website"
"CUST001785","18-24","Female","CA","USA","2917","First Time","Eventbrite"
"CUST001786","35-44","Non-Binary","CT","USA","250","Returning (3+)","SeatGeek"
"CUST001787","45-54","Female","FL","USA","1064","Returning (3+)","Dice"
"CUST001788","35-44","Non-Binary","PA","USA","94","Second Time","Dice"
"CUST001789","35-44","Prefer not to say","TX","USA","1707","Second Time","StubHub"
"CUST001790","18-24","Prefer not to say","GA","USA","712","Returning (3+)","SeatGeek"
"CUST001791","18-24","Prefer not to say","PA","USA","12","Returning (3+)","Festival Website"
"CUST001792","55+","Male","SC","USA","566","Returning (3+)","StubHub"
"CUST001793","35-44","Male","NC","USA","493","Second Time","Dice"
"CUST001794","55+","Female","VA","USA","232","Second Time","Ticketmaster"
"CUST001795","55+","Female","SC","USA","514","Returning (3+)","Eventbrite"
"CUST001796","35-44","Male","RI","USA","351","First Time","SeatGeek"
"CUST001797","35-44","Female","PA","USA","10","Second Time","Eventbrite"
"CUST001798","25-34","Non-Binary","NC","USA","433","Returning (3+)","Eventbrite"
"CUST001799","55+","Male","NY","USA","232","First Time","Eventbrite"
"CUST001800","55+","Prefer not to say","VA","USA","199","First Time","StubHub"
"CUST001801","45-54","Non-Binary","PA","USA","17","Returning (3+)","Ticketmaster"
"CUST001802","18-24","Female","NY","USA","297","First Time","Dice"
"CUST001803","25-34","Non-Binary","TX","USA","1420","First Time","Ticketmaster"
"CUST001804","55+","Male","MD","USA","50","Returning (3+)","Festival Website"
"CUST001805","55+","Non-Binary","PA","USA","144","First Time","Ticketmaster"
"CUST001806","25-34","Non-Binary","RI","USA","376","Second Time","StubHub"
"CUST001807","35-44","Male","PA","USA","139","Second Time","Festival Website"
"CUST001808","45-54","Male","PA","USA","62","Second Time","StubHub"
"CUST001809","55+","Prefer not to say","MA","USA","312","Returning (3+)","SeatGeek"
"CUST001810","35-44","Non-Binary","GA","USA","621","Returning (3+)","Ticketmaster"
"CUST001811","25-34","Female","MD","USA","131","Returning (3+)","Ticketmaster"
"CUST001812","45-54","Prefer not to say","SC","USA","465","Second Time","StubHub"
"CUST001813","35-44","Non-Binary","NC","USA","344","Returning (3+)","Dice"
"CUST001814","18-24","Prefer not to say","VA","USA","310","First Time","SeatGeek"
"CUST001815","25-34","Non-Binary","PA","USA","79","Second Time","SeatGeek"
"CUST001816","55+","Non-Binary","MI","USA","599","First Time","Eventbrite"
"CUST001817","35-44","Non-Binary","OH","USA","334","Second Time","StubHub"
"CUST001818","55+","Non-Binary","SC","USA","452","Second Time","Festival Website"
"CUST001819","45-54","Non-Binary","VA","USA","177","Returning (3+)","Dice"
"CUST001820","18-24","Male","CT","USA","307","First Time","StubHub"
"CUST001821","25-34","Male","RI","USA","377","Returning (3+)","Ticketmaster"
"CUST001822","55+","Male","CA","USA","2997","Second Time","Dice"
"CUST001823","25-34","Non-Binary","NY","USA","235","First Time","Festival Website"
"CUST001824","35-44","Non-Binary","PA","USA","55","First Time","Dice"
"CUST001825","55+","Male","GA","USA","702","Returning (3+)","SeatGeek"
"CUST001826","45-54","Female","PA","USA","29","Returning (3+)","Eventbrite"
"CUST001827","45-54","Female","MA","USA","388","Returning (3+)","Eventbrite"
"CUST001828","55+","Female","PA","USA","64","First Time","Festival Website"
"CUST001829","55+","Female","PA","USA","122","First Time","Festival Website"
"CUST001830","35-44","Non-Binary","OH","USA","351","Returning (3+)","Festival Website"
"CUST001831","25-34","Male","MD","USA","199","First Time","Eventbrite"
"CUST001832","35-44","Prefer not to say","OH","USA","364","Second Time","Eventbrite"
"CUST001833","35-44","Male","TX","USA","1736","First Time","Festival Website"
"CUST001834","25-34","Prefer not to say","MI","USA","530","First Time","Ticketmaster"
"CUST001835","35-44","Female","CA","USA","2561","First Time","StubHub"
"CUST001836","18-24","Male","OH","USA","391","Second Time","Ticketmaster"
"CUST001837","35-44","Female","PA","USA","71","Second Time","StubHub"
"CUST001838","55+","Male","MD","USA","126","Returning (3+)","Dice"
"CUST001839","18-24","Prefer not to say","NJ","USA","162","Returning (3+)","Eventbrite"
"CUST001840","18-24","Female","PA","USA","39","First Time","Dice"
"CUST001841","45-54","Female","RI","USA","362","Returning (3+)","StubHub"
"CUST001842","35-44","Female","PA","USA","38","Second Time","Ticketmaster"
"CUST001843","35-44","Non-Binary","RI","USA","396","Returning (3+)","Dice"
"CUST001844","25-34","Male","MD","USA","86","Second Time","SeatGeek"
"CUST001845","55+","Female","SC","USA","489","Second Time","Dice"
"CUST001846","55+","Prefer not to say","GA","USA","661","Second Time","Ticketmaster"
"CUST001847","18-24","Female","TX","USA","1421","Second Time","StubHub"
"CUST001848","45-54","Female","PA","USA","8","Second Time","Festival Website"
"CUST001849","55+","Non-Binary","TX","USA","1536","Returning (3+)","SeatGeek"
"CUST001850","18-24","Female","CA","USA","2645","Second Time","Ticketmaster"
"CUST001851","35-44","Female","PA","USA","89","Returning (3+)","SeatGeek"
"CUST001852","18-24","Prefer not to say","RI","USA","381","First Time","Dice"
"CUST001853","25-34","Female","NY","USA","193","Returning (3+)","SeatGeek"
"CUST001854","55+","Female","TX","USA","1783","Second Time","StubHub"
"CUST001855","55+","Female","MD","USA","68","Second Time","Dice"
"CUST001856","35-44","Male","PA","USA","69","Returning (3+)","Festival Website"
"CUST001857","35-44","Female","MD","USA","190","Second Time","StubHub"
"CUST001858","45-54","Male","PA","USA","51","Second Time","Dice"
"CUST001859","25-34","Male","NC","USA","335","Second Time","Dice"
"CUST001860","35-44","Prefer not to say","FL","USA","885","First Time","StubHub"
"CUST001861","35-44","Female","SC","USA","554","First Time","Eventbrite"
"CUST001862","18-24","Male","IL","USA","634","First Time","Festival Website"
"CUST001863","55+","Non-Binary","CT","USA","328","Returning (3+)","Eventbrite"
"CUST001864","25-34","Female","FL","USA","1103","First Time","StubHub"
"CUST001865","55+","Male","PA","USA","93","First Time","StubHub"
"CUST001866","45-54","Prefer not to say","GA","USA","680","Returning (3+)","Festival Website"
"CUST001867","35-44","Prefer not to say","MI","USA","594","Returning (3+)","StubHub"
"CUST001868","55+","Prefer not to say","CA","USA","2836","Second Time","Ticketmaster"
"CUST001869","25-34","Prefer not to say","DE","USA","149","Second Time","Festival Website"
"CUST001870","55+","Male","NJ","USA","180","Returning (3+)","SeatGeek"
"CUST001871","18-24","Male","DE","USA","186","Second Time","Festival Website"
"CUST001872","55+","Male","PA","USA","131","Second Time","Festival Website"
"CUST001873","55+","Female","PA","USA","8","Second Time","Dice"
"CUST001874","18-24","Male","NY","USA","240","Returning (3+)","Festival Website"
"CUST001875","18-24","Non-Binary","NJ","USA","129","Returning (3+)","Dice"
"CUST001876","25-34","Non-Binary","VA","USA","305","First Time","StubHub"
"CUST001877","25-34","Prefer not to say","FL","USA","938","Returning (3+)","Eventbrite"
"CUST001878","35-44","Female","NY","USA","299","Returning (3+)","SeatGeek"
"CUST001879","35-44","Male","PA","USA","57","Returning (3+)","Ticketmaster"
"CUST001880","25-34","Male","CT","USA","276","First Time","Festival Website"
"CUST001881","55+","Prefer not to say","NY","USA","189","First Time","Festival Website"
"CUST001882","35-44","Female","PA","USA","99","Returning (3+)","StubHub"
"CUST001883","35-44","Female","MI","USA","537","First Time","Eventbrite"
"CUST001884","45-54","Non-Binary","PA","USA","18","First Time","Dice"
"CUST001885","45-54","Male","MD","USA","133","Second Time","StubHub"
"CUST001886","55+","Male","VA","USA","350","Second Time","Festival Website"
"CUST001887","25-34","Female","FL","USA","1009","Returning (3+)","SeatGeek"
"CUST001888","25-34","Male","NY","USA","182","Second Time","SeatGeek"
"CUST001889","55+","Prefer not to say","MA","USA","340","Second Time","Eventbrite"
"CUST001890","25-34","Female","NJ","USA","181","First Time","SeatGeek"
"CUST001891","25-34","Prefer not to say","PA","USA","76","Returning (3+)","SeatGeek"
"CUST001892","25-34","Prefer not to say","MD","USA","50","Second Time","SeatGeek"
"CUST001893","25-34","Non-Binary","GA","USA","717","First Time","Festival Website"
"CUST001894","35-44","Prefer not to say","SC","USA","508","Second Time","StubHub"
"CUST001895","35-44","Prefer not to say","MI","USA","581","Second Time","Festival Website"
"CUST001896","18-24","Male","DE","USA","167","Returning (3+)","Festival Website"
"CUST001897","25-34","Prefer not to say","CT","USA","281","First Time","StubHub"
"CUST001898","18-24","Non-Binary","TX","USA","1551","First Time","SeatGeek"
"CUST001899","55+","Female","MA","USA","312","Returning (3+)","Dice"
"CUST001900","18-24","Non-Binary","IL","USA","684","First Time","StubHub"
"CUST001901","35-44","Prefer not to say","DE","USA","117","Returning (3+)","StubHub"
"CUST001902","25-34","Male","RI","USA","365","Returning (3+)","Eventbrite"
"CUST001903","55+","Female","MI","USA","418","First Time","Dice"
"CUST001904","55+","Prefer not to say","NY","USA","254","First Time","Festival Website"
"CUST001905","18-24","Female","GA","USA","602","Second Time","Festival Website"
"CUST001906","18-24","Female","PA","USA","147","Returning (3+)","Festival Website"
"CUST001907","18-24","Non-Binary","DE","USA","167","Returning (3+)","StubHub"
"CUST001908","35-44","Prefer not to say","PA","USA","130","Second Time","Eventbrite"
"CUST001909","25-34","Non-Binary","NY","USA","280","First Time","Eventbrite"
"CUST001910","45-54","Prefer not to say","PA","USA","20","Second Time","StubHub"
"CUST001911","18-24","Male","PA","USA","126","Returning (3+)","Ticketmaster"
"CUST001912","18-24","Male","GA","USA","672","Returning (3+)","SeatGeek"
"CUST001913","25-34","Non-Binary","IL","USA","758","Second Time","Dice"
"CUST001914","18-24","Male","PA","USA","105","Returning (3+)","StubHub"
"CUST001915","35-44","Non-Binary","TX","USA","1528","First Time","Dice"
"CUST001916","25-34","Prefer not to say","MD","USA","165","First Time","Dice"
"CUST001917","55+","Female","NY","USA","259","First Time","Eventbrite"
"CUST001918","45-54","Male","CT","USA","274","First Time","Festival Website"
"CUST001919","35-44","Male","GA","USA","664","Second Time","Ticketmaster"
"CUST001920","55+","Female","IL","USA","607","Second Time","StubHub"
"CUST001921","25-34","Male","MI","USA","452","First Time","StubHub"
"CUST001922","18-24","Prefer not to say","VA","USA","190","First Time","Festival Website"
"CUST001923","45-54","Male","OH","USA","268","Second Time","StubHub"
"CUST001924","18-24","Female","GA","USA","664","First Time","StubHub"
"CUST001925","55+","Male","CA","USA","2979","Second Time","Eventbrite"
"CUST001926","45-54","Male","MD","USA","143","Returning (3+)","Dice"
"CUST001927","55+","Prefer not to say","NY","USA","265","Second Time","StubHub"
"CUST001928","55+","Female","CT","USA","294","First Time","Ticketmaster"
"CUST001929","18-24","Prefer not to say","MA","USA","333","Second Time","Festival Website"
"CUST001930","18-24","Non-Binary","PA","USA","12","First Time","Ticketmaster"
"CUST001931","55+","Female","PA","USA","124","Returning (3+)","Ticketmaster"
"CUST001932","25-34","Male","MD","USA","140","Returning (3+)","Festival Website"
"CUST001933","35-44","Male","GA","USA","664","First Time","Festival Website"
"CUST001934","18-24","Non-Binary","MA","USA","385","Second Time","Festival Website"
"CUST001935","55+","Prefer not to say","MD","USA","172","Second Time","StubHub"
"CUST001936","55+","Female","OH","USA","366","Returning (3+)","Ticketmaster"
"CUST001937","35-44","Female","NY","USA","177","Returning (3+)","Dice"
"CUST001938","18-24","Female","FL","USA","952","First Time","Eventbrite"
"CUST001939","18-24","Non-Binary","GA","USA","730","First Time","Eventbrite"
"CUST001940","45-54","Male","TX","USA","1623","First Time","Ticketmaster"
"CUST001941","25-34","Prefer not to say","MI","USA","478","Returning (3+)","SeatGeek"
"CUST001942","25-34","Non-Binary","PA","USA","32","Second Time","Festival Website"
"CUST001943","25-34","Non-Binary","MD","USA","106","Second Time","Dice"
"CUST001944","35-44","Prefer not to say","NJ","USA","162","Second Time","Dice"
"CUST001945","35-44","Male","CT","USA","257","Returning (3+)","Festival Website"
"CUST001946","35-44","Male","MD","USA","80","Returning (3+)","Dice"
"CUST001947","25-34","Female","MD","USA","109","First Time","Festival Website"
"CUST001948","45-54","Female","CT","USA","348","Second Time","Ticketmaster"
"CUST001949","35-44","Female","SC","USA","644","Second Time","Ticketmaster"
"CUST001950","25-34","Male","CT","USA","276","Second Time","Ticketmaster"
"CUST001951","25-34","Prefer not to say","FL","USA","939","Second Time","Eventbrite"
"CUST001952","18-24","Female","MD","USA","99","First Time","Eventbrite"
"CUST001953","18-24","Male","MA","USA","362","Returning (3+)","Ticketmaster"
"CUST001954","35-44","Male","NY","USA","291","Second Time","StubHub"
"CUST001955","55+","Non-Binary","NJ","USA","195","Returning (3+)","Ticketmaster"
"CUST001956","55+","Female","NY","USA","249","Second Time","Festival Website"
"CUST001957","45-54","Female","DE","USA","145","Returning (3+)","Eventbrite"
"CUST001958","55+","Non-Binary","DE","USA","131","First Time","Dice"
"CUST001959","25-34","Prefer not to say","MI","USA","588","First Time","Eventbrite"
"CUST001960","18-24","Non-Binary","NJ","USA","147","Second Time","Dice"
"CUST001961","25-34","Non-Binary","CA","USA","2626","Returning (3+)","Dice"
"CUST001962","35-44","Male","NY","USA","293","Returning (3+)","Ticketmaster"
"CUST001963","45-54","Prefer not to say","VA","USA","236","First Time","StubHub"
"CUST001964","25-34","Prefer not to say","NC","USA","483","First Time","Festival Website"
"CUST001965","18-24","Female","MD","USA","62","First Time","StubHub"
"CUST001966","35-44","Non-Binary","VA","USA","314","First Time","Festival Website"
"CUST001967","18-24","Female","RI","USA","321","First Time","Ticketmaster"
"CUST001968","18-24","Male","CA","USA","2554","Second Time","Ticketmaster"
"CUST001969","45-54","Male","MD","USA","61","Returning (3+)","SeatGeek"
"CUST001970","25-34","Female","NY","USA","281","First Time","SeatGeek"
"CUST001971","25-34","Non-Binary","NJ","USA","195","Returning (3+)","Eventbrite"
"CUST001972","55+","Non-Binary","PA","USA","90","Returning (3+)","Eventbrite"
"CUST001973","25-34","Non-Binary","PA","USA","109","First Time","Dice"
"CUST001974","35-44","Female","MA","USA","364","Returning (3+)","StubHub"
"CUST001975","25-34","Male","MA","USA","336","Returning (3+)","SeatGeek"
"CUST001976","25-34","Female","TX","USA","1411","Returning (3+)","Ticketmaster"
"CUST001977","45-54","Male","FL","USA","1088","First Time","SeatGeek"
"CUST001978","18-24","Male","OH","USA","389","First Time","Dice"
"CUST001979","35-44","Prefer not to say","RI","USA","330","Returning (3+)","Ticketmaster"
"CUST001980","18-24","Non-Binary","PA","USA","136","First Time","Ticketmaster"
"CUST001981","55+","Female","IL","USA","777","Returning (3+)","Ticketmaster"
"CUST001982","35-44","Female","DE","USA","138","Returning (3+)","StubHub"
"CUST001983","55+","Male","PA","USA","54","Returning (3+)","Dice"
"CUST001984","45-54","Prefer not to say","VA","USA","252","Second Time","StubHub"
"CUST001985","18-24","Prefer not to say","NC","USA","400","First Time","SeatGeek"
"CUST001986","35-44","Non-Binary","MD","USA","200","First Time","Dice"
"CUST001987","55+","Non-Binary","NJ","USA","160","Second Time","Dice"
"CUST001988","55+","Non-Binary","NY","USA","222","Second Time","Eventbrite"
"CUST001989","18-24","Prefer not to say","PA","USA","150","First Time","Dice"
"CUST001990","35-44","Male","MI","USA","474","Returning (3+)","SeatGeek"
"CUST001991","55+","Prefer not to say","NJ","USA","186","Returning (3+)","Dice"
"CUST001992","55+","Prefer not to say","RI","USA","312","Second Time","StubHub"
"CUST001993","45-54","Prefer not to say","NY","USA","207","Second Time","SeatGeek"
"CUST001994","35-44","Prefer not to say","DE","USA","174","Second Time","Dice"
"CUST001995","45-54","Male","NY","USA","231","Second Time","Festival Website"
"CUST001996","18-24","Male","GA","USA","600","First Time","Dice"
"CUST001997","45-54","Prefer not to say","MA","USA","316","Second Time","Ticketmaster"
"CUST001998","55+","Prefer not to say","MD","USA","200","Returning (3+)","Eventbrite"
"CUST001999","45-54","Non-Binary","IL","USA","664","First Time","StubHub"
"CUST002000","25-34","Non-Binary","NC","USA","381","First Time","StubHub"
"CUST002001","18-24","Non-Binary","NY","USA","169","Returning (3+)","Dice"
"CUST002002","55+","Male","NJ","USA","185","Second Time","SeatGeek"
"CUST002003","18-24","Non-Binary","CA","USA","2948","First Time","Eventbrite"
"CUST002004","25-34","Female","TX","USA","1626","Returning (3+)","StubHub"
"CUST002005","45-54","Male","SC","USA","516","First Time","StubHub"
"CUST002006","55+","Female","DE","USA","129","Second Time","SeatGeek"
"CUST002007","18-24","Female","MD","USA","93","Second Time","StubHub"
"CUST002008","45-54","Female","TX","USA","1772","Second Time","SeatGeek"
"CUST002009","25-34","Female","NJ","USA","118","First Time","Festival Website"
"CUST002010","25-34","Male","PA","USA","147","Second Time","Ticketmaster"
"CUST002011","25-34","Male","GA","USA","669","Second Time","Ticketmaster"
"CUST002012","55+","Male","GA","USA","694","First Time","SeatGeek"
"CUST002013","18-24","Prefer not to say","GA","USA","751","First Time","Festival Website"
"CUST002014","35-44","Female","PA","USA","63","Returning (3+)","SeatGeek"
"CUST002015","18-24","Female","MI","USA","511","Second Time","Dice"
"CUST002016","45-54","Male","VA","USA","290","First Time","Dice"
"CUST002017","35-44","Non-Binary","PA","USA","12","Second Time","Dice"
"CUST002018","25-34","Male","NJ","USA","142","First Time","Eventbrite"
"CUST002019","55+","Female","MA","USA","368","Returning (3+)","Ticketmaster"
"CUST002020","18-24","Male","PA","USA","98","Returning (3+)","Eventbrite"
"CUST002021","25-34","Female","MI","USA","475","Returning (3+)","Dice"
"CUST002022","25-34","Prefer not to say","MD","USA","121","Returning (3+)","Eventbrite"
"CUST002023","45-54","Male","MD","USA","120","First Time","Dice"
"CUST002024","25-34","Prefer not to say","CT","USA","298","First Time","Dice"
"CUST002025","45-54","Female","MD","USA","90","First Time","Eventbrite"
"CUST002026","18-24","Prefer not to say","RI","USA","392","Second Time","Ticketmaster"
"CUST002027","18-24","Female","PA","USA","141","First Time","Festival Website"
"CUST002028","18-24","Female","RI","USA","340","First Time","SeatGeek"
"CUST002029","25-34","Non-Binary","CT","USA","281","Returning (3+)","StubHub"
"CUST002030","25-34","Prefer not to say","IL","USA","643","Second Time","Ticketmaster"
"CUST002031","25-34","Non-Binary","MD","USA","65","First Time","Eventbrite"
"CUST002032","55+","Male","NY","USA","193","Second Time","Eventbrite"
"CUST002033","18-24","Non-Binary","PA","USA","117","Second Time","Festival Website"
"CUST002034","25-34","Male","MD","USA","154","Second Time","Ticketmaster"
"CUST002035","18-24","Non-Binary","DE","USA","111","Second Time","StubHub"
"CUST002036","25-34","Female","PA","USA","133","Returning (3+)","Ticketmaster"
"CUST002037","35-44","Non-Binary","PA","USA","144","First Time","StubHub"
"CUST002038","45-54","Female","NY","USA","182","Second Time","StubHub"
"CUST002039","55+","Male","CA","USA","2793","Second Time","Festival Website"
"CUST002040","18-24","Prefer not to say","MD","USA","59","Second Time","SeatGeek"
"CUST002041","55+","Non-Binary","NY","USA","180","First Time","Festival Website"
"CUST002042","35-44","Male","RI","USA","378","First Time","Ticketmaster"
"CUST002043","35-44","Female","RI","USA","397","First Time","Eventbrite"
"CUST002044","55+","Male","OH","USA","397","Second Time","Ticketmaster"
"CUST002045","55+","Female","PA","USA","121","Second Time","Eventbrite"
"CUST002046","18-24","Prefer not to say","SC","USA","491","Second Time","Eventbrite"
"CUST002047","35-44","Female","TX","USA","1651","First Time","StubHub"
"CUST002048","45-54","Female","RI","USA","326","Second Time","Festival Website"
"CUST002049","55+","Prefer not to say","PA","USA","55","Returning (3+)","Festival Website"
"CUST002050","25-34","Male","VA","USA","232","Second Time","Ticketmaster"
"CUST002051","55+","Male","NY","USA","226","Returning (3+)","Dice"
"CUST002052","45-54","Prefer not to say","MD","USA","64","Returning (3+)","Dice"
"CUST002053","25-34","Female","TX","USA","1498","Second Time","Festival Website"
"CUST002054","35-44","Prefer not to say","RI","USA","325","Second Time","SeatGeek"
"CUST002055","25-34","Male","CT","USA","327","Returning (3+)","Ticketmaster"
"CUST002056","45-54","Female","SC","USA","643","Returning (3+)","Ticketmaster"
"CUST002057","18-24","Female","NY","USA","205","Returning (3+)","Eventbrite"
"CUST002058","55+","Female","MA","USA","302","Returning (3+)","Eventbrite"
"CUST002059","35-44","Male","FL","USA","1132","Second Time","SeatGeek"
"CUST002060","55+","Female","NJ","USA","188","First Time","Festival Website"
"CUST002061","25-34","Female","PA","USA","49","Returning (3+)","SeatGeek"
"CUST002062","35-44","Prefer not to say","NY","USA","201","Second Time","Festival Website"
"CUST002063","18-24","Prefer not to say","PA","USA","123","Returning (3+)","Dice"
"CUST002064","55+","Male","NJ","USA","238","First Time","SeatGeek"
"CUST002065","45-54","Male","VA","USA","294","Returning (3+)","Eventbrite"
"CUST002066","35-44","Male","OH","USA","323","Returning (3+)","Ticketmaster"
"CUST002067","45-54","Non-Binary","SC","USA","598","Second Time","StubHub"
"CUST002068","35-44","Female","NJ","USA","164","Second Time","Ticketmaster"
"CUST002069","35-44","Prefer not to say","NY","USA","263","Second Time","SeatGeek"
"CUST002070","45-54","Prefer not to say","MA","USA","314","First Time","Dice"
"CUST002071","55+","Male","MA","USA","355","First Time","Ticketmaster"
"CUST002072","55+","Male","RI","USA","356","Returning (3+)","Eventbrite"
"CUST002073","18-24","Female","MD","USA","163","Returning (3+)","StubHub"
"CUST002074","55+","Non-Binary","PA","USA","97","Returning (3+)","StubHub"
"CUST002075","45-54","Non-Binary","NY","USA","267","Returning (3+)","Festival Website"
"CUST002076","45-54","Female","NC","USA","461","Second Time","Festival Website"
"CUST002077","35-44","Prefer not to say","MD","USA","99","First Time","Dice"
"CUST002078","18-24","Male","NJ","USA","189","Second Time","StubHub"
"CUST002079","45-54","Non-Binary","MD","USA","168","Second Time","SeatGeek"
"CUST002080","55+","Male","CA","USA","2883","Returning (3+)","Dice"
"CUST002081","55+","Prefer not to say","NJ","USA","156","First Time","StubHub"
"CUST002082","55+","Male","DE","USA","200","Second Time","StubHub"
"CUST002083","45-54","Non-Binary","IL","USA","772","Second Time","StubHub"
"CUST002084","45-54","Female","PA","USA","4","First Time","Festival Website"
"CUST002085","25-34","Male","PA","USA","92","Second Time","Festival Website"
"CUST002086","45-54","Female","RI","USA","386","Second Time","Ticketmaster"
"CUST002087","45-54","Prefer not to say","FL","USA","832","Second Time","Dice"
"CUST002088","35-44","Prefer not to say","RI","USA","373","Second Time","Ticketmaster"
"CUST002089","45-54","Prefer not to say","MD","USA","118","First Time","Festival Website"
"CUST002090","55+","Non-Binary","PA","USA","147","Second Time","Festival Website"
"CUST002091","45-54","Male","MD","USA","145","First Time","Festival Website"
"CUST002092","35-44","Female","NJ","USA","161","Second Time","Ticketmaster"
"CUST002093","25-34","Male","PA","USA","36","First Time","Dice"
"CUST002094","18-24","Female","MI","USA","583","First Time","Ticketmaster"
"CUST002095","35-44","Non-Binary","IL","USA","693","Second Time","Dice"
"CUST002096","55+","Prefer not to say","SC","USA","500","First Time","Ticketmaster"
"CUST002097","55+","Prefer not to say","MD","USA","56","Second Time","Ticketmaster"
"CUST002098","18-24","Male","PA","USA","141","Returning (3+)","SeatGeek"
"CUST002099","25-34","Prefer not to say","RI","USA","327","Returning (3+)","Eventbrite"
"CUST002100","45-54","Male","PA","USA","83","Second Time","Dice"
"CUST002101","45-54","Non-Binary","NY","USA","198","Second Time","Festival Website"
"CUST002102","18-24","Non-Binary","SC","USA","503","First Time","Ticketmaster"
"CUST002103","25-34","Prefer not to say","MA","USA","357","First Time","Festival Website"
"CUST002104","45-54","Non-Binary","MD","USA","142","Returning (3+)","Dice"
"CUST002105","55+","Male","OH","USA","270","Returning (3+)","Dice"
"CUST002106","35-44","Non-Binary","PA","USA","149","First Time","SeatGeek"
"CUST002107","25-34","Male","PA","USA","76","Returning (3+)","Eventbrite"
"CUST002108","55+","Male","GA","USA","659","Returning (3+)","Dice"
"CUST002109","18-24","Female","RI","USA","323","Returning (3+)","Eventbrite"
"CUST002110","35-44","Female","NJ","USA","159","Second Time","Dice"
"CUST002111","35-44","Female","PA","USA","13","First Time","Eventbrite"
"CUST002112","55+","Male","VA","USA","221","First Time","Ticketmaster"
"CUST002113","18-24","Female","NC","USA","417","First Time","Eventbrite"
"CUST002114","55+","Non-Binary","IL","USA","606","Second Time","StubHub"
"CUST002115","55+","Non-Binary","MA","USA","327","Second Time","Dice"
"CUST002116","18-24","Male","NY","USA","220","First Time","Dice"
"CUST002117","25-34","Female","NC","USA","500","Returning (3+)","Eventbrite"
"CUST002118","35-44","Male","PA","USA","96","First Time","Eventbrite"
"CUST002119","35-44","Prefer not to say","PA","USA","139","Second Time","SeatGeek"
"CUST002120","25-34","Male","MD","USA","82","Second Time","Dice"
"CUST002121","35-44","Prefer not to say","OH","USA","334","First Time","Ticketmaster"
"CUST002122","25-34","Non-Binary","FL","USA","1133","First Time","Eventbrite"
"CUST002123","35-44","Non-Binary","OH","USA","376","First Time","Ticketmaster"
"CUST002124","18-24","Non-Binary","NY","USA","182","Returning (3+)","StubHub"
"CUST002125","25-34","Non-Binary","PA","USA","1","First Time","Ticketmaster"
"CUST002126","18-24","Non-Binary","PA","USA","48","First Time","Festival Website"
"CUST002127","55+","Male","PA","USA","117","Returning (3+)","Ticketmaster"
"CUST002128","18-24","Prefer not to say","RI","USA","353","Returning (3+)","Eventbrite"
"CUST002129","18-24","Female","NY","USA","181","First Time","Dice"
"CUST002130","35-44","Female","MI","USA","575","First Time","Festival Website"
"CUST002131","55+","Prefer not to say","GA","USA","770","First Time","Festival Website"
"CUST002132","55+","Non-Binary","MD","USA","162","Returning (3+)","SeatGeek"
"CUST002133","45-54","Non-Binary","MD","USA","58","First Time","SeatGeek"
"CUST002134","45-54","Non-Binary","DE","USA","141","Returning (3+)","Ticketmaster"
"CUST002135","25-34","Non-Binary","NJ","USA","128","First Time","SeatGeek"
"CUST002136","45-54","Male","NY","USA","240","Second Time","Dice"
"CUST002137","35-44","Male","OH","USA","278","Second Time","Ticketmaster"
"CUST002138","45-54","Male","CA","USA","2745","First Time","Dice"
"CUST002139","25-34","Male","SC","USA","529","Second Time","Festival Website"
"CUST002140","25-34","Non-Binary","CT","USA","267","First Time","SeatGeek"
"CUST002141","25-34","Prefer not to say","NC","USA","353","First Time","StubHub"
"CUST002142","55+","Prefer not to say","NJ","USA","160","First Time","SeatGeek"
"CUST002143","25-34","Prefer not to say","NY","USA","235","First Time","StubHub"
"CUST002144","25-34","Male","CA","USA","2937","Second Time","SeatGeek"
"CUST002145","55+","Male","CT","USA","336","Second Time","Dice"
"CUST002146","35-44","Prefer not to say","NY","USA","200","First Time","StubHub"
"CUST002147","45-54","Non-Binary","CT","USA","257","First Time","Dice"
"CUST002148","18-24","Male","PA","USA","84","Second Time","Festival Website"
"CUST002149","18-24","Prefer not to say","MI","USA","510","First Time","StubHub"
"CUST002150","18-24","Male","CT","USA","350","First Time","Festival Website"
"CUST002151","25-34","Non-Binary","NY","USA","281","Second Time","StubHub"
"CUST002152","25-34","Non-Binary","PA","USA","39","Second Time","Eventbrite"
"CUST002153","18-24","Prefer not to say","IL","USA","756","Returning (3+)","Festival Website"
"CUST002154","45-54","Prefer not to say","CA","USA","2898","Returning (3+)","StubHub"
"CUST002155","35-44","Prefer not to say","MA","USA","383","First Time","Ticketmaster"
"CUST002156","55+","Female","MI","USA","600","Returning (3+)","Ticketmaster"
"CUST002157","55+","Prefer not to say","MD","USA","128","Returning (3+)","SeatGeek"
"CUST002158","25-34","Female","NC","USA","381","Second Time","Festival Website"
"CUST002159","35-44","Non-Binary","OH","USA","380","First Time","StubHub"
"CUST002160","55+","Male","MD","USA","173","Returning (3+)","SeatGeek"
"CUST002161","25-34","Prefer not to say","DE","USA","142","Returning (3+)","StubHub"
"CUST002162","45-54","Male","NC","USA","393","Second Time","SeatGeek"
"CUST002163","55+","Prefer not to say","CT","USA","253","Returning (3+)","StubHub"
"CUST002164","55+","Male","IL","USA","676","First Time","Festival Website"
"CUST002165","35-44","Female","MA","USA","341","First Time","Ticketmaster"
"CUST002166","45-54","Male","GA","USA","651","Second Time","Festival Website"
"CUST002167","18-24","Prefer not to say","PA","USA","68","First Time","Festival Website"
"CUST002168","35-44","Male","OH","USA","358","First Time","Festival Website"
"CUST002169","45-54","Non-Binary","NJ","USA","157","Returning (3+)","Ticketmaster"
"CUST002170","45-54","Male","CA","USA","2521","Second Time","SeatGeek"
"CUST002171","25-34","Male","DE","USA","156","Returning (3+)","Dice"
"CUST002172","18-24","Male","NJ","USA","250","First Time","Eventbrite"
"CUST002173","35-44","Male","SC","USA","632","First Time","Festival Website"
"CUST002174","35-44","Male","NJ","USA","133","First Time","Eventbrite"
"CUST002175","35-44","Female","CA","USA","2869","First Time","SeatGeek"
"CUST002176","35-44","Prefer not to say","MA","USA","303","Second Time","StubHub"
"CUST002177","55+","Male","MI","USA","453","Returning (3+)","SeatGeek"
"CUST002178","35-44","Non-Binary","MI","USA","462","First Time","Eventbrite"
"CUST002179","25-34","Male","PA","USA","34","Returning (3+)","StubHub"
"CUST002180","55+","Male","SC","USA","568","Returning (3+)","Festival Website"
"CUST002181","18-24","Female","PA","USA","137","First Time","SeatGeek"
"CUST002182","55+","Female","VA","USA","224","Second Time","Dice"
"CUST002183","55+","Male","NY","USA","168","Returning (3+)","Ticketmaster"
"CUST002184","18-24","Prefer not to say","NY","USA","242","First Time","StubHub"
"CUST002185","25-34","Prefer not to say","MD","USA","168","Returning (3+)","Festival Website"
"CUST002186","55+","Prefer not to say","MD","USA","50","Second Time","Dice"
"CUST002187","25-34","Female","PA","USA","72","First Time","Ticketmaster"
"CUST002188","45-54","Non-Binary","FL","USA","1112","Second Time","Eventbrite"
"CUST002189","25-34","Non-Binary","NY","USA","249","First Time","Eventbrite"
"CUST002190","25-34","Female","DE","USA","154","Second Time","Dice"
"CUST002191","25-34","Male","MA","USA","376","Second Time","Eventbrite"
"CUST002192","18-24","Male","PA","USA","14","Returning (3+)","Eventbrite"
"CUST002193","25-34","Male","MA","USA","346","Returning (3+)","Festival Website"
"CUST002194","45-54","Male","MI","USA","593","First Time","Festival Website"
"CUST002195","18-24","Non-Binary","NY","USA","250","Second Time","Dice"
"CUST002196","35-44","Female","DE","USA","176","Returning (3+)","Eventbrite"
"CUST002197","35-44","Prefer not to say","GA","USA","748","Returning (3+)","Ticketmaster"
"CUST002198","55+","Non-Binary","VA","USA","287","Second Time","Dice"
"CUST002199","45-54","Non-Binary","NY","USA","243","Returning (3+)","StubHub"
"CUST002200","35-44","Non-Binary","GA","USA","678","Second Time","StubHub"
"CUST002201","35-44","Male","NY","USA","291","First Time","Eventbrite"
"CUST002202","55+","Prefer not to say","NJ","USA","211","Returning (3+)","Eventbrite"
"CUST002203","35-44","Prefer not to say","NJ","USA","242","Second Time","SeatGeek"
"CUST002204","45-54","Prefer not to say","RI","USA","399","Returning (3+)","Eventbrite"
"CUST002205","25-34","Male","GA","USA","648","Second Time","Ticketmaster"
"CUST002206","35-44","Female","NJ","USA","126","First Time","Eventbrite"
"CUST002207","25-34","Non-Binary","MD","USA","77","Returning (3+)","Festival Website"
"CUST002208","35-44","Female","IL","USA","758","First Time","Ticketmaster"
"CUST002209","25-34","Non-Binary","NY","USA","211","Second Time","Festival Website"
"CUST002210","35-44","Female","CT","USA","287","Second Time","SeatGeek"
"CUST002211","35-44","Non-Binary","MD","USA","92","Second Time","Eventbrite"
"CUST002212","45-54","Non-Binary","SC","USA","597","Returning (3+)","StubHub"
"CUST002213","18-24","Prefer not to say","VA","USA","300","First Time","Dice"
"CUST002214","18-24","Female","PA","USA","42","Second Time","Ticketmaster"
"CUST002215","55+","Non-Binary","NJ","USA","243","Returning (3+)","StubHub"
"CUST002216","35-44","Prefer not to say","SC","USA","547","First Time","Ticketmaster"
"CUST002217","18-24","Prefer not to say","NY","USA","247","Second Time","StubHub"
"CUST002218","45-54","Non-Binary","PA","USA","54","First Time","Dice"
"CUST002219","25-34","Male","MI","USA","485","Second Time","SeatGeek"
"CUST002220","45-54","Female","PA","USA","70","Returning (3+)","Ticketmaster"
"CUST002221","35-44","Male","MA","USA","376","Returning (3+)","SeatGeek"
"CUST002222","55+","Prefer not to say","PA","USA","60","Second Time","Festival Website"
"CUST002223","25-34","Female","GA","USA","754","Returning (3+)","Festival Website"
"CUST002224","18-24","Female","NJ","USA","169","Second Time","Dice"
"CUST002225","45-54","Non-Binary","VA","USA","237","Returning (3+)","StubHub"
"CUST002226","25-34","Prefer not to say","RI","USA","305","Second Time","Dice"
"CUST002227","18-24","Non-Binary","PA","USA","71","First Time","Eventbrite"
"CUST002228","25-34","Non-Binary","MD","USA","53","Second Time","StubHub"
"CUST002229","18-24","Female","MI","USA","507","First Time","StubHub"
"CUST002230","18-24","Non-Binary","NJ","USA","124","First Time","SeatGeek"
"CUST002231","18-24","Female","NY","USA","297","Second Time","Ticketmaster"
"CUST002232","18-24","Female","NJ","USA","209","First Time","StubHub"
"CUST002233","35-44","Prefer not to say","IL","USA","783","Second Time","StubHub"
"CUST002234","18-24","Male","FL","USA","1010","Returning (3+)","Festival Website"
"CUST002235","18-24","Non-Binary","NY","USA","246","Returning (3+)","Festival Website"
"CUST002236","55+","Female","CA","USA","2877","Second Time","Eventbrite"
"CUST002237","18-24","Male","CT","USA","278","Second Time","SeatGeek"
"CUST002238","45-54","Non-Binary","NY","USA","196","First Time","Eventbrite"
"CUST002239","45-54","Prefer not to say","DE","USA","117","First Time","Dice"
"CUST002240","18-24","Non-Binary","PA","USA","57","Returning (3+)","StubHub"
"CUST002241","55+","Prefer not to say","OH","USA","363","Returning (3+)","Ticketmaster"
"CUST002242","25-34","Female","MD","USA","128","Second Time","StubHub"
"CUST002243","25-34","Non-Binary","DE","USA","111","First Time","Eventbrite"
"CUST002244","45-54","Non-Binary","CT","USA","300","First Time","Dice"
"CUST002245","18-24","Male","NY","USA","153","Returning (3+)","SeatGeek"
"CUST002246","45-54","Non-Binary","NY","USA","199","Second Time","Festival Website"
"CUST002247","25-34","Male","DE","USA","108","First Time","StubHub"
"CUST002248","18-24","Prefer not to say","PA","USA","57","First Time","StubHub"
"CUST002249","45-54","Non-Binary","NC","USA","476","Second Time","StubHub"
"CUST002250","35-44","Male","TX","USA","1689","Returning (3+)","StubHub"
"CUST002251","45-54","Non-Binary","RI","USA","336","Second Time","Ticketmaster"
"CUST002252","55+","Prefer not to say","NJ","USA","176","Second Time","Festival Website"
"CUST002253","25-34","Female","PA","USA","106","Second Time","SeatGeek"
"CUST002254","18-24","Male","MA","USA","389","Returning (3+)","Ticketmaster"
"CUST002255","18-24","Prefer not to say","PA","USA","50","First Time","SeatGeek"
"CUST002256","35-44","Male","TX","USA","1542","First Time","Dice"
"CUST002257","25-34","Prefer not to say","VA","USA","318","Second Time","Dice"
"CUST002258","35-44","Male","SC","USA","481","Returning (3+)","Eventbrite"
"CUST002259","35-44","Male","OH","USA","364","Second Time","Dice"
"CUST002260","35-44","Female","FL","USA","943","First Time","Dice"
"CUST002261","25-34","Non-Binary","MI","USA","494","First Time","SeatGeek"
"CUST002262","18-24","Prefer not to say","OH","USA","361","First Time","Eventbrite"
"CUST002263","55+","Non-Binary","VA","USA","268","Second Time","Festival Website"
"CUST002264","25-34","Female","MI","USA","436","Second Time","Festival Website"
"CUST002265","55+","Non-Binary","IL","USA","741","Returning (3+)","StubHub"
"CUST002266","45-54","Male","NY","USA","211","Second Time","Festival Website"
"CUST002267","35-44","Prefer not to say","NY","USA","257","First Time","SeatGeek"
"CUST002268","25-34","Female","CT","USA","264","First Time","StubHub"
"CUST002269","18-24","Non-Binary","RI","USA","390","First Time","Eventbrite"
"CUST002270","45-54","Male","DE","USA","134","Second Time","Dice"
"CUST002271","35-44","Non-Binary","SC","USA","645","Second Time","Ticketmaster"
"CUST002272","55+","Prefer not to say","NY","USA","232","Returning (3+)","Ticketmaster"
"CUST002273","35-44","Non-Binary","RI","USA","382","First Time","Ticketmaster"
"CUST002274","45-54","Non-Binary","MI","USA","530","Second Time","SeatGeek"
"CUST002275","25-34","Male","TX","USA","1712","First Time","Festival Website"
"CUST002276","25-34","Non-Binary","VA","USA","168","First Time","SeatGeek"
"CUST002277","45-54","Prefer not to say","OH","USA","386","Returning (3+)","Dice"
"CUST002278","18-24","Female","RI","USA","356","Returning (3+)","Eventbrite"
"CUST002279","55+","Male","NJ","USA","185","Second Time","Eventbrite"
"CUST002280","25-34","Prefer not to say","CT","USA","260","Second Time","Dice"
"CUST002281","35-44","Prefer not to say","MA","USA","344","Second Time","Dice"
"CUST002282","35-44","Female","RI","USA","352","First Time","Eventbrite"
"CUST002283","25-34","Prefer not to say","RI","USA","385","Returning (3+)","Dice"
"CUST002284","25-34","Prefer not to say","TX","USA","1455","Second Time","Eventbrite"
"CUST002285","18-24","Female","MD","USA","169","Returning (3+)","Dice"
"CUST002286","35-44","Male","NJ","USA","150","First Time","Ticketmaster"
"CUST002287","25-34","Prefer not to say","RI","USA","317","First Time","Dice"
"CUST002288","55+","Male","NC","USA","307","Returning (3+)","Dice"
"CUST002289","18-24","Female","CA","USA","2970","First Time","Dice"
"CUST002290","18-24","Male","NY","USA","222","Returning (3+)","SeatGeek"
"CUST002291","18-24","Prefer not to say","NC","USA","406","Returning (3+)","StubHub"
"CUST002292","18-24","Non-Binary","NC","USA","467","Returning (3+)","Ticketmaster"
"CUST002293","18-24","Male","NY","USA","186","Returning (3+)","Eventbrite"
"CUST002294","18-24","Female","IL","USA","735","First Time","StubHub"
"CUST002295","55+","Prefer not to say","FL","USA","844","Second Time","Dice"
"CUST002296","55+","Male","RI","USA","371","Second Time","SeatGeek"
"CUST002297","35-44","Male","PA","USA","104","Returning (3+)","StubHub"
"CUST002298","25-34","Male","MD","USA","86","First Time","Eventbrite"
"CUST002299","35-44","Male","FL","USA","1008","Second Time","SeatGeek"
"CUST002300","55+","Female","MI","USA","420","First Time","Festival Website"
"CUST002301","55+","Prefer not to say","FL","USA","1168","First Time","Festival Website"
"CUST002302","18-24","Female","DE","USA","164","Returning (3+)","Eventbrite"
"CUST002303","55+","Prefer not to say","PA","USA","51","Second Time","Dice"
"CUST002304","35-44","Prefer not to say","CA","USA","2758","Second Time","StubHub"
"CUST002305","45-54","Prefer not to say","PA","USA","140","First Time","Ticketmaster"
"CUST002306","18-24","Female","OH","USA","289","First Time","Dice"
"CUST002307","55+","Prefer not to say","SC","USA","544","First Time","Dice"
"CUST002308","25-34","Non-Binary","NJ","USA","101","Second Time","Ticketmaster"
"CUST002309","25-34","Prefer not to say","VA","USA","349","Returning (3+)","StubHub"
"CUST002310","18-24","Female","MD","USA","62","First Time","Dice"
"CUST002311","35-44","Prefer not to say","RI","USA","326","First Time","Dice"
"CUST002312","25-34","Male","NY","USA","213","First Time","Dice"
"CUST002313","35-44","Non-Binary","NJ","USA","199","Second Time","Dice"
"CUST002314","35-44","Prefer not to say","NJ","USA","196","Returning (3+)","SeatGeek"
"CUST002315","25-34","Prefer not to say","OH","USA","285","First Time","SeatGeek"
"CUST002316","18-24","Male","MD","USA","195","Returning (3+)","Festival Website"
"CUST002317","45-54","Female","NY","USA","185","Second Time","SeatGeek"
"CUST002318","18-24","Male","PA","USA","8","Returning (3+)","Festival Website"
"CUST002319","25-34","Non-Binary","TX","USA","1546","Returning (3+)","SeatGeek"
"CUST002320","18-24","Non-Binary","OH","USA","347","Returning (3+)","Eventbrite"
"CUST002321","35-44","Non-Binary","MI","USA","588","First Time","Dice"
"CUST002322","45-54","Non-Binary","MA","USA","386","Second Time","Festival Website"
"CUST002323","55+","Male","NY","USA","181","First Time","Ticketmaster"
"CUST002324","18-24","Female","SC","USA","497","Second Time","StubHub"
"CUST002325","18-24","Male","MA","USA","348","First Time","Dice"
"CUST002326","55+","Male","NJ","USA","174","Second Time","Ticketmaster"
"CUST002327","55+","Non-Binary","NY","USA","223","First Time","Dice"
"CUST002328","55+","Male","OH","USA","358","Returning (3+)","Ticketmaster"
"CUST002329","35-44","Prefer not to say","SC","USA","498","Second Time","SeatGeek"
"CUST002330","55+","Prefer not to say","NY","USA","178","Returning (3+)","Dice"
"CUST002331","25-34","Male","VA","USA","155","Returning (3+)","Eventbrite"
"CUST002332","25-34","Male","NY","USA","275","Second Time","Dice"
"CUST002333","35-44","Prefer not to say","OH","USA","347","First Time","StubHub"
"CUST002334","35-44","Female","FL","USA","1105","Second Time","StubHub"
"CUST002335","55+","Male","OH","USA","270","Second Time","Festival Website"
"CUST002336","35-44","Prefer not to say","IL","USA","753","First Time","Dice"
"CUST002337","55+","Female","NJ","USA","214","Second Time","Dice"
"CUST002338","35-44","Female","CA","USA","2521","First Time","Dice"
"CUST002339","18-24","Male","TX","USA","1484","Returning (3+)","StubHub"
"CUST002340","25-34","Female","NJ","USA","109","Returning (3+)","Festival Website"
"CUST002341","35-44","Non-Binary","NJ","USA","225","First Time","StubHub"
"CUST002342","18-24","Female","MI","USA","481","Returning (3+)","Eventbrite"
"CUST002343","55+","Female","NJ","USA","194","First Time","StubHub"
"CUST002344","55+","Female","RI","USA","387","Second Time","Dice"
"CUST002345","18-24","Non-Binary","PA","USA","25","Returning (3+)","Dice"
"CUST002346","55+","Prefer not to say","NJ","USA","102","Returning (3+)","Festival Website"
"CUST002347","45-54","Male","RI","USA","322","First Time","Eventbrite"
"CUST002348","55+","Male","GA","USA","688","First Time","StubHub"
"CUST002349","45-54","Non-Binary","RI","USA","357","Returning (3+)","Ticketmaster"
"CUST002350","18-24","Female","NC","USA","424","First Time","Eventbrite"
"CUST002351","45-54","Prefer not to say","MA","USA","368","Second Time","Ticketmaster"
"CUST002352","18-24","Male","PA","USA","24","First Time","Ticketmaster"
"CUST002353","55+","Male","VA","USA","350","First Time","Ticketmaster"
"CUST002354","45-54","Prefer not to say","MD","USA","174","Second Time","StubHub"
"CUST002355","55+","Non-Binary","PA","USA","43","First Time","Dice"
"CUST002356","18-24","Male","NC","USA","395","Second Time","Ticketmaster"
"CUST002357","45-54","Female","PA","USA","91","First Time","SeatGeek"
"CUST002358","45-54","Female","NJ","USA","165","First Time","Eventbrite"
"CUST002359","45-54","Non-Binary","NC","USA","480","First Time","SeatGeek"
"CUST002360","55+","Prefer not to say","NY","USA","243","First Time","Ticketmaster"
"CUST002361","18-24","Prefer not to say","PA","USA","25","First Time","StubHub"
"CUST002362","25-34","Non-Binary","NY","USA","198","Returning (3+)","StubHub"
"CUST002363","35-44","Prefer not to say","MA","USA","358","First Time","SeatGeek"
"CUST002364","25-34","Male","CA","USA","2858","Returning (3+)","Dice"
"CUST002365","25-34","Prefer not to say","VA","USA","348","First Time","Ticketmaster"
"CUST002366","25-34","Female","MD","USA","63","First Time","Festival Website"
"CUST002367","25-34","Female","OH","USA","332","First Time","StubHub"
"CUST002368","55+","Male","DE","USA","183","First Time","SeatGeek"
"CUST002369","35-44","Male","FL","USA","814","Second Time","Ticketmaster"
"CUST002370","18-24","Non-Binary","GA","USA","715","First Time","Dice"
"CUST002371","45-54","Non-Binary","SC","USA","565","First Time","SeatGeek"
"CUST002372","45-54","Male","MI","USA","401","Returning (3+)","Eventbrite"
"CUST002373","25-34","Male","OH","USA","366","First Time","SeatGeek"
"CUST002374","55+","Prefer not to say","NJ","USA","152","First Time","Dice"
"CUST002375","25-34","Prefer not to say","PA","USA","75","Second Time","Eventbrite"
"CUST002376","55+","Female","NJ","USA","123","First Time","Ticketmaster"
"CUST002377","18-24","Female","GA","USA","682","Second Time","Dice"
"CUST002378","18-24","Male","PA","USA","45","Returning (3+)","SeatGeek"
"CUST002379","45-54","Female","CT","USA","269","First Time","Ticketmaster"
"CUST002380","55+","Female","SC","USA","504","Returning (3+)","Eventbrite"
"CUST002381","35-44","Male","MD","USA","179","First Time","Festival Website"
"CUST002382","25-34","Prefer not to say","CT","USA","313","First Time","SeatGeek"
"CUST002383","25-34","Male","NJ","USA","171","First Time","SeatGeek"
"CUST002384","25-34","Prefer not to say","NC","USA","328","Second Time","SeatGeek"
"CUST002385","45-54","Prefer not to say","NY","USA","296","Second Time","SeatGeek"
"CUST002386","45-54","Female","SC","USA","623","First Time","Dice"
"CUST002387","45-54","Prefer not to say","MI","USA","545","Second Time","Eventbrite"
"CUST002388","35-44","Male","RI","USA","372","Second Time","StubHub"
"CUST002389","18-24","Female","MD","USA","175","Second Time","Ticketmaster"
"CUST002390","25-34","Female","MA","USA","354","Second Time","SeatGeek"
"CUST002391","18-24","Male","NY","USA","167","First Time","Festival Website"
"CUST002392","18-24","Male","PA","USA","67","Returning (3+)","Eventbrite"
"CUST002393","35-44","Female","PA","USA","149","Second Time","Festival Website"
"CUST002394","45-54","Male","OH","USA","274","First Time","Eventbrite"
"CUST002395","18-24","Non-Binary","NJ","USA","219","First Time","Eventbrite"
"CUST002396","55+","Prefer not to say","NY","USA","246","Second Time","SeatGeek"
"CUST002397","25-34","Prefer not to say","NC","USA","425","Returning (3+)","Dice"
"CUST002398","45-54","Female","NY","USA","176","Second Time","Ticketmaster"
"CUST002399","35-44","Non-Binary","MI","USA","554","Second Time","Eventbrite"
"CUST002400","45-54","Prefer not to say","PA","USA","41","Returning (3+)","SeatGeek"
"CUST002401","18-24","Non-Binary","PA","USA","42","Returning (3+)","Festival Website"
"CUST002402","25-34","Male","MD","USA","163","Second Time","StubHub"
"CUST002403","25-34","Male","DE","USA","180","Second Time","Ticketmaster"
"CUST002404","18-24","Non-Binary","NJ","USA","128","Second Time","Dice"
"CUST002405","25-34","Non-Binary","GA","USA","617","Returning (3+)","Eventbrite"
"CUST002406","45-54","Female","MD","USA","84","First Time","Dice"
"CUST002407","18-24","Prefer not to say","MD","USA","80","First Time","Eventbrite"
"CUST002408","55+","Non-Binary","MI","USA","567","Returning (3+)","StubHub"
"CUST002409","18-24","Male","FL","USA","995","Second Time","Eventbrite"
"CUST002410","18-24","Male","MD","USA","124","Second Time","SeatGeek"
"CUST002411","45-54","Prefer not to say","RI","USA","376","Second Time","Festival Website"
"CUST002412","25-34","Male","NC","USA","438","Second Time","Eventbrite"
"CUST002413","18-24","Male","TX","USA","1623","First Time","Eventbrite"
"CUST002414","35-44","Female","PA","USA","139","Returning (3+)","Eventbrite"
"CUST002415","25-34","Prefer not to say","CA","USA","2519","First Time","Dice"
"CUST002416","35-44","Prefer not to say","PA","USA","17","First Time","StubHub"
"CUST002417","45-54","Male","CA","USA","2798","Returning (3+)","StubHub"
"CUST002418","18-24","Prefer not to say","CA","USA","2874","Returning (3+)","SeatGeek"
"CUST002419","25-34","Female","CA","USA","2897","Second Time","StubHub"
"CUST002420","35-44","Prefer not to say","DE","USA","141","Second Time","Festival Website"
"CUST002421","35-44","Male","VA","USA","181","First Time","Eventbrite"
"CUST002422","45-54","Non-Binary","NY","USA","273","Second Time","Ticketmaster"
"CUST002423","55+","Prefer not to say","VA","USA","169","Returning (3+)","Ticketmaster"
"CUST002424","35-44","Female","NY","USA","282","First Time","Ticketmaster"
"CUST002425","25-34","Non-Binary","DE","USA","190","Returning (3+)","Eventbrite"
"CUST002426","35-44","Prefer not to say","TX","USA","1758","First Time","Ticketmaster"
"CUST002427","18-24","Prefer not to say","MI","USA","576","Second Time","Ticketmaster"
"CUST002428","35-44","Female","MI","USA","557","First Time","SeatGeek"
"CUST002429","35-44","Prefer not to say","NJ","USA","100","First Time","Dice"
"CUST002430","35-44","Prefer not to say","DE","USA","138","First Time","Dice"
"CUST002431","25-34","Non-Binary","SC","USA","598","Second Time","Eventbrite"
"CUST002432","55+","Female","CT","USA","258","Second Time","Festival Website"
"CUST002433","35-44","Female","VA","USA","160","Returning (3+)","Eventbrite"
"CUST002434","55+","Female","OH","USA","291","Second Time","Eventbrite"
"CUST002435","35-44","Female","PA","USA","104","Second Time","StubHub"
"CUST002436","45-54","Female","MD","USA","86","First Time","Festival Website"
"CUST002437","25-34","Female","RI","USA","301","Returning (3+)","SeatGeek"
"CUST002438","55+","Prefer not to say","RI","USA","359","Second Time","Ticketmaster"
"CUST002439","18-24","Female","NJ","USA","225","Second Time","Ticketmaster"
"CUST002440","45-54","Non-Binary","SC","USA","454","First Time","Eventbrite"
"CUST002441","45-54","Prefer not to say","NY","USA","264","Second Time","SeatGeek"
"CUST002442","25-34","Prefer not to say","PA","USA","42","Second Time","Dice"
"CUST002443","25-34","Male","DE","USA","189","Second Time","Dice"
"CUST002444","18-24","Female","NY","USA","155","Second Time","StubHub"
"CUST002445","25-34","Non-Binary","NC","USA","496","Returning (3+)","Dice"
"CUST002446","25-34","Prefer not to say","PA","USA","52","Returning (3+)","StubHub"
"CUST002447","18-24","Male","DE","USA","127","Second Time","Ticketmaster"
"CUST002448","25-34","Non-Binary","MA","USA","341","First Time","SeatGeek"
"CUST002449","18-24","Prefer not to say","PA","USA","114","Second Time","StubHub"
"CUST002450","35-44","Male","PA","USA","27","First Time","Festival Website"
"CUST002451","45-54","Female","CA","USA","2874","Second Time","SeatGeek"
"CUST002452","18-24","Female","MD","USA","70","First Time","Festival Website"
"CUST002453","35-44","Non-Binary","NJ","USA","160","Second Time","Festival Website"
"CUST002454","35-44","Male","MI","USA","493","Second Time","SeatGeek"
"CUST002455","18-24","Male","MD","USA","115","Second Time","SeatGeek"
"CUST002456","25-34","Non-Binary","TX","USA","1508","First Time","StubHub"
"CUST002457","18-24","Female","RI","USA","362","First Time","Eventbrite"
"CUST002458","18-24","Prefer not to say","SC","USA","488","Returning (3+)","StubHub"
"CUST002459","25-34","Prefer not to say","NJ","USA","151","Returning (3+)","SeatGeek"
"CUST002460","55+","Male","PA","USA","44","Second Time","Ticketmaster"
"CUST002461","25-34","Male","NJ","USA","157","Second Time","Eventbrite"
"CUST002462","45-54","Non-Binary","TX","USA","1765","Returning (3+)","SeatGeek"
"CUST002463","55+","Male","CT","USA","316","Returning (3+)","Eventbrite"
"CUST002464","45-54","Non-Binary","PA","USA","34","Returning (3+)","Dice"
"CUST002465","45-54","Female","OH","USA","281","First Time","Ticketmaster"
"CUST002466","25-34","Non-Binary","FL","USA","833","Second Time","SeatGeek"
"CUST002467","25-34","Male","MD","USA","79","Returning (3+)","Dice"
"CUST002468","25-34","Non-Binary","NJ","USA","201","Second Time","StubHub"
"CUST002469","35-44","Non-Binary","MI","USA","537","First Time","StubHub"
"CUST002470","55+","Female","NY","USA","259","Returning (3+)","StubHub"
"CUST002471","45-54","Prefer not to say","PA","USA","49","First Time","SeatGeek"
"CUST002472","35-44","Non-Binary","MI","USA","586","Second Time","Ticketmaster"
"CUST002473","25-34","Female","MD","USA","191","Returning (3+)","StubHub"
"CUST002474","25-34","Male","OH","USA","357","Returning (3+)","StubHub"
"CUST002475","35-44","Prefer not to say","GA","USA","715","First Time","SeatGeek"
"CUST002476","55+","Male","RI","USA","378","Second Time","Dice"
"CUST002477","18-24","Non-Binary","NJ","USA","127","First Time","StubHub"
"CUST002478","25-34","Female","NJ","USA","120","Returning (3+)","StubHub"
"CUST002479","55+","Non-Binary","NY","USA","234","Second Time","Dice"
"CUST002480","25-34","Male","PA","USA","105","First Time","Dice"
"CUST002481","25-34","Male","SC","USA","559","First Time","Eventbrite"
"CUST002482","55+","Non-Binary","NC","USA","413","Second Time","Ticketmaster"
"CUST002483","18-24","Prefer not to say","FL","USA","945","First Time","Dice"
"CUST002484","25-34","Male","MD","USA","56","First Time","Dice"
"CUST002485","35-44","Non-Binary","PA","USA","91","Second Time","SeatGeek"
"CUST002486","25-34","Prefer not to say","MD","USA","97","Returning (3+)","Dice"
"CUST002487","35-44","Non-Binary","PA","USA","32","Returning (3+)","Ticketmaster"
"CUST002488","25-34","Female","NY","USA","173","Second Time","Eventbrite"
"CUST002489","25-34","Female","IL","USA","602","Second Time","Eventbrite"
"CUST002490","25-34","Prefer not to say","MI","USA","459","Returning (3+)","Festival Website"
"CUST002491","45-54","Prefer not to say","FL","USA","848","Second Time","Dice"
"CUST002492","55+","Non-Binary","PA","USA","131","First Time","SeatGeek"
"CUST002493","55+","Non-Binary","CA","USA","2882","First Time","Festival Website"
"CUST002494","18-24","Male","DE","USA","193","First Time","Festival Website"
"CUST002495","45-54","Male","PA","USA","113","First Time","Ticketmaster"
"CUST002496","55+","Prefer not to say","PA","USA","119","Second Time","StubHub"
"CUST002497","35-44","Non-Binary","IL","USA","660","First Time","Dice"
"CUST002498","18-24","Male","MD","USA","154","Second Time","Ticketmaster"
"CUST002499","25-34","Male","NY","USA","163","Second Time","Dice"
"CUST002500","25-34","Prefer not to say","PA","USA","18","Second Time","Ticketmaster"
"CUST002501","55+","Prefer not to say","PA","USA","106","First Time","Festival Website"
"CUST002502","55+","Prefer not to say","GA","USA","681","Second Time","Dice"
"CUST002503","45-54","Female","NY","USA","276","First Time","SeatGeek"
"CUST002504","18-24","Prefer not to say","NY","USA","165","First Time","StubHub"
"CUST002505","55+","Male","MA","USA","320","First Time","SeatGeek"
"CUST002506","25-34","Female","NC","USA","375","Second Time","Dice"
"CUST002507","18-24","Prefer not to say","CT","USA","294","Second Time","Ticketmaster"
"CUST002508","25-34","Prefer not to say","NJ","USA","179","First Time","Festival Website"
"CUST002509","55+","Non-Binary","MA","USA","378","Second Time","Festival Website"
"CUST002510","55+","Non-Binary","OH","USA","290","Returning (3+)","Eventbrite"
"CUST002511","25-34","Male","RI","USA","316","Returning (3+)","StubHub"
"CUST002512","55+","Prefer not to say","MA","USA","329","First Time","SeatGeek"
"CUST002513","18-24","Non-Binary","OH","USA","286","Second Time","Ticketmaster"
"CUST002514","25-34","Prefer not to say","PA","USA","8","First Time","SeatGeek"
"CUST002515","45-54","Non-Binary","NC","USA","462","First Time","SeatGeek"
"CUST002516","35-44","Prefer not to say","NY","USA","273","First Time","StubHub"
"CUST002517","35-44","Female","MA","USA","387","Second Time","Festival Website"
"CUST002518","55+","Male","NJ","USA","243","First Time","Festival Website"
"CUST002519","25-34","Male","GA","USA","655","Second Time","Ticketmaster"
"CUST002520","25-34","Female","RI","USA","328","First Time","Eventbrite"
"CUST002521","55+","Non-Binary","PA","USA","54","First Time","Festival Website"
"CUST002522","25-34","Non-Binary","PA","USA","46","Returning (3+)","StubHub"
"CUST002523","35-44","Male","TX","USA","1416","Returning (3+)","SeatGeek"
"CUST002524","35-44","Female","VA","USA","291","Second Time","StubHub"
"CUST002525","45-54","Female","VA","USA","330","Returning (3+)","StubHub"
"CUST002526","25-34","Prefer not to say","RI","USA","309","First Time","Eventbrite"
"CUST002527","45-54","Non-Binary","NJ","USA","232","Second Time","SeatGeek"
"CUST002528","25-34","Prefer not to say","RI","USA","368","First Time","SeatGeek"
"CUST002529","55+","Male","NY","USA","217","Second Time","Ticketmaster"
"CUST002530","18-24","Prefer not to say","NY","USA","158","First Time","Festival Website"
"CUST002531","25-34","Prefer not to say","PA","USA","100","Second Time","SeatGeek"
"CUST002532","45-54","Female","PA","USA","77","Second Time","StubHub"
"CUST002533","18-24","Prefer not to say","FL","USA","1115","Returning (3+)","Festival Website"
"CUST002534","45-54","Male","PA","USA","139","First Time","Dice"
"CUST002535","55+","Non-Binary","NJ","USA","156","Returning (3+)","Dice"
"CUST002536","45-54","Male","CT","USA","283","Returning (3+)","Dice"
"CUST002537","18-24","Prefer not to say","RI","USA","396","First Time","StubHub"
"CUST002538","45-54","Male","PA","USA","115","Returning (3+)","SeatGeek"
"CUST002539","25-34","Prefer not to say","PA","USA","98","Returning (3+)","Eventbrite"
"CUST002540","25-34","Female","NY","USA","221","Second Time","SeatGeek"
"CUST002541","35-44","Male","SC","USA","646","Second Time","Festival Website"
"CUST002542","55+","Prefer not to say","NC","USA","409","Returning (3+)","Eventbrite"
"CUST002543","45-54","Prefer not to say","IL","USA","786","First Time","StubHub"
"CUST002544","35-44","Female","OH","USA","318","Second Time","Festival Website"
"CUST002545","35-44","Non-Binary","TX","USA","1623","Second Time","SeatGeek"
"CUST002546","35-44","Prefer not to say","MD","USA","72","Second Time","Eventbrite"
"CUST002547","18-24","Female","CA","USA","2503","Second Time","StubHub"
"CUST002548","55+","Male","PA","USA","120","Returning (3+)","Eventbrite"
"CUST002549","18-24","Prefer not to say","PA","USA","62","Returning (3+)","Dice"
"CUST002550","25-34","Female","TX","USA","1463","Second Time","StubHub"
"CUST002551","35-44","Female","PA","USA","25","First Time","SeatGeek"
"CUST002552","45-54","Female","PA","USA","94","First Time","Eventbrite"
"CUST002553","35-44","Non-Binary","NJ","USA","174","First Time","StubHub"
"CUST002554","25-34","Prefer not to say","PA","USA","8","Returning (3+)","Eventbrite"
"CUST002555","45-54","Non-Binary","MI","USA","431","Second Time","Eventbrite"
"CUST002556","35-44","Prefer not to say","PA","USA","137","Returning (3+)","Dice"
"CUST002557","25-34","Female","CA","USA","2729","Second Time","StubHub"
"CUST002558","45-54","Female","PA","USA","104","Second Time","StubHub"
"CUST002559","45-54","Prefer not to say","FL","USA","973","Returning (3+)","SeatGeek"
"CUST002560","55+","Male","OH","USA","357","Second Time","Eventbrite"
"CUST002561","18-24","Male","MA","USA","367","Second Time","SeatGeek"
"CUST002562","35-44","Non-Binary","NJ","USA","141","Second Time","SeatGeek"
"CUST002563","35-44","Prefer not to say","PA","USA","118","First Time","StubHub"
"CUST002564","18-24","Female","NC","USA","408","Second Time","Eventbrite"
"CUST002565","18-24","Male","NJ","USA","240","Second Time","Ticketmaster"
"CUST002566","18-24","Male","CT","USA","350","Second Time","Festival Website"
"CUST002567","45-54","Male","NY","USA","197","Second Time","Festival Website"
"CUST002568","35-44","Female","PA","USA","100","Second Time","Eventbrite"
"CUST002569","35-44","Female","MI","USA","527","Returning (3+)","Festival Website"
"CUST002570","35-44","Prefer not to say","NY","USA","292","First Time","Dice"
"CUST002571","18-24","Non-Binary","PA","USA","119","First Time","StubHub"
"CUST002572","18-24","Prefer not to say","TX","USA","1653","Returning (3+)","Festival Website"
"CUST002573","25-34","Prefer not to say","NY","USA","174","Second Time","Dice"
"CUST002574","18-24","Female","PA","USA","52","Returning (3+)","Eventbrite"
"CUST002575","25-34","Prefer not to say","NJ","USA","218","Returning (3+)","SeatGeek"
"CUST002576","25-34","Non-Binary","NJ","USA","121","Returning (3+)","StubHub"
"CUST002577","55+","Prefer not to say","NY","USA","280","First Time","Festival Website"
"CUST002578","35-44","Male","RI","USA","300","Second Time","SeatGeek"
"CUST002579","18-24","Male","GA","USA","758","Second Time","SeatGeek"
"CUST002580","18-24","Female","RI","USA","397","First Time","Ticketmaster"
"CUST002581","35-44","Female","TX","USA","1599","First Time","Eventbrite"
"CUST002582","25-34","Prefer not to say","NJ","USA","214","Returning (3+)","Festival Website"
"CUST002583","45-54","Male","MD","USA","81","First Time","Eventbrite"
"CUST002584","18-24","Non-Binary","PA","USA","83","Returning (3+)","StubHub"
"CUST002585","55+","Non-Binary","VA","USA","259","Second Time","Ticketmaster"
"CUST002586","35-44","Prefer not to say","PA","USA","64","First Time","Festival Website"
"CUST002587","55+","Non-Binary","NC","USA","415","First Time","StubHub"
"CUST002588","18-24","Prefer not to say","GA","USA","737","First Time","Ticketmaster"
"CUST002589","25-34","Prefer not to say","MD","USA","146","Second Time","Eventbrite"
"CUST002590","25-34","Non-Binary","MD","USA","101","Returning (3+)","StubHub"
"CUST002591","35-44","Prefer not to say","NJ","USA","250","Returning (3+)","SeatGeek"
"CUST002592","35-44","Female","OH","USA","316","First Time","StubHub"
"CUST002593","55+","Prefer not to say","CT","USA","307","First Time","SeatGeek"
"CUST002594","55+","Prefer not to say","CT","USA","272","First Time","StubHub"
"CUST002595","55+","Male","SC","USA","517","Returning (3+)","Eventbrite"
"CUST002596","18-24","Non-Binary","PA","USA","26","Returning (3+)","Festival Website"
"CUST002597","55+","Male","NY","USA","226","Returning (3+)","Festival Website"
"CUST002598","55+","Female","OH","USA","357","First Time","Eventbrite"
"CUST002599","25-34","Non-Binary","NJ","USA","201","Returning (3+)","StubHub"
"CUST002600","45-54","Non-Binary","GA","USA","711","Second Time","StubHub"
"CUST002601","35-44","Prefer not to say","NY","USA","280","First Time","Ticketmaster"
"CUST002602","45-54","Female","MA","USA","376","Returning (3+)","Festival Website"
"CUST002603","18-24","Non-Binary","NY","USA","201","Returning (3+)","Eventbrite"
"CUST002604","35-44","Male","MI","USA","544","First Time","StubHub"
"CUST002605","55+","Non-Binary","RI","USA","343","First Time","Festival Website"
"CUST002606","35-44","Female","NC","USA","320","Second Time","Eventbrite"
"CUST002607","55+","Non-Binary","MD","USA","155","First Time","Ticketmaster"
"CUST002608","35-44","Non-Binary","OH","USA","353","Second Time","SeatGeek"
"CUST002609","18-24","Male","NY","USA","192","First Time","Ticketmaster"
"CUST002610","45-54","Prefer not to say","MD","USA","119","Returning (3+)","Dice"
"CUST002611","35-44","Female","NY","USA","255","Returning (3+)","SeatGeek"
"CUST002612","55+","Prefer not to say","NJ","USA","232","First Time","Dice"
"CUST002613","55+","Male","CA","USA","2501","First Time","Ticketmaster"
"CUST002614","18-24","Male","OH","USA","311","Returning (3+)","Ticketmaster"
"CUST002615","45-54","Male","GA","USA","790","First Time","StubHub"
"CUST002616","55+","Male","NY","USA","222","Second Time","SeatGeek"
"CUST002617","18-24","Prefer not to say","NC","USA","328","Second Time","Dice"
"CUST002618","25-34","Non-Binary","PA","USA","127","Second Time","Ticketmaster"
"CUST002619","55+","Prefer not to say","NJ","USA","142","Returning (3+)","Ticketmaster"
"CUST002620","18-24","Non-Binary","NJ","USA","250","First Time","Dice"
"CUST002621","18-24","Female","TX","USA","1471","Returning (3+)","Ticketmaster"
"CUST002622","55+","Male","PA","USA","108","Second Time","Festival Website"
"CUST002623","25-34","Female","CA","USA","2701","Second Time","Eventbrite"
"CUST002624","35-44","Prefer not to say","RI","USA","392","Returning (3+)","Dice"
"CUST002625","45-54","Prefer not to say","SC","USA","513","First Time","StubHub"
"CUST002626","55+","Female","DE","USA","103","Second Time","Dice"
"CUST002627","55+","Female","NJ","USA","130","Returning (3+)","Festival Website"
"CUST002628","45-54","Male","GA","USA","705","First Time","Dice"
"CUST002629","55+","Female","CA","USA","2577","First Time","StubHub"
"CUST002630","25-34","Female","TX","USA","1618","First Time","Ticketmaster"
"CUST002631","55+","Prefer not to say","PA","USA","128","Second Time","Dice"
"CUST002632","25-34","Male","MD","USA","185","Returning (3+)","Eventbrite"
"CUST002633","18-24","Prefer not to say","TX","USA","1445","Second Time","Eventbrite"
"CUST002634","35-44","Non-Binary","SC","USA","648","Second Time","Ticketmaster"
"CUST002635","18-24","Male","MA","USA","310","Returning (3+)","StubHub"
"CUST002636","45-54","Prefer not to say","NY","USA","216","Second Time","SeatGeek"
"CUST002637","18-24","Male","PA","USA","99","First Time","StubHub"
"CUST002638","55+","Prefer not to say","OH","USA","386","Second Time","Ticketmaster"
"CUST002639","25-34","Female","VA","USA","305","First Time","Eventbrite"
"CUST002640","55+","Non-Binary","NY","USA","274","First Time","StubHub"
"CUST002641","35-44","Male","NC","USA","322","Returning (3+)","StubHub"
"CUST002642","25-34","Non-Binary","TX","USA","1774","Returning (3+)","Ticketmaster"
"CUST002643","45-54","Prefer not to say","MI","USA","555","First Time","StubHub"
"CUST002644","18-24","Prefer not to say","GA","USA","704","Second Time","Dice"
"CUST002645","55+","Prefer not to say","PA","USA","113","Second Time","Dice"
"CUST002646","45-54","Female","NY","USA","218","First Time","Dice"
"CUST002647","45-54","Male","PA","USA","65","Returning (3+)","Eventbrite"
"CUST002648","45-54","Female","MI","USA","466","First Time","Festival Website"
"CUST002649","18-24","Male","IL","USA","785","First Time","Ticketmaster"
"CUST002650","45-54","Prefer not to say","MD","USA","184","Second Time","Dice"
"CUST002651","45-54","Female","PA","USA","3","Second Time","Ticketmaster"
"CUST002652","55+","Male","GA","USA","782","Second Time","StubHub"
"CUST002653","45-54","Non-Binary","PA","USA","96","First Time","Eventbrite"
"CUST002654","25-34","Prefer not to say","MI","USA","435","Returning (3+)","Dice"
"CUST002655","25-34","Prefer not to say","TX","USA","1423","Second Time","StubHub"
"CUST002656","55+","Female","IL","USA","622","Second Time","StubHub"
"CUST002657","45-54","Female","MD","USA","181","Second Time","Dice"
"CUST002658","45-54","Female","MI","USA","533","First Time","Festival Website"
"CUST002659","25-34","Male","CT","USA","346","Second Time","Dice"
"CUST002660","45-54","Non-Binary","IL","USA","698","Second Time","Ticketmaster"
"CUST002661","18-24","Prefer not to say","PA","USA","11","First Time","Eventbrite"
"CUST002662","18-24","Male","MD","USA","76","Returning (3+)","Eventbrite"
"CUST002663","35-44","Female","MI","USA","543","Returning (3+)","Ticketmaster"
"CUST002664","25-34","Female","NC","USA","300","Second Time","Dice"
"CUST002665","45-54","Non-Binary","NY","USA","276","First Time","StubHub"
"CUST002666","35-44","Prefer not to say","NY","USA","181","Returning (3+)","Festival Website"
"CUST002667","18-24","Female","PA","USA","29","Returning (3+)","Dice"
"CUST002668","35-44","Prefer not to say","PA","USA","70","Returning (3+)","Festival Website"
"CUST002669","55+","Prefer not to say","PA","USA","16","First Time","Festival Website"
"CUST002670","25-34","Non-Binary","PA","USA","11","Second Time","StubHub"
"CUST002671","35-44","Non-Binary","RI","USA","381","Returning (3+)","Festival Website"
"CUST002672","35-44","Non-Binary","CT","USA","267","Returning (3+)","StubHub"
"CUST002673","45-54","Female","IL","USA","673","First Time","Festival Website"
"CUST002674","25-34","Female","MD","USA","88","Second Time","Festival Website"
"CUST002675","18-24","Female","OH","USA","260","First Time","Eventbrite"
"CUST002676","35-44","Non-Binary","MD","USA","75","First Time","Dice"
"CUST002677","18-24","Prefer not to say","MA","USA","376","Second Time","StubHub"
"CUST002678","18-24","Prefer not to say","NJ","USA","168","Second Time","Festival Website"
"CUST002679","55+","Prefer not to say","FL","USA","888","First Time","Festival Website"
"CUST002680","25-34","Prefer not to say","NJ","USA","227","First Time","Festival Website"
"CUST002681","55+","Non-Binary","NY","USA","273","First Time","StubHub"
"CUST002682","35-44","Female","MA","USA","338","Second Time","Festival Website"
"CUST002683","18-24","Prefer not to say","OH","USA","361","Returning (3+)","Ticketmaster"
"CUST002684","45-54","Prefer not to say","PA","USA","100","First Time","Eventbrite"
"CUST002685","35-44","Male","SC","USA","535","Returning (3+)","Dice"
"CUST002686","45-54","Female","NC","USA","409","Returning (3+)","Dice"
"CUST002687","35-44","Non-Binary","VA","USA","265","Second Time","Festival Website"
"CUST002688","25-34","Prefer not to say","IL","USA","692","Second Time","Ticketmaster"
"CUST002689","18-24","Prefer not to say","NC","USA","468","Returning (3+)","Ticketmaster"
"CUST002690","25-34","Prefer not to say","SC","USA","454","Second Time","Eventbrite"
"CUST002691","25-34","Female","NY","USA","224","Second Time","Ticketmaster"
"CUST002692","55+","Female","MI","USA","519","Returning (3+)","Festival Website"
"CUST002693","35-44","Non-Binary","OH","USA","268","Returning (3+)","Eventbrite"
"CUST002694","35-44","Non-Binary","NY","USA","297","Returning (3+)","Eventbrite"
"CUST002695","18-24","Prefer not to say","MA","USA","359","Returning (3+)","Dice"
"CUST002696","45-54","Female","GA","USA","614","Returning (3+)","Ticketmaster"
"CUST002697","18-24","Prefer not to say","NY","USA","196","Second Time","SeatGeek"
"CUST002698","55+","Prefer not to say","NY","USA","163","First Time","StubHub"
"CUST002699","35-44","Female","PA","USA","123","First Time","Ticketmaster"
"CUST002700","35-44","Non-Binary","NJ","USA","244","Second Time","Eventbrite"
"CUST002701","18-24","Prefer not to say","PA","USA","48","Returning (3+)","StubHub"
"CUST002702","35-44","Non-Binary","CA","USA","2549","First Time","StubHub"
"CUST002703","55+","Prefer not to say","IL","USA","741","Returning (3+)","Dice"
"CUST002704","25-34","Non-Binary","PA","USA","113","Second Time","Dice"
"CUST002705","35-44","Prefer not to say","NY","USA","280","First Time","SeatGeek"
"CUST002706","35-44","Female","PA","USA","120","Second Time","SeatGeek"
"CUST002707","18-24","Male","NY","USA","264","Returning (3+)","Ticketmaster"
"CUST002708","55+","Non-Binary","PA","USA","133","Second Time","Dice"
"CUST002709","35-44","Male","PA","USA","98","First Time","SeatGeek"
"CUST002710","55+","Male","NJ","USA","202","First Time","Festival Website"
"CUST002711","25-34","Prefer not to say","NY","USA","150","Returning (3+)","Ticketmaster"
"CUST002712","18-24","Non-Binary","FL","USA","1186","First Time","SeatGeek"
"CUST002713","18-24","Non-Binary","NY","USA","264","Returning (3+)","Dice"
"CUST002714","25-34","Non-Binary","NJ","USA","124","Second Time","StubHub"
"CUST002715","35-44","Female","VA","USA","294","Returning (3+)","StubHub"
"CUST002716","55+","Female","TX","USA","1532","Returning (3+)","SeatGeek"
"CUST002717","25-34","Female","MI","USA","504","Second Time","Eventbrite"
"CUST002718","25-34","Female","DE","USA","133","First Time","Eventbrite"
"CUST002719","45-54","Prefer not to say","MD","USA","156","First Time","Festival Website"
"CUST002720","25-34","Non-Binary","DE","USA","153","Returning (3+)","Dice"
"CUST002721","18-24","Prefer not to say","SC","USA","599","Returning (3+)","Eventbrite"
"CUST002722","45-54","Non-Binary","MD","USA","162","Second Time","Festival Website"
"CUST002723","25-34","Male","GA","USA","733","Second Time","Ticketmaster"
"CUST002724","35-44","Female","NJ","USA","233","Returning (3+)","StubHub"
"CUST002725","55+","Female","NY","USA","188","Second Time","Ticketmaster"
"CUST002726","18-24","Non-Binary","PA","USA","7","First Time","StubHub"
"CUST002727","25-34","Female","NJ","USA","225","Returning (3+)","StubHub"
"CUST002728","45-54","Prefer not to say","OH","USA","316","Returning (3+)","Festival Website"
"CUST002729","25-34","Male","NY","USA","271","Second Time","StubHub"
"CUST002730","18-24","Male","NY","USA","243","Returning (3+)","Festival Website"
"CUST002731","25-34","Non-Binary","MI","USA","577","First Time","Festival Website"
"CUST002732","18-24","Non-Binary","NJ","USA","189","First Time","Festival Website"
"CUST002733","25-34","Male","VA","USA","304","First Time","Dice"
"CUST002734","18-24","Male","VA","USA","239","Returning (3+)","Dice"
"CUST002735","18-24","Prefer not to say","RI","USA","312","Returning (3+)","Dice"
"CUST002736","25-34","Female","DE","USA","162","Returning (3+)","SeatGeek"
"CUST002737","35-44","Prefer not to say","NY","USA","207","First Time","SeatGeek"
"CUST002738","18-24","Non-Binary","SC","USA","495","Returning (3+)","Festival Website"
"CUST002739","35-44","Prefer not to say","NJ","USA","226","Second Time","Festival Website"
"CUST002740","18-24","Female","NJ","USA","249","First Time","Festival Website"
"CUST002741","45-54","Male","MD","USA","198","Returning (3+)","Festival Website"
"CUST002742","35-44","Female","VA","USA","322","Returning (3+)","Dice"
"CUST002743","45-54","Non-Binary","PA","USA","85","Second Time","StubHub"
"CUST002744","35-44","Male","CA","USA","2677","Second Time","SeatGeek"
"CUST002745","25-34","Male","MA","USA","317","First Time","Dice"
"CUST002746","35-44","Female","MD","USA","115","Returning (3+)","Eventbrite"
"CUST002747","18-24","Female","TX","USA","1544","Returning (3+)","Dice"
"CUST002748","55+","Female","NJ","USA","151","Returning (3+)","Dice"
"CUST002749","25-34","Female","PA","USA","33","Returning (3+)","Festival Website"
"CUST002750","55+","Prefer not to say","FL","USA","1147","Returning (3+)","StubHub"
"CUST002751","55+","Prefer not to say","NJ","USA","103","Second Time","StubHub"
"CUST002752","25-34","Female","MD","USA","59","First Time","Dice"
"CUST002753","18-24","Female","NY","USA","214","First Time","Ticketmaster"
"CUST002754","35-44","Prefer not to say","CT","USA","289","First Time","Festival Website"
"CUST002755","45-54","Female","NJ","USA","203","Returning (3+)","SeatGeek"
"CUST002756","55+","Non-Binary","PA","USA","37","Returning (3+)","Festival Website"
"CUST002757","18-24","Non-Binary","GA","USA","753","Second Time","Eventbrite"
"CUST002758","35-44","Prefer not to say","FL","USA","998","Second Time","Eventbrite"
"CUST002759","18-24","Non-Binary","RI","USA","327","Second Time","StubHub"
"CUST002760","25-34","Male","OH","USA","394","Second Time","Eventbrite"
"CUST002761","45-54","Non-Binary","NY","USA","294","First Time","Festival Website"
"CUST002762","35-44","Male","TX","USA","1402","Second Time","Ticketmaster"
"CUST002763","55+","Non-Binary","NY","USA","244","First Time","StubHub"
"CUST002764","55+","Female","NY","USA","234","Returning (3+)","Festival Website"
"CUST002765","45-54","Female","RI","USA","383","Second Time","Eventbrite"
"CUST002766","45-54","Female","FL","USA","848","Second Time","Ticketmaster"
"CUST002767","18-24","Non-Binary","NY","USA","221","Second Time","Dice"
"CUST002768","35-44","Non-Binary","PA","USA","76","First Time","SeatGeek"
"CUST002769","55+","Non-Binary","MI","USA","549","First Time","Dice"
"CUST002770","25-34","Female","NJ","USA","154","Returning (3+)","StubHub"
"CUST002771","55+","Non-Binary","NJ","USA","231","Second Time","Dice"
"CUST002772","35-44","Female","FL","USA","865","Returning (3+)","Festival Website"
"CUST002773","45-54","Non-Binary","PA","USA","21","Second Time","Ticketmaster"
"CUST002774","25-34","Non-Binary","NY","USA","157","First Time","Eventbrite"
"CUST002775","55+","Female","NJ","USA","217","Returning (3+)","Eventbrite"
"CUST002776","45-54","Prefer not to say","NY","USA","228","Second Time","Dice"
"CUST002777","45-54","Prefer not to say","CA","USA","2591","Returning (3+)","Dice"
"CUST002778","18-24","Male","MI","USA","558","First Time","Ticketmaster"
"CUST002779","18-24","Female","TX","USA","1546","Returning (3+)","SeatGeek"
"CUST002780","45-54","Male","RI","USA","320","Second Time","Festival Website"
"CUST002781","25-34","Male","CT","USA","343","Returning (3+)","SeatGeek"
"CUST002782","25-34","Prefer not to say","CA","USA","2959","Second Time","Eventbrite"
"CUST002783","55+","Non-Binary","VA","USA","349","Second Time","Ticketmaster"
"CUST002784","18-24","Female","MI","USA","578","Second Time","SeatGeek"
"CUST002785","18-24","Non-Binary","IL","USA","761","First Time","SeatGeek"
"CUST002786","35-44","Non-Binary","DE","USA","159","Second Time","Eventbrite"
"CUST002787","35-44","Non-Binary","MA","USA","308","Second Time","Eventbrite"
"CUST002788","25-34","Prefer not to say","NY","USA","289","First Time","StubHub"
"CUST002789","18-24","Male","NY","USA","172","Second Time","StubHub"
"CUST002790","18-24","Prefer not to say","FL","USA","1035","Second Time","Festival Website"
"CUST002791","18-24","Non-Binary","MA","USA","319","Returning (3+)","Eventbrite"
"CUST002792","25-34","Female","RI","USA","350","Returning (3+)","SeatGeek"
"CUST002793","55+","Non-Binary","NY","USA","241","First Time","StubHub"
"CUST002794","25-34","Male","NY","USA","236","Second Time","SeatGeek"
"CUST002795","35-44","Non-Binary","OH","USA","303","Second Time","Eventbrite"
"CUST002796","45-54","Male","NJ","USA","176","First Time","SeatGeek"
"CUST002797","45-54","Female","PA","USA","59","Returning (3+)","Ticketmaster"
"CUST002798","35-44","Prefer not to say","GA","USA","705","First Time","StubHub"
"CUST002799","35-44","Male","GA","USA","755","Second Time","Dice"
"CUST002800","45-54","Non-Binary","MI","USA","494","Returning (3+)","Eventbrite"
"CUST002801","45-54","Female","MD","USA","105","Second Time","StubHub"
"CUST002802","25-34","Female","PA","USA","132","First Time","Ticketmaster"
"CUST002803","25-34","Prefer not to say","PA","USA","107","Second Time","Dice"
"CUST002804","55+","Male","TX","USA","1643","Second Time","Ticketmaster"
"CUST002805","55+","Female","OH","USA","270","First Time","Dice"
"CUST002806","25-34","Female","MD","USA","112","First Time","StubHub"
"CUST002807","55+","Female","MD","USA","113","First Time","Festival Website"
"CUST002808","35-44","Male","MD","USA","173","Returning (3+)","SeatGeek"
"CUST002809","18-24","Non-Binary","VA","USA","164","Second Time","Eventbrite"
"CUST002810","45-54","Female","FL","USA","829","Returning (3+)","Dice"
"CUST002811","35-44","Female","NJ","USA","217","Returning (3+)","Ticketmaster"
"CUST002812","45-54","Female","CA","USA","2604","First Time","Festival Website"
"CUST002813","35-44","Male","NC","USA","370","First Time","SeatGeek"
"CUST002814","55+","Female","SC","USA","509","Returning (3+)","SeatGeek"
"CUST002815","18-24","Prefer not to say","MD","USA","57","Returning (3+)","Dice"
"CUST002816","18-24","Female","NY","USA","167","Returning (3+)","Eventbrite"
"CUST002817","55+","Female","NY","USA","276","Returning (3+)","Dice"
"CUST002818","18-24","Prefer not to say","NC","USA","392","First Time","Ticketmaster"
"CUST002819","35-44","Female","RI","USA","379","Returning (3+)","Festival Website"
"CUST002820","35-44","Prefer not to say","OH","USA","291","First Time","Festival Website"
"CUST002821","25-34","Non-Binary","PA","USA","148","Second Time","Dice"
"CUST002822","18-24","Non-Binary","OH","USA","273","Returning (3+)","Ticketmaster"
"CUST002823","18-24","Female","NJ","USA","173","Returning (3+)","Festival Website"
"CUST002824","55+","Non-Binary","OH","USA","288","Returning (3+)","Ticketmaster"
"CUST002825","35-44","Female","NJ","USA","195","First Time","Dice"
"CUST002826","55+","Non-Binary","VA","USA","190","Second Time","Festival Website"
"CUST002827","45-54","Female","NY","USA","284","First Time","Festival Website"
"CUST002828","25-34","Male","GA","USA","687","Second Time","Dice"
"CUST002829","35-44","Female","PA","USA","71","Returning (3+)","Eventbrite"
"CUST002830","55+","Male","DE","USA","188","Returning (3+)","Dice"
"CUST002831","35-44","Female","MD","USA","154","First Time","Eventbrite"
"CUST002832","25-34","Non-Binary","GA","USA","739","First Time","Ticketmaster"
"CUST002833","18-24","Male","PA","USA","149","Returning (3+)","StubHub"
"CUST002834","25-34","Prefer not to say","VA","USA","330","Second Time","StubHub"
"CUST002835","55+","Female","PA","USA","137","First Time","Ticketmaster"
"CUST002836","45-54","Female","CA","USA","2707","First Time","Dice"
"CUST002837","35-44","Prefer not to say","MA","USA","321","Returning (3+)","SeatGeek"
"CUST002838","45-54","Male","NY","USA","249","Second Time","StubHub"
"CUST002839","18-24","Female","DE","USA","179","Returning (3+)","Festival Website"
"CUST002840","25-34","Non-Binary","MA","USA","391","First Time","Dice"
"CUST002841","18-24","Male","PA","USA","126","First Time","Festival Website"
"CUST002842","55+","Prefer not to say","NJ","USA","241","First Time","StubHub"
"CUST002843","45-54","Male","MD","USA","190","Second Time","Festival Website"
"CUST002844","25-34","Prefer not to say","PA","USA","0","First Time","Festival Website"
"CUST002845","18-24","Non-Binary","SC","USA","517","First Time","Dice"
"CUST002846","25-34","Non-Binary","PA","USA","15","First Time","Festival Website"
"CUST002847","55+","Female","RI","USA","370","First Time","Eventbrite"
"CUST002848","18-24","Non-Binary","SC","USA","615","First Time","Ticketmaster"
"CUST002849","25-34","Male","NC","USA","357","Returning (3+)","Dice"
"CUST002850","45-54","Female","MI","USA","462","Returning (3+)","Dice"
"CUST002851","35-44","Male","NY","USA","216","Returning (3+)","Ticketmaster"
"CUST002852","35-44","Non-Binary","SC","USA","525","Second Time","Eventbrite"
"CUST002853","18-24","Prefer not to say","MA","USA","395","First Time","Festival Website"
"CUST002854","18-24","Male","TX","USA","1730","Returning (3+)","StubHub"
"CUST002855","55+","Male","TX","USA","1601","Returning (3+)","SeatGeek"
"CUST002856","25-34","Female","MD","USA","116","Returning (3+)","SeatGeek"
"CUST002857","35-44","Female","CT","USA","271","First Time","Ticketmaster"
"CUST002858","55+","Non-Binary","NJ","USA","172","Returning (3+)","StubHub"
"CUST002859","55+","Non-Binary","NC","USA","318","Returning (3+)","Dice"
"CUST002860","18-24","Female","TX","USA","1566","Returning (3+)","Ticketmaster"
"CUST002861","55+","Non-Binary","IL","USA","772","Returning (3+)","Festival Website"
"CUST002862","35-44","Male","NY","USA","298","Returning (3+)","SeatGeek"
"CUST002863","18-24","Male","MI","USA","442","First Time","Festival Website"
"CUST002864","35-44","Female","NJ","USA","168","Second Time","Dice"
"CUST002865","18-24","Female","GA","USA","661","Returning (3+)","Ticketmaster"
"CUST002866","25-34","Non-Binary","PA","USA","70","Second Time","Festival Website"
"CUST002867","35-44","Non-Binary","NY","USA","246","Second Time","Dice"
"CUST002868","18-24","Female","PA","USA","17","Second Time","Dice"
"CUST002869","18-24","Non-Binary","NC","USA","399","Returning (3+)","Eventbrite"
"CUST002870","45-54","Non-Binary","IL","USA","727","Second Time","Dice"
"CUST002871","18-24","Non-Binary","PA","USA","89","Returning (3+)","Eventbrite"
"CUST002872","55+","Male","PA","USA","21","Second Time","Dice"
"CUST002873","55+","Male","PA","USA","143","Second Time","Ticketmaster"
"CUST002874","45-54","Prefer not to say","DE","USA","162","Returning (3+)","Festival Website"
"CUST002875","25-34","Non-Binary","SC","USA","569","Returning (3+)","Ticketmaster"
"CUST002876","25-34","Male","VA","USA","164","Returning (3+)","SeatGeek"
"CUST002877","45-54","Prefer not to say","DE","USA","167","Second Time","Festival Website"
"CUST002878","18-24","Male","NJ","USA","225","First Time","StubHub"
"CUST002879","18-24","Prefer not to say","CT","USA","269","First Time","StubHub"
"CUST002880","18-24","Female","RI","USA","314","Second Time","Festival Website"
"CUST002881","45-54","Non-Binary","VA","USA","317","Second Time","SeatGeek"
"CUST002882","35-44","Male","RI","USA","323","Returning (3+)","StubHub"
"CUST002883","55+","Prefer not to say","MI","USA","447","Second Time","Ticketmaster"
"CUST002884","25-34","Non-Binary","RI","USA","308","Returning (3+)","Ticketmaster"
"CUST002885","25-34","Non-Binary","PA","USA","150","Returning (3+)","SeatGeek"
"CUST002886","18-24","Prefer not to say","OH","USA","353","Returning (3+)","StubHub"
"CUST002887","45-54","Non-Binary","PA","USA","115","Second Time","Dice"
"CUST002888","18-24","Non-Binary","SC","USA","483","First Time","StubHub"
"CUST002889","18-24","Male","CA","USA","2853","First Time","Ticketmaster"
"CUST002890","25-34","Male","RI","USA","308","Second Time","StubHub"
"CUST002891","35-44","Prefer not to say","FL","USA","1163","Second Time","Festival Website"
"CUST002892","45-54","Male","NC","USA","347","Returning (3+)","StubHub"
"CUST002893","55+","Female","MD","USA","157","Returning (3+)","SeatGeek"
"CUST002894","18-24","Non-Binary","MA","USA","376","Returning (3+)","Dice"
"CUST002895","45-54","Prefer not to say","PA","USA","133","First Time","Eventbrite"
"CUST002896","18-24","Female","RI","USA","330","Returning (3+)","StubHub"
"CUST002897","35-44","Female","PA","USA","39","Second Time","Eventbrite"
"CUST002898","25-34","Female","PA","USA","112","Returning (3+)","Ticketmaster"
"CUST002899","45-54","Non-Binary","MD","USA","101","Second Time","StubHub"
"CUST002900","35-44","Non-Binary","DE","USA","189","First Time","Festival Website"
"CUST002901","25-34","Female","PA","USA","8","Second Time","SeatGeek"
"CUST002902","55+","Non-Binary","IL","USA","723","Second Time","Dice"
"CUST002903","55+","Non-Binary","SC","USA","551","Second Time","Ticketmaster"
"CUST002904","35-44","Female","MD","USA","127","Returning (3+)","StubHub"
"CUST002905","35-44","Female","OH","USA","331","Second Time","SeatGeek"
"CUST002906","55+","Female","PA","USA","32","Second Time","Festival Website"
"CUST002907","18-24","Non-Binary","NC","USA","461","First Time","Eventbrite"
"CUST002908","45-54","Non-Binary","PA","USA","11","Second Time","Dice"
"CUST002909","18-24","Non-Binary","NY","USA","172","First Time","Festival Website"
"CUST002910","25-34","Male","GA","USA","663","First Time","Dice"
"CUST002911","35-44","Female","FL","USA","1096","Returning (3+)","Dice"
"CUST002912","25-34","Male","FL","USA","1017","Returning (3+)","StubHub"
"CUST002913","25-34","Prefer not to say","IL","USA","758","Second Time","Festival Website"
"CUST002914","55+","Non-Binary","SC","USA","567","Second Time","Festival Website"
"CUST002915","18-24","Female","NJ","USA","102","Second Time","Festival Website"
"CUST002916","25-34","Prefer not to say","NY","USA","248","Returning (3+)","Ticketmaster"
"CUST002917","35-44","Female","DE","USA","161","First Time","Dice"
"CUST002918","55+","Non-Binary","NJ","USA","209","First Time","StubHub"
"CUST002919","45-54","Prefer not to say","MI","USA","439","Second Time","StubHub"
"CUST002920","45-54","Male","NY","USA","217","Second Time","Festival Website"
"CUST002921","55+","Non-Binary","SC","USA","562","First Time","Festival Website"
"CUST002922","18-24","Prefer not to say","SC","USA","596","Returning (3+)","Ticketmaster"
"CUST002923","35-44","Male","PA","USA","10","First Time","StubHub"
"CUST002924","25-34","Female","PA","USA","66","First Time","Ticketmaster"
"CUST002925","55+","Female","NJ","USA","219","First Time","Festival Website"
"CUST002926","25-34","Prefer not to say","NJ","USA","157","Returning (3+)","Festival Website"
"CUST002927","35-44","Male","MD","USA","78","Returning (3+)","Festival Website"
"CUST002928","25-34","Female","TX","USA","1521","Second Time","StubHub"
"CUST002929","55+","Non-Binary","PA","USA","52","First Time","Eventbrite"
"CUST002930","55+","Female","PA","USA","102","First Time","Eventbrite"
"CUST002931","45-54","Male","MD","USA","176","Second Time","Dice"
"CUST002932","45-54","Female","PA","USA","67","Second Time","SeatGeek"
"CUST002933","55+","Female","MI","USA","541","Returning (3+)","Dice"
"CUST002934","18-24","Prefer not to say","CA","USA","2939","Returning (3+)","Ticketmaster"
"CUST002935","25-34","Male","NY","USA","271","Returning (3+)","SeatGeek"
"CUST002936","18-24","Non-Binary","NJ","USA","153","Returning (3+)","Dice"
"CUST002937","55+","Non-Binary","PA","USA","138","Returning (3+)","StubHub"
"CUST002938","18-24","Prefer not to say","IL","USA","717","Second Time","Ticketmaster"
"CUST002939","18-24","Non-Binary","PA","USA","90","Returning (3+)","Dice"
"CUST002940","35-44","Female","GA","USA","715","Returning (3+)","Ticketmaster"
"CUST002941","18-24","Male","MD","USA","163","First Time","Eventbrite"
"CUST002942","35-44","Male","PA","USA","18","Second Time","Eventbrite"
"CUST002943","45-54","Female","NC","USA","459","Returning (3+)","Dice"
"CUST002944","55+","Female","FL","USA","978","Returning (3+)","Eventbrite"
"CUST002945","18-24","Non-Binary","RI","USA","381","Returning (3+)","StubHub"
"CUST002946","25-34","Non-Binary","IL","USA","747","First Time","SeatGeek"
"CUST002947","25-34","Prefer not to say","TX","USA","1714","First Time","Dice"
"CUST002948","55+","Non-Binary","NJ","USA","163","First Time","Dice"
"CUST002949","25-34","Male","CA","USA","2982","First Time","Dice"
"CUST002950","25-34","Prefer not to say","CA","USA","2530","Second Time","Dice"
"CUST002951","35-44","Female","NY","USA","186","Returning (3+)","Ticketmaster"
"CUST002952","25-34","Male","PA","USA","94","Returning (3+)","Festival Website"
"CUST002953","55+","Male","CA","USA","2585","Returning (3+)","Dice"
"CUST002954","45-54","Female","GA","USA","705","Second Time","Eventbrite"
"CUST002955","45-54","Non-Binary","VA","USA","290","Returning (3+)","StubHub"
"CUST002956","35-44","Female","PA","USA","5","Returning (3+)","Ticketmaster"
"CUST002957","25-34","Prefer not to say","MA","USA","380","Returning (3+)","Ticketmaster"
"CUST002958","45-54","Male","VA","USA","332","First Time","StubHub"
"CUST002959","35-44","Prefer not to say","NY","USA","246","Returning (3+)","Festival Website"
"CUST002960","55+","Female","MA","USA","320","First Time","SeatGeek"
"CUST002961","55+","Prefer not to say","IL","USA","789","Returning (3+)","Dice"
"CUST002962","25-34","Female","NC","USA","472","Returning (3+)","Ticketmaster"
"CUST002963","55+","Non-Binary","NJ","USA","138","First Time","Ticketmaster"
"CUST002964","45-54","Female","VA","USA","162","Returning (3+)","Festival Website"
"CUST002965","18-24","Male","DE","USA","164","First Time","Eventbrite"
"CUST002966","35-44","Female","NY","USA","262","First Time","SeatGeek"
"CUST002967","55+","Prefer not to say","OH","USA","253","Returning (3+)","Ticketmaster"
"CUST002968","35-44","Female","GA","USA","742","Returning (3+)","Festival Website"
"CUST002969","25-34","Female","NJ","USA","136","Second Time","SeatGeek"
"CUST002970","18-24","Non-Binary","VA","USA","297","First Time","Dice"
"CUST002971","18-24","Female","NJ","USA","179","Second Time","Eventbrite"
"CUST002972","35-44","Prefer not to say","MA","USA","395","Returning (3+)","StubHub"
"CUST002973","35-44","Female","CT","USA","272","First Time","StubHub"
"CUST002974","45-54","Male","SC","USA","466","Returning (3+)","SeatGeek"
"CUST002975","55+","Prefer not to say","PA","USA","15","Second Time","SeatGeek"
"CUST002976","55+","Prefer not to say","MI","USA","580","Returning (3+)","Festival Website"
"CUST002977","45-54","Female","PA","USA","23","Second Time","Festival Website"
"CUST002978","45-54","Female","CA","USA","2828","First Time","StubHub"
"CUST002979","45-54","Non-Binary","MD","USA","123","First Time","Dice"
"CUST002980","55+","Male","DE","USA","175","Second Time","StubHub"
"CUST002981","35-44","Non-Binary","PA","USA","65","Second Time","Dice"
"CUST002982","55+","Prefer not to say","SC","USA","469","First Time","Dice"
"CUST002983","25-34","Female","MD","USA","174","First Time","SeatGeek"
"CUST002984","18-24","Female","RI","USA","328","Second Time","StubHub"
"CUST002985","45-54","Prefer not to say","NJ","USA","213","First Time","Eventbrite"
"CUST002986","18-24","Prefer not to say","IL","USA","712","Returning (3+)","Eventbrite"
"CUST002987","18-24","Male","NY","USA","160","First Time","Ticketmaster"
"CUST002988","45-54","Female","CT","USA","266","First Time","Eventbrite"
"CUST002989","25-34","Non-Binary","NC","USA","397","Returning (3+)","Ticketmaster"
"CUST002990","45-54","Prefer not to say","PA","USA","107","Second Time","StubHub"
"CUST002991","55+","Male","SC","USA","492","Second Time","Festival Website"
"CUST002992","55+","Male","TX","USA","1517","Second Time","Dice"
"CUST002993","35-44","Non-Binary","MI","USA","447","Second Time","Festival Website"
"CUST002994","25-34","Prefer not to say","MI","USA","534","Second Time","Eventbrite"
"CUST002995","25-34","Prefer not to say","OH","USA","337","First Time","StubHub"
"CUST002996","45-54","Female","PA","USA","56","Second Time","StubHub"
"CUST002997","45-54","Prefer not to say","NC","USA","430","Returning (3+)","StubHub"
"CUST002998","18-24","Non-Binary","NY","USA","237","Second Time","StubHub"
"CUST002999","55+","Male","PA","USA","76","Second Time","Eventbrite"
"CUST003000","35-44","Prefer not to say","NJ","USA","207","Second Time","Festival Website"
"CUST003001","25-34","Female","FL","USA","951","First Time","Festival Website"
"CUST003002","35-44","Male","FL","USA","903","Returning (3+)","Festival Website"
"CUST003003","55+","Non-Binary","CT","USA","327","First Time","Festival Website"
"CUST003004","25-34","Prefer not to say","PA","USA","106","Returning (3+)","Dice"
"CUST003005","25-34","Prefer not to say","MI","USA","556","Returning (3+)","Festival Website"
"CUST003006","25-34","Male","IL","USA","624","Second Time","Festival Website"
"CUST003007","18-24","Female","NY","USA","196","First Time","Festival Website"
"CUST003008","25-34","Prefer not to say","NY","USA","256","Returning (3+)","Eventbrite"
"CUST003009","25-34","Male","MD","USA","101","First Time","Eventbrite"
"CUST003010","35-44","Non-Binary","DE","USA","105","Returning (3+)","Festival Website"
"CUST003011","35-44","Male","OH","USA","271","First Time","SeatGeek"
"CUST003012","25-34","Female","VA","USA","304","Second Time","SeatGeek"
"CUST003013","35-44","Non-Binary","NC","USA","334","First Time","StubHub"
"CUST003014","25-34","Prefer not to say","CA","USA","2568","Second Time","StubHub"
"CUST003015","45-54","Male","VA","USA","230","Second Time","Festival Website"
"CUST003016","25-34","Non-Binary","PA","USA","24","Second Time","StubHub"
"CUST003017","25-34","Male","NY","USA","223","Returning (3+)","StubHub"
"CUST003018","35-44","Female","RI","USA","343","First Time","Dice"
"CUST003019","55+","Prefer not to say","NY","USA","233","Second Time","Festival Website"
"CUST003020","25-34","Non-Binary","MD","USA","198","Second Time","Dice"
"CUST003021","35-44","Male","MA","USA","394","Returning (3+)","SeatGeek"
"CUST003022","35-44","Male","PA","USA","14","Second Time","StubHub"
"CUST003023","18-24","Male","MI","USA","406","Second Time","StubHub"
"CUST003024","25-34","Non-Binary","FL","USA","968","Second Time","Dice"
"CUST003025","18-24","Non-Binary","MA","USA","374","Returning (3+)","SeatGeek"
"CUST003026","45-54","Female","IL","USA","628","First Time","Eventbrite"
"CUST003027","18-24","Prefer not to say","MD","USA","200","Second Time","Dice"
"CUST003028","55+","Male","NC","USA","455","Second Time","StubHub"
"CUST003029","35-44","Non-Binary","NY","USA","275","Second Time","StubHub"
"CUST003030","35-44","Male","GA","USA","732","First Time","StubHub"
"CUST003031","35-44","Non-Binary","NJ","USA","163","Returning (3+)","Dice"
"CUST003032","25-34","Prefer not to say","CA","USA","2868","First Time","Dice"
"CUST003033","25-34","Female","NC","USA","300","First Time","StubHub"
"CUST003034","18-24","Non-Binary","PA","USA","141","Returning (3+)","StubHub"
"CUST003035","25-34","Prefer not to say","OH","USA","335","Returning (3+)","Festival Website"
"CUST003036","18-24","Female","NJ","USA","212","Second Time","Dice"
"CUST003037","45-54","Non-Binary","PA","USA","28","Returning (3+)","Ticketmaster"
"CUST003038","45-54","Non-Binary","NJ","USA","187","Returning (3+)","Ticketmaster"
"CUST003039","55+","Non-Binary","NJ","USA","219","Second Time","SeatGeek"
"CUST003040","35-44","Female","CT","USA","274","Second Time","Eventbrite"
"CUST003041","25-34","Prefer not to say","GA","USA","723","Second Time","Dice"
"CUST003042","45-54","Female","TX","USA","1608","Second Time","Dice"
"CUST003043","35-44","Male","IL","USA","798","Returning (3+)","Ticketmaster"
"CUST003044","18-24","Non-Binary","OH","USA","377","First Time","Eventbrite"
"CUST003045","45-54","Male","IL","USA","744","Returning (3+)","SeatGeek"
"CUST003046","18-24","Prefer not to say","PA","USA","37","First Time","Eventbrite"
"CUST003047","18-24","Female","TX","USA","1748","Second Time","StubHub"
"CUST003048","18-24","Prefer not to say","RI","USA","329","Second Time","SeatGeek"
"CUST003049","25-34","Non-Binary","RI","USA","381","First Time","Festival Website"
"CUST003050","35-44","Male","MD","USA","147","First Time","Eventbrite"
"CUST003051","55+","Non-Binary","OH","USA","354","First Time","Festival Website"
"CUST003052","18-24","Female","PA","USA","78","Returning (3+)","Eventbrite"
"CUST003053","35-44","Male","CA","USA","2514","First Time","SeatGeek"
"CUST003054","35-44","Non-Binary","MD","USA","168","Second Time","Eventbrite"
"CUST003055","45-54","Male","PA","USA","2","Returning (3+)","Festival Website"
"CUST003056","45-54","Non-Binary","CA","USA","2943","First Time","Dice"
"CUST003057","55+","Prefer not to say","TX","USA","1659","Returning (3+)","Eventbrite"
"CUST003058","25-34","Male","RI","USA","392","First Time","Ticketmaster"
"CUST003059","18-24","Prefer not to say","NJ","USA","186","Second Time","Eventbrite"
"CUST003060","55+","Prefer not to say","CT","USA","292","First Time","Eventbrite"
"CUST003061","45-54","Female","IL","USA","747","Second Time","Eventbrite"
"CUST003062","25-34","Prefer not to say","NJ","USA","187","First Time","Dice"
"CUST003063","18-24","Female","VA","USA","299","First Time","Dice"
"CUST003064","25-34","Male","CT","USA","302","Returning (3+)","Festival Website"
"CUST003065","25-34","Prefer not to say","NY","USA","196","Second Time","StubHub"
"CUST003066","35-44","Female","PA","USA","2","First Time","Eventbrite"
"CUST003067","25-34","Prefer not to say","TX","USA","1494","Returning (3+)","Eventbrite"
"CUST003068","35-44","Female","PA","USA","55","First Time","Festival Website"
"CUST003069","45-54","Prefer not to say","NJ","USA","212","Returning (3+)","Festival Website"
"CUST003070","25-34","Female","NC","USA","432","First Time","Ticketmaster"
"CUST003071","18-24","Prefer not to say","OH","USA","254","Second Time","Eventbrite"
"CUST003072","45-54","Male","IL","USA","648","Second Time","Ticketmaster"
"CUST003073","25-34","Female","CA","USA","2873","First Time","Festival Website"
"CUST003074","45-54","Male","MI","USA","454","Returning (3+)","SeatGeek"
"CUST003075","25-34","Non-Binary","GA","USA","664","Second Time","Ticketmaster"
"CUST003076","25-34","Prefer not to say","PA","USA","1","Second Time","SeatGeek"
"CUST003077","18-24","Male","GA","USA","624","Second Time","Eventbrite"
"CUST003078","25-34","Non-Binary","PA","USA","68","First Time","SeatGeek"
"CUST003079","35-44","Female","MI","USA","448","First Time","Dice"
"CUST003080","18-24","Male","VA","USA","333","Second Time","SeatGeek"
"CUST003081","18-24","Prefer not to say","VA","USA","179","Second Time","Festival Website"
"CUST003082","25-34","Male","GA","USA","722","Second Time","Ticketmaster"
"CUST003083","25-34","Non-Binary","DE","USA","162","First Time","Eventbrite"
"CUST003084","25-34","Prefer not to say","CT","USA","339","Returning (3+)","SeatGeek"
"CUST003085","55+","Non-Binary","PA","USA","137","Returning (3+)","Festival Website"
"CUST003086","55+","Non-Binary","NY","USA","169","Second Time","Festival Website"
"CUST003087","55+","Female","PA","USA","73","First Time","SeatGeek"
"CUST003088","18-24","Non-Binary","DE","USA","116","First Time","Festival Website"
"CUST003089","45-54","Female","PA","USA","40","Second Time","Dice"
"CUST003090","35-44","Female","CT","USA","280","Second Time","SeatGeek"
"CUST003091","35-44","Female","NJ","USA","164","First Time","Ticketmaster"
"CUST003092","55+","Male","NY","USA","259","Returning (3+)","Dice"
"CUST003093","18-24","Male","IL","USA","689","First Time","Eventbrite"
"CUST003094","25-34","Male","MA","USA","306","First Time","Festival Website"
"CUST003095","35-44","Prefer not to say","RI","USA","400","Returning (3+)","StubHub"
"CUST003096","45-54","Non-Binary","GA","USA","738","Second Time","Festival Website"
"CUST003097","35-44","Non-Binary","RI","USA","302","Returning (3+)","Ticketmaster"
"CUST003098","25-34","Non-Binary","OH","USA","371","Returning (3+)","StubHub"
"CUST003099","18-24","Prefer not to say","CT","USA","307","First Time","Dice"
"CUST003100","35-44","Female","PA","USA","75","First Time","SeatGeek"
"CUST003101","35-44","Male","NY","USA","200","Second Time","Ticketmaster"
"CUST003102","25-34","Female","MA","USA","305","Returning (3+)","SeatGeek"
"CUST003103","45-54","Prefer not to say","VA","USA","236","Second Time","Ticketmaster"
"CUST003104","35-44","Non-Binary","PA","USA","32","First Time","Dice"
"CUST003105","55+","Female","PA","USA","145","First Time","StubHub"
"CUST003106","35-44","Prefer not to say","PA","USA","150","Returning (3+)","Eventbrite"
"CUST003107","25-34","Female","PA","USA","134","Returning (3+)","StubHub"
"CUST003108","55+","Male","CT","USA","340","Returning (3+)","Festival Website"
"CUST003109","18-24","Prefer not to say","TX","USA","1560","First Time","Dice"
"CUST003110","18-24","Male","FL","USA","1072","Returning (3+)","Festival Website"
"CUST003111","55+","Male","MD","USA","173","Returning (3+)","Ticketmaster"
"CUST003112","18-24","Male","MI","USA","524","Second Time","Festival Website"
"CUST003113","25-34","Non-Binary","TX","USA","1560","Second Time","Dice"
"CUST003114","45-54","Non-Binary","CA","USA","2534","Returning (3+)","Eventbrite"
"CUST003115","25-34","Non-Binary","PA","USA","130","Second Time","SeatGeek"
"CUST003116","55+","Female","MD","USA","93","First Time","Ticketmaster"
"CUST003117","45-54","Prefer not to say","PA","USA","146","First Time","Ticketmaster"
"CUST003118","18-24","Female","NC","USA","496","Returning (3+)","Ticketmaster"
"CUST003119","18-24","Female","IL","USA","604","First Time","StubHub"
"CUST003120","45-54","Prefer not to say","NY","USA","290","First Time","Festival Website"
"CUST003121","25-34","Male","CA","USA","2937","First Time","Dice"
"CUST003122","55+","Prefer not to say","CT","USA","302","Second Time","SeatGeek"
"CUST003123","35-44","Prefer not to say","GA","USA","677","Second Time","Ticketmaster"
"CUST003124","35-44","Female","TX","USA","1630","Second Time","Festival Website"
"CUST003125","25-34","Female","RI","USA","353","Second Time","SeatGeek"
"CUST003126","25-34","Male","DE","USA","115","Second Time","Dice"
"CUST003127","18-24","Male","MI","USA","501","First Time","Festival Website"
"CUST003128","55+","Non-Binary","CT","USA","285","First Time","Eventbrite"
"CUST003129","18-24","Female","CT","USA","298","Returning (3+)","Dice"
"CUST003130","25-34","Female","NJ","USA","173","Second Time","StubHub"
"CUST003131","25-34","Male","NJ","USA","111","Returning (3+)","Dice"
"CUST003132","45-54","Female","FL","USA","955","Returning (3+)","Ticketmaster"
"CUST003133","55+","Non-Binary","GA","USA","704","First Time","Eventbrite"
"CUST003134","55+","Male","PA","USA","74","First Time","Eventbrite"
"CUST003135","25-34","Male","GA","USA","694","First Time","Ticketmaster"
"CUST003136","45-54","Non-Binary","CA","USA","2941","First Time","Festival Website"
"CUST003137","45-54","Prefer not to say","NY","USA","247","First Time","Dice"
"CUST003138","45-54","Prefer not to say","IL","USA","705","First Time","Ticketmaster"
"CUST003139","18-24","Female","PA","USA","132","First Time","Festival Website"
"CUST003140","45-54","Male","MD","USA","195","First Time","Eventbrite"
"CUST003141","35-44","Non-Binary","MA","USA","320","Returning (3+)","Dice"
"CUST003142","18-24","Non-Binary","NY","USA","267","Returning (3+)","Ticketmaster"
"CUST003143","35-44","Female","MI","USA","464","Second Time","Eventbrite"
"CUST003144","45-54","Female","NJ","USA","120","Second Time","Ticketmaster"
"CUST003145","25-34","Male","DE","USA","145","Second Time","Dice"
"CUST003146","55+","Prefer not to say","NJ","USA","244","Second Time","Ticketmaster"
"CUST003147","18-24","Male","NY","USA","222","Returning (3+)","Eventbrite"
"CUST003148","55+","Non-Binary","MD","USA","189","Second Time","SeatGeek"
"CUST003149","55+","Male","NY","USA","269","Second Time","Festival Website"
"CUST003150","18-24","Non-Binary","MD","USA","170","Returning (3+)","Eventbrite"
"CUST003151","45-54","Female","NY","USA","185","First Time","Eventbrite"
"CUST003152","18-24","Male","CA","USA","2950","First Time","Ticketmaster"
"CUST003153","55+","Female","TX","USA","1608","Second Time","StubHub"
"CUST003154","55+","Non-Binary","TX","USA","1677","Second Time","SeatGeek"
"CUST003155","45-54","Male","IL","USA","781","Returning (3+)","Eventbrite"
"CUST003156","35-44","Female","SC","USA","470","Second Time","Ticketmaster"
"CUST003157","45-54","Female","NY","USA","151","Second Time","Ticketmaster"
"CUST003158","25-34","Prefer not to say","NY","USA","241","Returning (3+)","Dice"
"CUST003159","18-24","Non-Binary","MD","USA","84","Returning (3+)","SeatGeek"
"CUST003160","45-54","Prefer not to say","NY","USA","160","Second Time","SeatGeek"
"CUST003161","45-54","Non-Binary","MA","USA","353","Second Time","SeatGeek"
"CUST003162","45-54","Female","MD","USA","92","First Time","SeatGeek"
"CUST003163","25-34","Prefer not to say","PA","USA","38","Second Time","Eventbrite"
"CUST003164","18-24","Prefer not to say","MI","USA","536","Returning (3+)","Eventbrite"
"CUST003165","25-34","Female","MD","USA","100","Second Time","Ticketmaster"
"CUST003166","25-34","Non-Binary","PA","USA","109","Second Time","Eventbrite"
"CUST003167","55+","Non-Binary","NY","USA","258","Returning (3+)","Eventbrite"
"CUST003168","18-24","Female","NY","USA","217","Returning (3+)","Eventbrite"
"CUST003169","55+","Male","SC","USA","623","Returning (3+)","Ticketmaster"
"CUST003170","25-34","Male","MD","USA","78","Second Time","Ticketmaster"
"CUST003171","45-54","Prefer not to say","VA","USA","254","Second Time","Festival Website"
"CUST003172","55+","Female","PA","USA","62","Returning (3+)","StubHub"
"CUST003173","18-24","Male","PA","USA","121","First Time","Festival Website"
"CUST003174","55+","Non-Binary","NJ","USA","215","First Time","SeatGeek"
"CUST003175","35-44","Prefer not to say","FL","USA","874","First Time","SeatGeek"
"CUST003176","25-34","Male","VA","USA","188","Second Time","SeatGeek"
"CUST003177","25-34","Female","MA","USA","368","Second Time","StubHub"
"CUST003178","25-34","Non-Binary","NC","USA","460","Second Time","Festival Website"
"CUST003179","35-44","Non-Binary","RI","USA","351","Second Time","SeatGeek"
"CUST003180","18-24","Female","NY","USA","222","Second Time","Ticketmaster"
"CUST003181","45-54","Non-Binary","TX","USA","1694","Second Time","Festival Website"
"CUST003182","45-54","Male","FL","USA","885","First Time","Dice"
"CUST003183","45-54","Male","NY","USA","194","First Time","Eventbrite"
"CUST003184","55+","Female","NY","USA","269","Second Time","Ticketmaster"
"CUST003185","45-54","Female","IL","USA","628","Returning (3+)","Ticketmaster"
"CUST003186","35-44","Non-Binary","SC","USA","599","Returning (3+)","Eventbrite"
"CUST003187","25-34","Non-Binary","SC","USA","647","Returning (3+)","Ticketmaster"
"CUST003188","35-44","Non-Binary","FL","USA","966","Second Time","Dice"
"CUST003189","25-34","Non-Binary","OH","USA","258","Returning (3+)","Eventbrite"
"CUST003190","35-44","Non-Binary","VA","USA","192","First Time","Eventbrite"
"CUST003191","35-44","Prefer not to say","MA","USA","351","First Time","StubHub"
"CUST003192","18-24","Non-Binary","NJ","USA","148","First Time","Eventbrite"
"CUST003193","25-34","Male","OH","USA","356","Second Time","Dice"
"CUST003194","45-54","Female","NJ","USA","215","Second Time","SeatGeek"
"CUST003195","35-44","Non-Binary","IL","USA","703","Returning (3+)","Eventbrite"
"CUST003196","35-44","Non-Binary","NY","USA","249","Second Time","Dice"
"CUST003197","45-54","Non-Binary","NY","USA","169","Returning (3+)","Ticketmaster"
"CUST003198","45-54","Female","PA","USA","120","First Time","Ticketmaster"
"CUST003199","55+","Male","SC","USA","451","First Time","Festival Website"
"CUST003200","55+","Non-Binary","NJ","USA","137","Returning (3+)","Ticketmaster"
"CUST003201","35-44","Non-Binary","GA","USA","755","Second Time","Eventbrite"
"CUST003202","55+","Male","IL","USA","614","First Time","SeatGeek"
"CUST003203","18-24","Non-Binary","OH","USA","264","First Time","StubHub"
"CUST003204","18-24","Female","CA","USA","2831","Second Time","Festival Website"
"CUST003205","45-54","Male","NJ","USA","148","Returning (3+)","Eventbrite"
"CUST003206","18-24","Male","OH","USA","397","Returning (3+)","Dice"
"CUST003207","55+","Prefer not to say","CA","USA","2812","Returning (3+)","Dice"
"CUST003208","55+","Prefer not to say","PA","USA","101","First Time","Ticketmaster"
"CUST003209","25-34","Prefer not to say","MI","USA","532","First Time","SeatGeek"
"CUST003210","18-24","Male","DE","USA","102","First Time","SeatGeek"
"CUST003211","18-24","Female","NY","USA","227","Returning (3+)","Festival Website"
"CUST003212","18-24","Non-Binary","FL","USA","1017","First Time","SeatGeek"
"CUST003213","18-24","Female","NJ","USA","240","Second Time","Dice"
"CUST003214","55+","Male","CT","USA","321","First Time","SeatGeek"
"CUST003215","18-24","Male","PA","USA","131","Second Time","StubHub"
"CUST003216","35-44","Female","NY","USA","203","Returning (3+)","SeatGeek"
"CUST003217","55+","Prefer not to say","OH","USA","336","Returning (3+)","Festival Website"
"CUST003218","18-24","Prefer not to say","TX","USA","1775","Returning (3+)","Ticketmaster"
"CUST003219","45-54","Prefer not to say","NJ","USA","162","Returning (3+)","Festival Website"
"CUST003220","18-24","Female","SC","USA","602","Second Time","SeatGeek"
"CUST003221","25-34","Non-Binary","CA","USA","2611","Second Time","Eventbrite"
"CUST003222","25-34","Non-Binary","NC","USA","411","Second Time","SeatGeek"
"CUST003223","55+","Prefer not to say","NY","USA","176","Returning (3+)","SeatGeek"
"CUST003224","45-54","Male","NY","USA","298","First Time","Ticketmaster"
"CUST003225","45-54","Prefer not to say","PA","USA","15","Second Time","Ticketmaster"
"CUST003226","35-44","Male","CT","USA","328","Second Time","Dice"
"CUST003227","55+","Male","MI","USA","426","Second Time","SeatGeek"
"CUST003228","35-44","Non-Binary","MD","USA","112","Returning (3+)","Festival Website"
"CUST003229","25-34","Non-Binary","IL","USA","722","Returning (3+)","Dice"
"CUST003230","45-54","Prefer not to say","DE","USA","137","Returning (3+)","Dice"
"CUST003231","55+","Male","RI","USA","399","First Time","Eventbrite"
"CUST003232","25-34","Non-Binary","PA","USA","15","First Time","Ticketmaster"
"CUST003233","55+","Non-Binary","NY","USA","225","Returning (3+)","SeatGeek"
"CUST003234","35-44","Prefer not to say","NC","USA","398","First Time","StubHub"
"CUST003235","18-24","Non-Binary","MD","USA","102","Second Time","Ticketmaster"
"CUST003236","18-24","Prefer not to say","MA","USA","394","First Time","Eventbrite"
"CUST003237","55+","Female","NY","USA","280","First Time","Dice"
"CUST003238","25-34","Prefer not to say","MA","USA","376","Returning (3+)","StubHub"
"CUST003239","55+","Prefer not to say","RI","USA","384","Second Time","Eventbrite"
"CUST003240","35-44","Prefer not to say","NJ","USA","242","Returning (3+)","Ticketmaster"
"CUST003241","18-24","Non-Binary","VA","USA","341","Returning (3+)","Ticketmaster"
"CUST003242","35-44","Male","TX","USA","1702","Second Time","SeatGeek"
"CUST003243","35-44","Male","RI","USA","300","Second Time","StubHub"
"CUST003244","45-54","Female","VA","USA","293","Second Time","StubHub"
"CUST003245","55+","Female","OH","USA","270","First Time","Festival Website"
"CUST003246","35-44","Female","GA","USA","684","Returning (3+)","SeatGeek"
"CUST003247","45-54","Non-Binary","NJ","USA","173","First Time","Dice"
"CUST003248","35-44","Male","MD","USA","68","First Time","Eventbrite"
"CUST003249","18-24","Male","RI","USA","354","First Time","StubHub"
"CUST003250","25-34","Non-Binary","MD","USA","57","First Time","Eventbrite"
"CUST003251","18-24","Non-Binary","IL","USA","610","Returning (3+)","StubHub"
"CUST003252","55+","Female","OH","USA","283","First Time","Eventbrite"
"CUST003253","35-44","Male","PA","USA","62","Second Time","Festival Website"
"CUST003254","35-44","Prefer not to say","NY","USA","280","First Time","SeatGeek"
"CUST003255","55+","Male","TX","USA","1723","Second Time","StubHub"
"CUST003256","55+","Female","CT","USA","276","Second Time","Ticketmaster"
"CUST003257","55+","Non-Binary","NY","USA","158","Returning (3+)","Ticketmaster"
"CUST003258","55+","Prefer not to say","CA","USA","2525","Returning (3+)","Dice"
"CUST003259","25-34","Female","NY","USA","280","Returning (3+)","Eventbrite"
"CUST003260","18-24","Non-Binary","MA","USA","382","Second Time","SeatGeek"
"CUST003261","35-44","Female","CT","USA","277","Returning (3+)","Eventbrite"
"CUST003262","35-44","Female","PA","USA","0","Second Time","Festival Website"
"CUST003263","35-44","Prefer not to say","PA","USA","4","First Time","Ticketmaster"
"CUST003264","18-24","Male","NJ","USA","173","First Time","SeatGeek"
"CUST003265","35-44","Non-Binary","PA","USA","111","Second Time","Eventbrite"
"CUST003266","55+","Non-Binary","PA","USA","22","Second Time","Ticketmaster"
"CUST003267","25-34","Prefer not to say","CA","USA","2823","First Time","Ticketmaster"
"CUST003268","45-54","Female","GA","USA","610","Second Time","Festival Website"
"CUST003269","25-34","Male","CT","USA","303","Second Time","Ticketmaster"
"CUST003270","45-54","Male","OH","USA","306","Returning (3+)","SeatGeek"
"CUST003271","18-24","Prefer not to say","FL","USA","1005","First Time","Dice"
"CUST003272","25-34","Female","NY","USA","201","First Time","Eventbrite"
"CUST003273","18-24","Female","SC","USA","533","Returning (3+)","Eventbrite"
"CUST003274","55+","Female","FL","USA","1040","Returning (3+)","Eventbrite"
"CUST003275","25-34","Non-Binary","GA","USA","753","Second Time","Festival Website"
"CUST003276","18-24","Male","TX","USA","1611","First Time","Festival Website"
"CUST003277","18-24","Male","RI","USA","394","Second Time","SeatGeek"
"CUST003278","25-34","Non-Binary","TX","USA","1743","Second Time","SeatGeek"
"CUST003279","18-24","Prefer not to say","OH","USA","308","Returning (3+)","Festival Website"
"CUST003280","55+","Female","RI","USA","358","Second Time","Ticketmaster"
"CUST003281","25-34","Female","MA","USA","311","Second Time","Festival Website"
"CUST003282","25-34","Female","DE","USA","199","Second Time","Festival Website"
"CUST003283","35-44","Prefer not to say","MA","USA","381","Second Time","Dice"
"CUST003284","35-44","Male","DE","USA","138","First Time","Eventbrite"
"CUST003285","45-54","Non-Binary","GA","USA","734","Second Time","Dice"
"CUST003286","55+","Female","FL","USA","893","Second Time","SeatGeek"
"CUST003287","25-34","Prefer not to say","NJ","USA","189","Returning (3+)","StubHub"
"CUST003288","55+","Non-Binary","MD","USA","134","First Time","Dice"
"CUST003289","45-54","Male","NJ","USA","208","First Time","Festival Website"
"CUST003290","45-54","Non-Binary","IL","USA","618","Returning (3+)","Ticketmaster"
"CUST003291","35-44","Female","RI","USA","362","Second Time","Eventbrite"
"CUST003292","55+","Male","PA","USA","90","First Time","StubHub"
"CUST003293","18-24","Prefer not to say","FL","USA","1077","First Time","Eventbrite"
"CUST003294","25-34","Non-Binary","NY","USA","267","Second Time","Eventbrite"
"CUST003295","18-24","Prefer not to say","MA","USA","335","First Time","Dice"
"CUST003296","55+","Non-Binary","MD","USA","81","Second Time","Eventbrite"
"CUST003297","25-34","Male","MD","USA","88","Second Time","Eventbrite"
"CUST003298","35-44","Non-Binary","MD","USA","50","First Time","StubHub"
"CUST003299","25-34","Female","NJ","USA","113","Second Time","StubHub"
"CUST003300","25-34","Female","SC","USA","523","Second Time","Ticketmaster"
"CUST003301","55+","Prefer not to say","NJ","USA","203","First Time","Ticketmaster"
"CUST003302","45-54","Female","PA","USA","21","First Time","Eventbrite"
"CUST003303","18-24","Prefer not to say","TX","USA","1620","First Time","Eventbrite"
"CUST003304","35-44","Non-Binary","MD","USA","138","First Time","SeatGeek"
"CUST003305","45-54","Female","VA","USA","193","Returning (3+)","Ticketmaster"
"CUST003306","35-44","Non-Binary","MD","USA","53","Second Time","Festival Website"
"CUST003307","18-24","Male","MI","USA","450","Returning (3+)","Eventbrite"
"CUST003308","35-44","Male","SC","USA","475","Returning (3+)","Ticketmaster"
"CUST003309","35-44","Male","SC","USA","461","Returning (3+)","Ticketmaster"
"CUST003310","18-24","Male","FL","USA","927","First Time","Dice"
"CUST003311","25-34","Non-Binary","CT","USA","320","First Time","SeatGeek"
"CUST003312","35-44","Prefer not to say","NC","USA","490","Second Time","Dice"
"CUST003313","18-24","Prefer not to say","NY","USA","298","Returning (3+)","Dice"
"CUST003314","45-54","Female","DE","USA","129","First Time","StubHub"
"CUST003315","18-24","Non-Binary","PA","USA","3","Returning (3+)","StubHub"
"CUST003316","25-34","Female","DE","USA","114","Returning (3+)","Ticketmaster"
"CUST003317","18-24","Prefer not to say","SC","USA","639","First Time","Eventbrite"
"CUST003318","55+","Prefer not to say","NY","USA","160","Second Time","Festival Website"
"CUST003319","18-24","Non-Binary","MD","USA","184","Returning (3+)","StubHub"
"CUST003320","18-24","Prefer not to say","NJ","USA","248","Returning (3+)","Eventbrite"
"CUST003321","35-44","Prefer not to say","TX","USA","1419","Second Time","Dice"
"CUST003322","18-24","Male","PA","USA","57","Returning (3+)","StubHub"
"CUST003323","35-44","Male","TX","USA","1622","Returning (3+)","StubHub"
"CUST003324","45-54","Male","MA","USA","389","Second Time","Eventbrite"
"CUST003325","55+","Male","DE","USA","164","Second Time","StubHub"
"CUST003326","25-34","Non-Binary","SC","USA","595","Returning (3+)","SeatGeek"
"CUST003327","25-34","Female","NJ","USA","212","Returning (3+)","SeatGeek"
"CUST003328","18-24","Non-Binary","PA","USA","126","Second Time","Festival Website"
"CUST003329","55+","Prefer not to say","MD","USA","99","First Time","SeatGeek"
"CUST003330","45-54","Male","IL","USA","602","First Time","StubHub"
"CUST003331","45-54","Female","CT","USA","315","First Time","StubHub"
"CUST003332","18-24","Female","NC","USA","458","Returning (3+)","Dice"
"CUST003333","35-44","Non-Binary","NJ","USA","166","First Time","StubHub"
"CUST003334","35-44","Non-Binary","NY","USA","204","Returning (3+)","Eventbrite"
"CUST003335","45-54","Female","IL","USA","632","Second Time","Ticketmaster"
"CUST003336","55+","Male","DE","USA","173","Returning (3+)","StubHub"
"CUST003337","25-34","Non-Binary","NC","USA","500","First Time","Ticketmaster"
"CUST003338","25-34","Prefer not to say","MA","USA","316","First Time","Ticketmaster"
"CUST003339","25-34","Non-Binary","NY","USA","240","Second Time","Eventbrite"
"CUST003340","55+","Female","CT","USA","311","Second Time","SeatGeek"
"CUST003341","45-54","Non-Binary","NY","USA","164","Returning (3+)","StubHub"
"CUST003342","35-44","Non-Binary","CA","USA","2978","First Time","SeatGeek"
"CUST003343","45-54","Prefer not to say","PA","USA","130","Second Time","Festival Website"
"CUST003344","18-24","Male","OH","USA","369","First Time","Ticketmaster"
"CUST003345","35-44","Female","GA","USA","614","Returning (3+)","Ticketmaster"
"CUST003346","45-54","Prefer not to say","CT","USA","289","Second Time","SeatGeek"
"CUST003347","25-34","Non-Binary","TX","USA","1423","First Time","Festival Website"
"CUST003348","55+","Female","CT","USA","324","Second Time","StubHub"
"CUST003349","18-24","Prefer not to say","OH","USA","296","Returning (3+)","Dice"
"CUST003350","55+","Non-Binary","FL","USA","949","Second Time","Dice"
"CUST003351","18-24","Male","DE","USA","161","Second Time","Ticketmaster"
"CUST003352","55+","Male","MI","USA","529","Returning (3+)","Festival Website"
"CUST003353","18-24","Male","VA","USA","285","Returning (3+)","Festival Website"
"CUST003354","45-54","Male","VA","USA","292","First Time","Eventbrite"
"CUST003355","35-44","Female","CT","USA","330","First Time","Festival Website"
"CUST003356","18-24","Male","MA","USA","310","Second Time","Eventbrite"
"CUST003357","55+","Non-Binary","FL","USA","1174","Returning (3+)","Ticketmaster"
"CUST003358","25-34","Non-Binary","DE","USA","177","First Time","Ticketmaster"
"CUST003359","18-24","Prefer not to say","IL","USA","721","First Time","Eventbrite"
"CUST003360","25-34","Prefer not to say","TX","USA","1586","First Time","StubHub"
"CUST003361","25-34","Male","PA","USA","74","First Time","SeatGeek"
"CUST003362","18-24","Non-Binary","NY","USA","174","First Time","Dice"
"CUST003363","25-34","Female","CA","USA","2502","Returning (3+)","Ticketmaster"
"CUST003364","25-34","Prefer not to say","MD","USA","98","Second Time","Ticketmaster"
"CUST003365","18-24","Female","MD","USA","143","Second Time","SeatGeek"
"CUST003366","18-24","Prefer not to say","FL","USA","1118","Returning (3+)","Ticketmaster"
"CUST003367","35-44","Female","TX","USA","1577","Second Time","StubHub"
"CUST003368","25-34","Female","GA","USA","791","First Time","Festival Website"
"CUST003369","55+","Prefer not to say","NY","USA","266","First Time","Festival Website"
"CUST003370","35-44","Non-Binary","NJ","USA","148","First Time","SeatGeek"
"CUST003371","35-44","Female","NJ","USA","197","Returning (3+)","StubHub"
"CUST003372","55+","Prefer not to say","TX","USA","1752","First Time","Eventbrite"
"CUST003373","25-34","Non-Binary","NY","USA","154","Returning (3+)","Eventbrite"
"CUST003374","25-34","Prefer not to say","MI","USA","498","Second Time","Festival Website"
"CUST003375","35-44","Prefer not to say","PA","USA","63","First Time","Dice"
"CUST003376","25-34","Male","NC","USA","414","Second Time","Dice"
"CUST003377","35-44","Non-Binary","NC","USA","410","Returning (3+)","StubHub"
"CUST003378","18-24","Non-Binary","PA","USA","129","Second Time","Eventbrite"
"CUST003379","45-54","Non-Binary","NC","USA","363","Returning (3+)","Ticketmaster"
"CUST003380","25-34","Non-Binary","MD","USA","67","Returning (3+)","Dice"
"CUST003381","18-24","Female","MD","USA","155","Returning (3+)","Eventbrite"
"CUST003382","35-44","Male","PA","USA","112","First Time","SeatGeek"
"CUST003383","25-34","Non-Binary","PA","USA","102","Returning (3+)","Ticketmaster"
"CUST003384","35-44","Prefer not to say","PA","USA","146","First Time","Ticketmaster"
"CUST003385","45-54","Prefer not to say","OH","USA","368","First Time","Eventbrite"
"CUST003386","25-34","Female","PA","USA","78","Returning (3+)","Dice"
"CUST003387","45-54","Female","MA","USA","346","Returning (3+)","Dice"
"CUST003388","18-24","Male","NY","USA","255","First Time","Ticketmaster"
"CUST003389","18-24","Female","MI","USA","512","Second Time","Festival Website"
"CUST003390","18-24","Prefer not to say","VA","USA","283","Second Time","Dice"
"CUST003391","18-24","Non-Binary","GA","USA","792","First Time","Ticketmaster"
"CUST003392","45-54","Non-Binary","TX","USA","1551","Returning (3+)","StubHub"
"CUST003393","45-54","Non-Binary","PA","USA","87","Returning (3+)","Eventbrite"
"CUST003394","55+","Prefer not to say","CA","USA","2816","Second Time","Ticketmaster"
"CUST003395","25-34","Female","MD","USA","130","Returning (3+)","SeatGeek"
"CUST003396","25-34","Non-Binary","MI","USA","545","First Time","Dice"
"CUST003397","45-54","Non-Binary","IL","USA","660","First Time","Eventbrite"
"CUST003398","35-44","Prefer not to say","CT","USA","319","Second Time","Festival Website"
"CUST003399","45-54","Non-Binary","NJ","USA","169","Second Time","SeatGeek"
"CUST003400","55+","Prefer not to say","NC","USA","471","First Time","Eventbrite"
"CUST003401","55+","Male","PA","USA","38","First Time","Eventbrite"
"CUST003402","55+","Male","IL","USA","797","First Time","Festival Website"
"CUST003403","25-34","Prefer not to say","NC","USA","332","Second Time","Eventbrite"
"CUST003404","25-34","Non-Binary","MA","USA","389","Second Time","Ticketmaster"
"CUST003405","45-54","Non-Binary","NY","USA","253","Returning (3+)","Ticketmaster"
"CUST003406","18-24","Male","NJ","USA","211","First Time","Dice"
"CUST003407","18-24","Prefer not to say","PA","USA","51","First Time","Dice"
"CUST003408","45-54","Non-Binary","FL","USA","949","Returning (3+)","Festival Website"
"CUST003409","18-24","Prefer not to say","PA","USA","3","Returning (3+)","StubHub"
"CUST003410","25-34","Prefer not to say","NY","USA","252","Second Time","Festival Website"
"CUST003411","55+","Prefer not to say","PA","USA","70","First Time","SeatGeek"
"CUST003412","25-34","Male","OH","USA","259","First Time","Dice"
"CUST003413","55+","Prefer not to say","DE","USA","129","First Time","Ticketmaster"
"CUST003414","35-44","Prefer not to say","NJ","USA","209","First Time","Festival Website"
"CUST003415","45-54","Prefer not to say","TX","USA","1556","Returning (3+)","SeatGeek"
"CUST003416","18-24","Female","NC","USA","356","First Time","StubHub"
"CUST003417","35-44","Female","SC","USA","612","Second Time","Ticketmaster"
"CUST003418","45-54","Prefer not to say","FL","USA","938","Returning (3+)","StubHub"
"CUST003419","25-34","Prefer not to say","DE","USA","151","First Time","Eventbrite"
"CUST003420","55+","Prefer not to say","NY","USA","195","Second Time","SeatGeek"
"CUST003421","55+","Female","FL","USA","1058","First Time","Festival Website"
"CUST003422","18-24","Female","NY","USA","228","Second Time","SeatGeek"
"CUST003423","55+","Non-Binary","OH","USA","265","Second Time","Dice"
"CUST003424","55+","Non-Binary","PA","USA","66","First Time","StubHub"
"CUST003425","45-54","Male","NJ","USA","112","First Time","SeatGeek"
"CUST003426","45-54","Female","OH","USA","344","Second Time","SeatGeek"
"CUST003427","45-54","Prefer not to say","MI","USA","409","Returning (3+)","Ticketmaster"
"CUST003428","25-34","Male","NY","USA","273","First Time","Dice"
"CUST003429","35-44","Male","PA","USA","132","Second Time","Eventbrite"
"CUST003430","45-54","Prefer not to say","MA","USA","309","Second Time","SeatGeek"
"CUST003431","35-44","Male","OH","USA","387","First Time","Dice"
"CUST003432","55+","Prefer not to say","GA","USA","608","First Time","Ticketmaster"
"CUST003433","18-24","Female","NY","USA","287","Returning (3+)","StubHub"
"CUST003434","35-44","Female","NY","USA","219","Second Time","Eventbrite"
"CUST003435","35-44","Female","NJ","USA","220","Returning (3+)","Ticketmaster"
"CUST003436","45-54","Prefer not to say","NC","USA","397","Returning (3+)","Dice"
"CUST003437","35-44","Prefer not to say","TX","USA","1587","Returning (3+)","Ticketmaster"
"CUST003438","25-34","Male","PA","USA","103","First Time","StubHub"
"CUST003439","18-24","Male","TX","USA","1470","Second Time","Dice"
"CUST003440","55+","Female","CA","USA","2512","Second Time","Eventbrite"
"CUST003441","45-54","Prefer not to say","NJ","USA","230","First Time","SeatGeek"
"CUST003442","35-44","Prefer not to say","VA","USA","177","Returning (3+)","SeatGeek"
"CUST003443","45-54","Non-Binary","NY","USA","198","Second Time","Ticketmaster"
"CUST003444","55+","Female","PA","USA","149","First Time","Eventbrite"
"CUST003445","55+","Non-Binary","MI","USA","470","First Time","StubHub"
"CUST003446","25-34","Male","PA","USA","74","First Time","StubHub"
"CUST003447","55+","Non-Binary","TX","USA","1406","First Time","Eventbrite"
"CUST003448","35-44","Non-Binary","NJ","USA","233","Second Time","Dice"
"CUST003449","45-54","Female","VA","USA","306","First Time","Ticketmaster"
"CUST003450","55+","Male","GA","USA","622","Second Time","Eventbrite"
"CUST003451","35-44","Male","CT","USA","255","First Time","Festival Website"
"CUST003452","35-44","Female","CA","USA","2881","First Time","StubHub"
"CUST003453","55+","Female","RI","USA","393","First Time","Ticketmaster"
"CUST003454","55+","Male","NY","USA","152","Returning (3+)","SeatGeek"
"CUST003455","25-34","Male","NY","USA","280","Second Time","Dice"
"CUST003456","45-54","Female","DE","USA","147","First Time","Eventbrite"
"CUST003457","55+","Prefer not to say","SC","USA","545","Second Time","Ticketmaster"
"CUST003458","55+","Non-Binary","NJ","USA","161","Second Time","Dice"
"CUST003459","45-54","Non-Binary","FL","USA","856","Second Time","Eventbrite"
"CUST003460","55+","Prefer not to say","NY","USA","291","Returning (3+)","Ticketmaster"
"CUST003461","35-44","Male","NY","USA","170","First Time","Dice"
"CUST003462","35-44","Female","VA","USA","276","Second Time","Eventbrite"
"CUST003463","55+","Non-Binary","PA","USA","123","First Time","Festival Website"
"CUST003464","18-24","Non-Binary","CA","USA","2718","Returning (3+)","SeatGeek"
"CUST003465","45-54","Non-Binary","PA","USA","96","Returning (3+)","StubHub"
"CUST003466","25-34","Non-Binary","PA","USA","5","Second Time","Eventbrite"
"CUST003467","25-34","Male","IL","USA","769","Second Time","SeatGeek"
"CUST003468","45-54","Female","PA","USA","41","Returning (3+)","Dice"
"CUST003469","18-24","Male","NY","USA","180","Returning (3+)","Dice"
"CUST003470","18-24","Male","RI","USA","300","First Time","Eventbrite"
"CUST003471","55+","Female","MD","USA","64","Returning (3+)","SeatGeek"
"CUST003472","35-44","Prefer not to say","MD","USA","64","First Time","Ticketmaster"
"CUST003473","55+","Prefer not to say","PA","USA","82","First Time","StubHub"
"CUST003474","55+","Male","NY","USA","162","Returning (3+)","Eventbrite"
"CUST003475","35-44","Male","MD","USA","83","Second Time","Festival Website"
"CUST003476","35-44","Prefer not to say","MD","USA","123","First Time","Dice"
"CUST003477","55+","Female","SC","USA","503","Second Time","StubHub"
"CUST003478","45-54","Male","MA","USA","358","Returning (3+)","Dice"
"CUST003479","18-24","Male","PA","USA","94","First Time","StubHub"
"CUST003480","35-44","Male","DE","USA","129","Returning (3+)","SeatGeek"
"CUST003481","55+","Prefer not to say","PA","USA","119","Returning (3+)","Eventbrite"
"CUST003482","55+","Female","PA","USA","24","Second Time","StubHub"
"CUST003483","25-34","Female","PA","USA","127","Second Time","Ticketmaster"
"CUST003484","18-24","Non-Binary","OH","USA","379","Returning (3+)","StubHub"
"CUST003485","18-24","Male","SC","USA","540","Returning (3+)","Eventbrite"
"CUST003486","18-24","Non-Binary","MA","USA","379","Second Time","Festival Website"
"CUST003487","55+","Male","PA","USA","145","Returning (3+)","StubHub"
"CUST003488","35-44","Prefer not to say","NY","USA","207","Second Time","StubHub"
"CUST003489","25-34","Male","DE","USA","100","Returning (3+)","Ticketmaster"
"CUST003490","45-54","Non-Binary","PA","USA","140","Returning (3+)","StubHub"
"CUST003491","18-24","Male","NY","USA","212","Second Time","StubHub"
"CUST003492","45-54","Female","NY","USA","277","Returning (3+)","StubHub"
"CUST003493","25-34","Female","FL","USA","1173","Second Time","StubHub"
"CUST003494","55+","Male","VA","USA","276","Second Time","Eventbrite"
"CUST003495","45-54","Prefer not to say","NC","USA","469","First Time","SeatGeek"
"CUST003496","35-44","Prefer not to say","PA","USA","29","First Time","StubHub"
"CUST003497","45-54","Female","TX","USA","1515","Second Time","SeatGeek"
"CUST003498","25-34","Male","MI","USA","520","Returning (3+)","Dice"
"CUST003499","45-54","Non-Binary","NY","USA","160","Second Time","SeatGeek"
"CUST003500","25-34","Non-Binary","RI","USA","311","Second Time","SeatGeek"
"CUST003501","35-44","Female","MI","USA","494","First Time","Festival Website"
"CUST003502","25-34","Non-Binary","VA","USA","247","Second Time","SeatGeek"
"CUST003503","25-34","Male","PA","USA","42","First Time","Ticketmaster"
"CUST003504","25-34","Female","NJ","USA","219","First Time","Dice"
"CUST003505","25-34","Female","MI","USA","590","Returning (3+)","Festival Website"
"CUST003506","45-54","Female","NJ","USA","210","Returning (3+)","Ticketmaster"
"CUST003507","35-44","Prefer not to say","MA","USA","360","Returning (3+)","Dice"
"CUST003508","18-24","Non-Binary","TX","USA","1601","Returning (3+)","Festival Website"
"CUST003509","25-34","Non-Binary","IL","USA","633","Returning (3+)","StubHub"
"CUST003510","18-24","Female","FL","USA","849","Returning (3+)","SeatGeek"
"CUST003511","45-54","Female","RI","USA","363","Returning (3+)","Dice"
"CUST003512","35-44","Female","NJ","USA","193","First Time","StubHub"
"CUST003513","18-24","Non-Binary","RI","USA","390","First Time","Dice"
"CUST003514","35-44","Male","DE","USA","118","First Time","Festival Website"
"CUST003515","25-34","Male","NY","USA","202","Returning (3+)","Festival Website"
"CUST003516","18-24","Non-Binary","SC","USA","622","Returning (3+)","Ticketmaster"
"CUST003517","25-34","Male","PA","USA","67","First Time","SeatGeek"
"CUST003518","35-44","Female","PA","USA","4","Returning (3+)","Eventbrite"
"CUST003519","35-44","Non-Binary","FL","USA","1144","Second Time","SeatGeek"
"CUST003520","18-24","Female","NY","USA","160","Second Time","Eventbrite"
"CUST003521","55+","Female","NY","USA","183","First Time","Dice"
"CUST003522","55+","Male","NJ","USA","208","Second Time","StubHub"
"CUST003523","25-34","Male","VA","USA","192","Returning (3+)","Ticketmaster"
"CUST003524","35-44","Prefer not to say","MD","USA","122","Second Time","Eventbrite"
"CUST003525","45-54","Male","SC","USA","494","Second Time","Ticketmaster"
"CUST003526","55+","Non-Binary","DE","USA","163","First Time","Dice"
"CUST003527","55+","Female","TX","USA","1691","Second Time","Festival Website"
"CUST003528","18-24","Female","MI","USA","527","Returning (3+)","StubHub"
"CUST003529","35-44","Non-Binary","SC","USA","536","Second Time","StubHub"
"CUST003530","25-34","Female","OH","USA","328","First Time","Dice"
"CUST003531","25-34","Female","MI","USA","500","Second Time","Festival Website"
"CUST003532","45-54","Prefer not to say","PA","USA","73","Second Time","Ticketmaster"
"CUST003533","25-34","Female","NY","USA","286","Returning (3+)","Ticketmaster"
"CUST003534","25-34","Prefer not to say","MD","USA","165","First Time","Dice"
"CUST003535","45-54","Prefer not to say","MD","USA","130","First Time","Festival Website"
"CUST003536","55+","Male","NJ","USA","135","Returning (3+)","Eventbrite"
"CUST003537","18-24","Male","SC","USA","565","Returning (3+)","Eventbrite"
"CUST003538","25-34","Non-Binary","PA","USA","76","Second Time","Dice"
"CUST003539","55+","Female","OH","USA","359","Returning (3+)","Ticketmaster"
"CUST003540","55+","Prefer not to say","NY","USA","198","Second Time","SeatGeek"
"CUST003541","55+","Non-Binary","FL","USA","1079","First Time","StubHub"
"CUST003542","35-44","Female","CA","USA","2764","Second Time","SeatGeek"
"CUST003543","25-34","Female","TX","USA","1428","Second Time","SeatGeek"
"CUST003544","55+","Prefer not to say","DE","USA","153","First Time","Dice"
"CUST003545","25-34","Male","NY","USA","199","Returning (3+)","Ticketmaster"
"CUST003546","55+","Prefer not to say","NJ","USA","193","Returning (3+)","Festival Website"
"CUST003547","25-34","Female","NJ","USA","117","First Time","Festival Website"
"CUST003548","35-44","Female","NC","USA","378","Second Time","StubHub"
"CUST003549","55+","Female","GA","USA","768","First Time","Dice"
"CUST003550","18-24","Prefer not to say","RI","USA","341","First Time","Ticketmaster"
"CUST003551","18-24","Prefer not to say","GA","USA","652","Returning (3+)","Ticketmaster"
"CUST003552","25-34","Prefer not to say","GA","USA","743","First Time","StubHub"
"CUST003553","25-34","Non-Binary","PA","USA","69","Second Time","Ticketmaster"
"CUST003554","18-24","Prefer not to say","NJ","USA","211","Returning (3+)","Ticketmaster"
"CUST003555","25-34","Male","MA","USA","373","Second Time","SeatGeek"
"CUST003556","35-44","Prefer not to say","FL","USA","1062","Second Time","Dice"
"CUST003557","35-44","Prefer not to say","MA","USA","331","Second Time","Dice"
"CUST003558","25-34","Prefer not to say","CT","USA","286","Returning (3+)","Eventbrite"
"CUST003559","55+","Prefer not to say","VA","USA","281","Returning (3+)","Festival Website"
"CUST003560","25-34","Prefer not to say","NY","USA","260","Second Time","StubHub"
"CUST003561","55+","Non-Binary","SC","USA","610","Second Time","StubHub"
"CUST003562","18-24","Prefer not to say","GA","USA","672","Returning (3+)","Festival Website"
"CUST003563","45-54","Female","SC","USA","550","First Time","Ticketmaster"
"CUST003564","35-44","Female","PA","USA","134","Second Time","StubHub"
"CUST003565","18-24","Male","NJ","USA","161","First Time","SeatGeek"
"CUST003566","18-24","Male","NC","USA","452","Returning (3+)","Dice"
"CUST003567","35-44","Female","NC","USA","354","Second Time","StubHub"
"CUST003568","25-34","Female","PA","USA","102","Second Time","Eventbrite"
"CUST003569","45-54","Prefer not to say","NY","USA","211","Second Time","SeatGeek"
"CUST003570","18-24","Male","NY","USA","211","Returning (3+)","Festival Website"
"CUST003571","35-44","Prefer not to say","NY","USA","240","Returning (3+)","Eventbrite"
"CUST003572","18-24","Prefer not to say","RI","USA","363","Returning (3+)","StubHub"
"CUST003573","25-34","Female","PA","USA","107","Second Time","Eventbrite"
"CUST003574","18-24","Prefer not to say","NC","USA","358","First Time","Eventbrite"
"CUST003575","55+","Non-Binary","CT","USA","314","First Time","SeatGeek"
"CUST003576","55+","Prefer not to say","PA","USA","19","First Time","Ticketmaster"
"CUST003577","35-44","Non-Binary","NJ","USA","246","Returning (3+)","StubHub"
"CUST003578","55+","Prefer not to say","PA","USA","36","First Time","Eventbrite"
"CUST003579","18-24","Male","NY","USA","187","Returning (3+)","SeatGeek"
"CUST003580","25-34","Prefer not to say","VA","USA","344","Second Time","Eventbrite"
"CUST003581","35-44","Non-Binary","NJ","USA","245","First Time","Eventbrite"
"CUST003582","18-24","Non-Binary","NY","USA","221","Second Time","Festival Website"
"CUST003583","35-44","Prefer not to say","NJ","USA","153","Second Time","Eventbrite"
"CUST003584","55+","Female","DE","USA","159","First Time","Dice"
"CUST003585","45-54","Female","RI","USA","366","First Time","Festival Website"
"CUST003586","25-34","Prefer not to say","OH","USA","375","Returning (3+)","SeatGeek"
"CUST003587","18-24","Non-Binary","SC","USA","466","Second Time","SeatGeek"
"CUST003588","18-24","Female","MA","USA","301","First Time","Dice"
"CUST003589","45-54","Prefer not to say","NY","USA","165","Second Time","Ticketmaster"
"CUST003590","45-54","Female","NC","USA","462","Second Time","Dice"
"CUST003591","35-44","Female","NY","USA","294","Returning (3+)","Festival Website"
"CUST003592","55+","Male","GA","USA","644","Returning (3+)","Eventbrite"
"CUST003593","25-34","Male","NJ","USA","105","Returning (3+)","StubHub"
"CUST003594","25-34","Male","FL","USA","914","First Time","Festival Website"
"CUST003595","25-34","Non-Binary","GA","USA","622","Second Time","Festival Website"
"CUST003596","45-54","Male","PA","USA","40","First Time","Dice"
"CUST003597","35-44","Non-Binary","DE","USA","194","Second Time","Festival Website"
"CUST003598","18-24","Female","MA","USA","345","First Time","Festival Website"
"CUST003599","35-44","Male","CA","USA","2883","Second Time","Ticketmaster"
"CUST003600","45-54","Female","VA","USA","248","Second Time","Ticketmaster"
"CUST003601","55+","Female","IL","USA","755","Returning (3+)","SeatGeek"
"CUST003602","35-44","Prefer not to say","VA","USA","276","Returning (3+)","Eventbrite"
"CUST003603","55+","Prefer not to say","PA","USA","112","Second Time","SeatGeek"
"CUST003604","55+","Male","OH","USA","303","Second Time","Eventbrite"
"CUST003605","45-54","Male","PA","USA","3","First Time","SeatGeek"
"CUST003606","45-54","Non-Binary","PA","USA","108","Second Time","SeatGeek"
"CUST003607","55+","Non-Binary","NY","USA","291","First Time","Ticketmaster"
"CUST003608","25-34","Male","NJ","USA","246","Second Time","Dice"
"CUST003609","18-24","Prefer not to say","NY","USA","295","First Time","StubHub"
"CUST003610","45-54","Non-Binary","OH","USA","400","First Time","Festival Website"
"CUST003611","35-44","Male","NC","USA","382","Second Time","Dice"
"CUST003612","55+","Female","OH","USA","278","Second Time","StubHub"
"CUST003613","35-44","Prefer not to say","GA","USA","688","Second Time","Dice"
"CUST003614","55+","Prefer not to say","VA","USA","251","First Time","Festival Website"
"CUST003615","55+","Non-Binary","MD","USA","90","Second Time","Dice"
"CUST003616","45-54","Male","PA","USA","80","First Time","Eventbrite"
"CUST003617","18-24","Male","OH","USA","335","First Time","SeatGeek"
"CUST003618","18-24","Prefer not to say","NJ","USA","245","Returning (3+)","Eventbrite"
"CUST003619","55+","Prefer not to say","TX","USA","1799","Second Time","Ticketmaster"
"CUST003620","35-44","Non-Binary","SC","USA","614","Second Time","Dice"
"CUST003621","35-44","Female","NC","USA","458","Second Time","SeatGeek"
"CUST003622","35-44","Male","NJ","USA","118","Returning (3+)","Dice"
"CUST003623","55+","Male","MI","USA","510","Second Time","Festival Website"
"CUST003624","18-24","Male","TX","USA","1563","Returning (3+)","StubHub"
"CUST003625","35-44","Male","PA","USA","138","Second Time","Eventbrite"
"CUST003626","35-44","Female","TX","USA","1672","First Time","Dice"
"CUST003627","25-34","Non-Binary","PA","USA","62","Returning (3+)","Dice"
"CUST003628","35-44","Prefer not to say","RI","USA","396","First Time","Dice"
"CUST003629","35-44","Male","SC","USA","491","First Time","StubHub"
"CUST003630","25-34","Female","PA","USA","95","Returning (3+)","Eventbrite"
"CUST003631","25-34","Female","PA","USA","51","Second Time","Festival Website"
"CUST003632","18-24","Female","FL","USA","1110","Returning (3+)","Dice"
"CUST003633","25-34","Female","CT","USA","268","Second Time","Eventbrite"
"CUST003634","45-54","Prefer not to say","CA","USA","2643","First Time","Eventbrite"
"CUST003635","35-44","Prefer not to say","DE","USA","184","Second Time","Ticketmaster"
"CUST003636","18-24","Male","DE","USA","167","Second Time","Eventbrite"
"CUST003637","45-54","Non-Binary","MI","USA","401","Second Time","Festival Website"
"CUST003638","18-24","Non-Binary","PA","USA","93","First Time","Festival Website"
"CUST003639","25-34","Prefer not to say","PA","USA","62","Returning (3+)","Dice"
"CUST003640","35-44","Female","TX","USA","1670","First Time","StubHub"
"CUST003641","18-24","Male","NY","USA","210","First Time","SeatGeek"
"CUST003642","25-34","Female","NC","USA","356","First Time","StubHub"
"CUST003643","55+","Prefer not to say","FL","USA","1083","First Time","Festival Website"
"CUST003644","18-24","Prefer not to say","PA","USA","110","First Time","Dice"
"CUST003645","35-44","Male","PA","USA","29","Second Time","Dice"
"CUST003646","45-54","Prefer not to say","PA","USA","104","Second Time","Eventbrite"
"CUST003647","18-24","Non-Binary","NY","USA","167","Second Time","Ticketmaster"
"CUST003648","18-24","Male","DE","USA","105","Second Time","SeatGeek"
"CUST003649","35-44","Male","GA","USA","696","First Time","Ticketmaster"
"CUST003650","35-44","Male","FL","USA","950","Second Time","StubHub"
"CUST003651","35-44","Prefer not to say","NJ","USA","118","Second Time","Dice"
"CUST003652","25-34","Female","PA","USA","43","Second Time","Ticketmaster"
"CUST003653","45-54","Female","SC","USA","630","First Time","Ticketmaster"
"CUST003654","35-44","Prefer not to say","PA","USA","114","Returning (3+)","Ticketmaster"
"CUST003655","18-24","Non-Binary","IL","USA","650","Second Time","Dice"
"CUST003656","45-54","Male","MD","USA","107","First Time","Festival Website"
"CUST003657","18-24","Prefer not to say","MD","USA","65","Returning (3+)","StubHub"
"CUST003658","55+","Male","PA","USA","87","Second Time","StubHub"
"CUST003659","25-34","Non-Binary","PA","USA","51","Second Time","Eventbrite"
"CUST003660","45-54","Male","PA","USA","40","Returning (3+)","StubHub"
"CUST003661","55+","Non-Binary","MI","USA","592","First Time","Festival Website"
"CUST003662","35-44","Male","DE","USA","112","Second Time","StubHub"
"CUST003663","45-54","Prefer not to say","DE","USA","111","First Time","Eventbrite"
"CUST003664","25-34","Prefer not to say","NY","USA","187","Second Time","SeatGeek"
"CUST003665","18-24","Female","TX","USA","1450","Second Time","Ticketmaster"
"CUST003666","35-44","Prefer not to say","RI","USA","385","Returning (3+)","Festival Website"
"CUST003667","35-44","Prefer not to say","MA","USA","334","Second Time","Eventbrite"
"CUST003668","25-34","Prefer not to say","OH","USA","384","First Time","StubHub"
"CUST003669","18-24","Prefer not to say","GA","USA","719","First Time","Eventbrite"
"CUST003670","25-34","Male","NY","USA","267","Returning (3+)","SeatGeek"
"CUST003671","35-44","Prefer not to say","FL","USA","811","First Time","Festival Website"
"CUST003672","45-54","Non-Binary","PA","USA","18","Returning (3+)","Eventbrite"
"CUST003673","55+","Male","PA","USA","6","Second Time","StubHub"
"CUST003674","25-34","Female","TX","USA","1494","Second Time","Dice"
"CUST003675","25-34","Non-Binary","MA","USA","388","Returning (3+)","Ticketmaster"
"CUST003676","35-44","Male","NY","USA","255","First Time","Dice"
"CUST003677","18-24","Non-Binary","NC","USA","444","First Time","Dice"
"CUST003678","18-24","Male","MD","USA","121","First Time","StubHub"
"CUST003679","55+","Prefer not to say","CA","USA","2948","First Time","Ticketmaster"
"CUST003680","35-44","Male","NY","USA","162","Returning (3+)","Ticketmaster"
"CUST003681","25-34","Male","MD","USA","184","Second Time","StubHub"
"CUST003682","18-24","Female","CA","USA","2513","Second Time","Festival Website"
"CUST003683","55+","Male","NJ","USA","221","First Time","Dice"
"CUST003684","25-34","Male","FL","USA","1077","Returning (3+)","StubHub"
"CUST003685","55+","Male","SC","USA","536","Returning (3+)","Eventbrite"
"CUST003686","45-54","Non-Binary","NY","USA","194","Second Time","Festival Website"
"CUST003687","35-44","Prefer not to say","FL","USA","866","Returning (3+)","Ticketmaster"
"CUST003688","35-44","Prefer not to say","MA","USA","326","Second Time","StubHub"
"CUST003689","25-34","Prefer not to say","PA","USA","120","Returning (3+)","Festival Website"
"CUST003690","45-54","Female","TX","USA","1502","Returning (3+)","Eventbrite"
"CUST003691","35-44","Male","MD","USA","60","First Time","SeatGeek"
"CUST003692","45-54","Prefer not to say","MD","USA","156","First Time","StubHub"
"CUST003693","18-24","Female","CA","USA","2746","Second Time","Dice"
"CUST003694","25-34","Prefer not to say","NJ","USA","173","First Time","SeatGeek"
"CUST003695","45-54","Non-Binary","TX","USA","1490","Second Time","StubHub"
"CUST003696","55+","Female","FL","USA","885","Second Time","Eventbrite"
"CUST003697","55+","Female","MD","USA","89","First Time","Ticketmaster"
"CUST003698","45-54","Prefer not to say","GA","USA","612","Second Time","Festival Website"
"CUST003699","55+","Male","MI","USA","429","Returning (3+)","Festival Website"
"CUST003700","55+","Prefer not to say","RI","USA","379","First Time","Eventbrite"
"CUST003701","25-34","Male","RI","USA","309","Second Time","Festival Website"
"CUST003702","25-34","Female","PA","USA","88","Returning (3+)","Festival Website"
"CUST003703","55+","Female","PA","USA","102","Second Time","Dice"
"CUST003704","25-34","Prefer not to say","MA","USA","329","First Time","Ticketmaster"
"CUST003705","18-24","Female","GA","USA","722","First Time","StubHub"
"CUST003706","25-34","Non-Binary","VA","USA","259","Returning (3+)","StubHub"
"CUST003707","45-54","Prefer not to say","NY","USA","183","First Time","Ticketmaster"
"CUST003708","35-44","Female","MD","USA","86","Returning (3+)","SeatGeek"
"CUST003709","25-34","Prefer not to say","GA","USA","670","Second Time","SeatGeek"
"CUST003710","25-34","Non-Binary","NJ","USA","141","Returning (3+)","StubHub"
"CUST003711","35-44","Prefer not to say","DE","USA","124","Second Time","SeatGeek"
"CUST003712","25-34","Female","PA","USA","46","Second Time","Ticketmaster"
"CUST003713","18-24","Non-Binary","MD","USA","110","First Time","Ticketmaster"
"CUST003714","25-34","Male","VA","USA","204","Returning (3+)","StubHub"
"CUST003715","55+","Non-Binary","FL","USA","1194","Returning (3+)","Festival Website"
"CUST003716","18-24","Female","MI","USA","415","Second Time","Eventbrite"
"CUST003717","25-34","Male","MD","USA","145","Second Time","Dice"
"CUST003718","25-34","Non-Binary","GA","USA","757","Second Time","Eventbrite"
"CUST003719","55+","Prefer not to say","PA","USA","140","First Time","Eventbrite"
"CUST003720","55+","Male","NY","USA","260","Second Time","StubHub"
"CUST003721","18-24","Female","PA","USA","109","Second Time","SeatGeek"
"CUST003722","25-34","Prefer not to say","GA","USA","600","First Time","SeatGeek"
"CUST003723","35-44","Prefer not to say","MD","USA","170","Returning (3+)","Festival Website"
"CUST003724","35-44","Male","PA","USA","7","First Time","StubHub"
"CUST003725","18-24","Non-Binary","NY","USA","241","First Time","Dice"
"CUST003726","45-54","Prefer not to say","MD","USA","116","Second Time","StubHub"
"CUST003727","35-44","Female","MD","USA","111","Returning (3+)","Eventbrite"
"CUST003728","45-54","Male","PA","USA","22","Returning (3+)","Festival Website"
"CUST003729","35-44","Male","NY","USA","183","Returning (3+)","Eventbrite"
"CUST003730","18-24","Male","NJ","USA","145","Returning (3+)","SeatGeek"
"CUST003731","25-34","Female","CA","USA","2822","First Time","Ticketmaster"
"CUST003732","55+","Non-Binary","PA","USA","145","Returning (3+)","Dice"
"CUST003733","35-44","Male","NY","USA","297","Returning (3+)","Eventbrite"
"CUST003734","55+","Female","NY","USA","255","Second Time","Ticketmaster"
"CUST003735","45-54","Female","NC","USA","334","First Time","SeatGeek"
"CUST003736","35-44","Male","MD","USA","190","Returning (3+)","StubHub"
"CUST003737","45-54","Female","NJ","USA","107","Second Time","Dice"
"CUST003738","55+","Male","FL","USA","1001","First Time","Eventbrite"
"CUST003739","45-54","Non-Binary","IL","USA","602","Returning (3+)","Ticketmaster"
"CUST003740","45-54","Prefer not to say","NY","USA","272","Returning (3+)","SeatGeek"
"CUST003741","25-34","Non-Binary","GA","USA","641","Returning (3+)","Ticketmaster"
"CUST003742","35-44","Non-Binary","IL","USA","618","First Time","Eventbrite"
"CUST003743","35-44","Prefer not to say","MD","USA","129","Second Time","Dice"
"CUST003744","45-54","Male","NC","USA","341","Returning (3+)","Festival Website"
"CUST003745","55+","Non-Binary","NY","USA","173","Returning (3+)","Festival Website"
"CUST003746","25-34","Female","IL","USA","786","Returning (3+)","Dice"
"CUST003747","45-54","Male","CA","USA","2892","First Time","SeatGeek"
"CUST003748","45-54","Prefer not to say","NY","USA","198","First Time","StubHub"
"CUST003749","18-24","Prefer not to say","DE","USA","156","Second Time","StubHub"
"CUST003750","35-44","Female","VA","USA","302","Returning (3+)","Dice"
"CUST003751","55+","Female","NY","USA","193","First Time","StubHub"
"CUST003752","35-44","Prefer not to say","TX","USA","1606","First Time","Ticketmaster"
"CUST003753","25-34","Male","NJ","USA","196","Second Time","SeatGeek"
"CUST003754","18-24","Male","VA","USA","157","Returning (3+)","Eventbrite"
"CUST003755","18-24","Prefer not to say","NJ","USA","140","Returning (3+)","Eventbrite"
"CUST003756","45-54","Non-Binary","RI","USA","394","Second Time","StubHub"
"CUST003757","35-44","Female","NY","USA","153","Returning (3+)","Festival Website"
"CUST003758","35-44","Female","MI","USA","484","Second Time","Dice"
"CUST003759","55+","Non-Binary","PA","USA","27","Returning (3+)","Eventbrite"
"CUST003760","25-34","Male","RI","USA","364","First Time","Ticketmaster"
"CUST003761","18-24","Prefer not to say","NY","USA","204","First Time","SeatGeek"
"CUST003762","55+","Non-Binary","SC","USA","585","Second Time","Dice"
"CUST003763","35-44","Female","NY","USA","278","First Time","Dice"
"CUST003764","55+","Non-Binary","NC","USA","436","First Time","Ticketmaster"
"CUST003765","55+","Non-Binary","SC","USA","550","First Time","Dice"
"CUST003766","35-44","Prefer not to say","GA","USA","799","First Time","Dice"
"CUST003767","35-44","Non-Binary","NC","USA","309","First Time","StubHub"
"CUST003768","35-44","Prefer not to say","MA","USA","363","Returning (3+)","Eventbrite"
"CUST003769","25-34","Prefer not to say","DE","USA","125","Second Time","Ticketmaster"
"CUST003770","55+","Male","NJ","USA","198","Returning (3+)","SeatGeek"
"CUST003771","35-44","Male","SC","USA","630","First Time","SeatGeek"
"CUST003772","25-34","Male","MA","USA","307","First Time","Eventbrite"
"CUST003773","55+","Prefer not to say","VA","USA","277","Returning (3+)","Ticketmaster"
"CUST003774","18-24","Female","MI","USA","465","Second Time","Eventbrite"
"CUST003775","35-44","Female","OH","USA","333","First Time","StubHub"
"CUST003776","45-54","Prefer not to say","PA","USA","142","First Time","Festival Website"
"CUST003777","55+","Non-Binary","GA","USA","666","First Time","Ticketmaster"
"CUST003778","35-44","Male","NY","USA","239","First Time","StubHub"
"CUST003779","55+","Prefer not to say","NY","USA","211","Returning (3+)","Festival Website"
"CUST003780","45-54","Female","SC","USA","579","Second Time","Dice"
"CUST003781","35-44","Prefer not to say","MI","USA","490","First Time","Ticketmaster"
"CUST003782","45-54","Male","NY","USA","180","Returning (3+)","SeatGeek"
"CUST003783","25-34","Male","PA","USA","84","Returning (3+)","Dice"
"CUST003784","35-44","Female","CT","USA","311","First Time","StubHub"
"CUST003785","45-54","Female","PA","USA","33","Returning (3+)","Festival Website"
"CUST003786","55+","Male","MI","USA","443","Second Time","StubHub"
"CUST003787","45-54","Female","NJ","USA","197","Returning (3+)","StubHub"
"CUST003788","55+","Prefer not to say","IL","USA","787","Returning (3+)","Ticketmaster"
"CUST003789","25-34","Non-Binary","PA","USA","52","Second Time","Ticketmaster"
"CUST003790","35-44","Prefer not to say","NJ","USA","237","First Time","SeatGeek"
"CUST003791","35-44","Non-Binary","PA","USA","110","Second Time","StubHub"
"CUST003792","55+","Male","VA","USA","175","Returning (3+)","SeatGeek"
"CUST003793","25-34","Prefer not to say","NY","USA","247","Returning (3+)","SeatGeek"
"CUST003794","25-34","Female","PA","USA","59","Second Time","Eventbrite"
"CUST003795","25-34","Non-Binary","CA","USA","2574","First Time","Festival Website"
"CUST003796","18-24","Non-Binary","PA","USA","48","Second Time","StubHub"
"CUST003797","35-44","Non-Binary","FL","USA","1063","Second Time","StubHub"
"CUST003798","18-24","Prefer not to say","PA","USA","112","First Time","Eventbrite"
"CUST003799","45-54","Female","NY","USA","208","Second Time","StubHub"
"CUST003800","25-34","Non-Binary","MD","USA","73","Returning (3+)","SeatGeek"
"CUST003801","45-54","Female","MD","USA","112","First Time","Eventbrite"
"CUST003802","18-24","Male","PA","USA","128","Second Time","StubHub"
"CUST003803","35-44","Male","RI","USA","344","Returning (3+)","Ticketmaster"
"CUST003804","18-24","Male","NC","USA","400","Returning (3+)","Dice"
"CUST003805","55+","Prefer not to say","CA","USA","2805","First Time","Eventbrite"
"CUST003806","35-44","Prefer not to say","NJ","USA","100","First Time","StubHub"
"CUST003807","35-44","Prefer not to say","PA","USA","79","Returning (3+)","Ticketmaster"
"CUST003808","18-24","Male","MI","USA","587","Returning (3+)","Dice"
"CUST003809","45-54","Female","CA","USA","2933","First Time","Dice"
"CUST003810","25-34","Male","MI","USA","403","Returning (3+)","Ticketmaster"
"CUST003811","18-24","Non-Binary","MD","USA","74","Second Time","Festival Website"
"CUST003812","35-44","Non-Binary","CT","USA","277","Second Time","SeatGeek"
"CUST003813","18-24","Prefer not to say","MD","USA","114","Returning (3+)","Eventbrite"
"CUST003814","45-54","Male","OH","USA","280","Returning (3+)","Eventbrite"
"CUST003815","35-44","Male","VA","USA","152","First Time","StubHub"
"CUST003816","18-24","Female","PA","USA","86","First Time","StubHub"
"CUST003817","25-34","Non-Binary","RI","USA","367","Returning (3+)","Dice"
"CUST003818","45-54","Female","DE","USA","103","Returning (3+)","Festival Website"
"CUST003819","25-34","Male","VA","USA","161","First Time","Dice"
"CUST003820","35-44","Female","NJ","USA","244","First Time","Dice"
"CUST003821","35-44","Prefer not to say","TX","USA","1578","Returning (3+)","Festival Website"
"CUST003822","35-44","Female","CA","USA","2650","Second Time","SeatGeek"
"CUST003823","45-54","Prefer not to say","IL","USA","764","Second Time","SeatGeek"
"CUST003824","18-24","Non-Binary","PA","USA","0","Returning (3+)","Ticketmaster"
"CUST003825","55+","Non-Binary","NY","USA","291","Second Time","Dice"
"CUST003826","18-24","Non-Binary","VA","USA","242","Second Time","Festival Website"
"CUST003827","18-24","Prefer not to say","PA","USA","111","First Time","SeatGeek"
"CUST003828","25-34","Prefer not to say","NY","USA","268","First Time","Ticketmaster"
"CUST003829","18-24","Non-Binary","CT","USA","303","Second Time","Festival Website"
"CUST003830","45-54","Female","MI","USA","546","Returning (3+)","Festival Website"
"CUST003831","18-24","Non-Binary","NC","USA","382","First Time","Ticketmaster"
"CUST003832","55+","Prefer not to say","PA","USA","67","Returning (3+)","SeatGeek"
"CUST003833","18-24","Male","CT","USA","338","Returning (3+)","Ticketmaster"
"CUST003834","45-54","Male","FL","USA","902","First Time","SeatGeek"
"CUST003835","25-34","Female","CT","USA","254","Returning (3+)","Dice"
"CUST003836","18-24","Female","OH","USA","349","Second Time","Ticketmaster"
"CUST003837","18-24","Prefer not to say","FL","USA","1125","Returning (3+)","SeatGeek"
"CUST003838","18-24","Non-Binary","PA","USA","135","Returning (3+)","Festival Website"
"CUST003839","55+","Prefer not to say","MD","USA","58","Second Time","Ticketmaster"
"CUST003840","18-24","Male","GA","USA","604","Second Time","Eventbrite"
"CUST003841","45-54","Non-Binary","PA","USA","78","Returning (3+)","Ticketmaster"
"CUST003842","35-44","Prefer not to say","PA","USA","22","Second Time","SeatGeek"
"CUST003843","55+","Female","PA","USA","20","Returning (3+)","Eventbrite"
"CUST003844","55+","Male","OH","USA","370","First Time","Eventbrite"
"CUST003845","25-34","Male","NJ","USA","142","First Time","StubHub"
"CUST003846","35-44","Non-Binary","CA","USA","2507","First Time","SeatGeek"
"CUST003847","45-54","Prefer not to say","OH","USA","286","Second Time","Festival Website"
"CUST003848","25-34","Male","SC","USA","572","Returning (3+)","StubHub"
"CUST003849","18-24","Non-Binary","RI","USA","359","First Time","Ticketmaster"
"CUST003850","35-44","Prefer not to say","NY","USA","195","Returning (3+)","StubHub"
"CUST003851","18-24","Male","FL","USA","996","Second Time","StubHub"
"CUST003852","45-54","Male","NY","USA","272","Second Time","Festival Website"
"CUST003853","35-44","Prefer not to say","NC","USA","369","Second Time","Eventbrite"
"CUST003854","55+","Female","NY","USA","242","Second Time","Ticketmaster"
"CUST003855","25-34","Female","CA","USA","2918","First Time","Ticketmaster"
"CUST003856","45-54","Prefer not to say","NJ","USA","199","Second Time","SeatGeek"
"CUST003857","45-54","Female","NY","USA","232","Second Time","Eventbrite"
"CUST003858","25-34","Prefer not to say","PA","USA","7","First Time","StubHub"
"CUST003859","45-54","Prefer not to say","VA","USA","342","Returning (3+)","Festival Website"
"CUST003860","25-34","Male","NJ","USA","174","Second Time","Ticketmaster"
"CUST003861","45-54","Prefer not to say","NJ","USA","224","Second Time","Dice"
"CUST003862","25-34","Prefer not to say","IL","USA","680","Returning (3+)","Festival Website"
"CUST003863","45-54","Male","FL","USA","876","Second Time","Ticketmaster"
"CUST003864","18-24","Prefer not to say","IL","USA","715","Second Time","Ticketmaster"
"CUST003865","55+","Prefer not to say","PA","USA","147","Second Time","Dice"
"CUST003866","45-54","Male","NY","USA","247","Returning (3+)","Dice"
"CUST003867","55+","Non-Binary","CA","USA","2740","Second Time","SeatGeek"
"CUST003868","18-24","Prefer not to say","NJ","USA","162","First Time","Ticketmaster"
"CUST003869","25-34","Male","FL","USA","886","Returning (3+)","StubHub"
"CUST003870","35-44","Female","MD","USA","96","Second Time","Dice"
"CUST003871","18-24","Male","PA","USA","1","Returning (3+)","StubHub"
"CUST003872","55+","Prefer not to say","CA","USA","2964","Second Time","SeatGeek"
"CUST003873","35-44","Prefer not to say","MI","USA","409","First Time","Eventbrite"
"CUST003874","25-34","Non-Binary","PA","USA","10","Second Time","Dice"
"CUST003875","35-44","Male","CT","USA","313","First Time","SeatGeek"
"CUST003876","35-44","Female","MI","USA","462","Second Time","Ticketmaster"
"CUST003877","35-44","Female","PA","USA","77","Second Time","Eventbrite"
"CUST003878","18-24","Male","PA","USA","41","Returning (3+)","Eventbrite"
"CUST003879","35-44","Female","NY","USA","221","Returning (3+)","Dice"
"CUST003880","18-24","Prefer not to say","RI","USA","346","First Time","Festival Website"
"CUST003881","45-54","Prefer not to say","NY","USA","258","First Time","Dice"
"CUST003882","18-24","Non-Binary","PA","USA","78","First Time","Eventbrite"
"CUST003883","55+","Non-Binary","NY","USA","286","First Time","Festival Website"
"CUST003884","18-24","Male","PA","USA","128","First Time","Ticketmaster"
"CUST003885","45-54","Male","NY","USA","196","Second Time","Festival Website"
"CUST003886","55+","Prefer not to say","NY","USA","151","Second Time","SeatGeek"
"CUST003887","45-54","Male","NJ","USA","127","Returning (3+)","Ticketmaster"
"CUST003888","55+","Prefer not to say","NC","USA","440","Returning (3+)","Eventbrite"
"CUST003889","35-44","Non-Binary","MD","USA","99","First Time","Eventbrite"
"CUST003890","55+","Prefer not to say","PA","USA","46","Returning (3+)","Festival Website"
"CUST003891","18-24","Female","RI","USA","379","First Time","Eventbrite"
"CUST003892","55+","Prefer not to say","CA","USA","2502","First Time","Dice"
"CUST003893","35-44","Non-Binary","MD","USA","173","Second Time","StubHub"
"CUST003894","55+","Prefer not to say","NY","USA","229","First Time","StubHub"
"CUST003895","18-24","Male","SC","USA","464","First Time","SeatGeek"
"CUST003896","45-54","Non-Binary","MA","USA","305","First Time","SeatGeek"
"CUST003897","18-24","Male","VA","USA","296","First Time","Dice"
"CUST003898","45-54","Non-Binary","NY","USA","255","First Time","Festival Website"
"CUST003899","55+","Female","NY","USA","244","Second Time","Festival Website"
"CUST003900","35-44","Non-Binary","PA","USA","115","Returning (3+)","Eventbrite"
"CUST003901","35-44","Prefer not to say","IL","USA","618","Returning (3+)","SeatGeek"
"CUST003902","35-44","Prefer not to say","NY","USA","253","Second Time","Eventbrite"
"CUST003903","45-54","Female","MI","USA","461","Returning (3+)","StubHub"
"CUST003904","18-24","Female","MA","USA","351","First Time","Ticketmaster"
"CUST003905","45-54","Non-Binary","CA","USA","2691","Returning (3+)","SeatGeek"
"CUST003906","35-44","Female","SC","USA","531","First Time","StubHub"
"CUST003907","35-44","Prefer not to say","NY","USA","160","Returning (3+)","Ticketmaster"
"CUST003908","55+","Female","FL","USA","814","First Time","Dice"
"CUST003909","55+","Non-Binary","RI","USA","321","First Time","Ticketmaster"
"CUST003910","18-24","Non-Binary","CA","USA","2945","First Time","Dice"
"CUST003911","45-54","Prefer not to say","VA","USA","197","Returning (3+)","Ticketmaster"
"CUST003912","35-44","Prefer not to say","OH","USA","355","Second Time","Eventbrite"
"CUST003913","55+","Male","NC","USA","425","Returning (3+)","SeatGeek"
"CUST003914","45-54","Female","PA","USA","118","Second Time","StubHub"
"CUST003915","35-44","Prefer not to say","OH","USA","390","First Time","SeatGeek"
"CUST003916","25-34","Female","NY","USA","255","First Time","Festival Website"
"CUST003917","35-44","Male","PA","USA","1","First Time","Festival Website"
"CUST003918","35-44","Non-Binary","NY","USA","212","Returning (3+)","Dice"
"CUST003919","55+","Male","FL","USA","921","Second Time","Ticketmaster"
"CUST003920","35-44","Female","NJ","USA","119","Second Time","Ticketmaster"
"CUST003921","45-54","Male","MD","USA","183","Returning (3+)","StubHub"
"CUST003922","18-24","Prefer not to say","OH","USA","366","Returning (3+)","Festival Website"
"CUST003923","55+","Female","NY","USA","251","First Time","Eventbrite"
"CUST003924","35-44","Male","NY","USA","197","First Time","Ticketmaster"
"CUST003925","45-54","Female","MA","USA","303","Returning (3+)","Dice"
"CUST003926","55+","Male","NY","USA","247","Returning (3+)","Ticketmaster"
"CUST003927","35-44","Non-Binary","NC","USA","492","First Time","Eventbrite"
"CUST003928","25-34","Female","CT","USA","306","First Time","Eventbrite"
"CUST003929","55+","Non-Binary","MA","USA","375","Second Time","Eventbrite"
"CUST003930","55+","Prefer not to say","DE","USA","193","Returning (3+)","Festival Website"
"CUST003931","35-44","Prefer not to say","NJ","USA","149","Second Time","SeatGeek"
"CUST003932","35-44","Male","NY","USA","201","Second Time","Dice"
"CUST003933","45-54","Female","NC","USA","414","First Time","Ticketmaster"
"CUST003934","25-34","Non-Binary","RI","USA","302","First Time","StubHub"
"CUST003935","18-24","Non-Binary","SC","USA","492","Returning (3+)","Ticketmaster"
"CUST003936","55+","Female","SC","USA","557","First Time","Ticketmaster"
"CUST003937","45-54","Prefer not to say","NY","USA","210","Second Time","Festival Website"
"CUST003938","45-54","Female","MI","USA","417","Returning (3+)","Ticketmaster"
"CUST003939","18-24","Non-Binary","CA","USA","2762","Second Time","Festival Website"
"CUST003940","25-34","Non-Binary","FL","USA","1001","Second Time","StubHub"
"CUST003941","25-34","Non-Binary","IL","USA","700","Second Time","Eventbrite"
"CUST003942","18-24","Prefer not to say","DE","USA","106","First Time","Festival Website"
"CUST003943","18-24","Male","SC","USA","503","Second Time","Dice"
"CUST003944","45-54","Prefer not to say","MI","USA","548","First Time","Dice"
"CUST003945","45-54","Non-Binary","MD","USA","112","Returning (3+)","Dice"
"CUST003946","55+","Prefer not to say","MD","USA","51","Second Time","Ticketmaster"
"CUST003947","18-24","Female","PA","USA","52","Second Time","StubHub"
"CUST003948","55+","Male","PA","USA","0","Second Time","Dice"
"CUST003949","45-54","Non-Binary","NJ","USA","243","Returning (3+)","Dice"
"CUST003950","25-34","Non-Binary","NY","USA","166","First Time","StubHub"
"CUST003951","45-54","Female","GA","USA","620","First Time","Dice"
"CUST003952","45-54","Male","TX","USA","1788","Second Time","StubHub"
"CUST003953","25-34","Prefer not to say","PA","USA","115","First Time","Ticketmaster"
"CUST003954","35-44","Male","PA","USA","85","First Time","Eventbrite"
"CUST003955","55+","Prefer not to say","DE","USA","165","First Time","Ticketmaster"
"CUST003956","35-44","Prefer not to say","NY","USA","240","First Time","StubHub"
"CUST003957","45-54","Male","CA","USA","2700","Returning (3+)","StubHub"
"CUST003958","45-54","Female","MD","USA","180","Second Time","Dice"
"CUST003959","35-44","Female","RI","USA","331","First Time","Dice"
"CUST003960","18-24","Non-Binary","MD","USA","163","First Time","Festival Website"
"CUST003961","35-44","Male","PA","USA","92","First Time","StubHub"
"CUST003962","55+","Male","DE","USA","155","Returning (3+)","Festival Website"
"CUST003963","25-34","Male","FL","USA","1039","Second Time","StubHub"
"CUST003964","45-54","Female","CA","USA","2547","Second Time","Eventbrite"
"CUST003965","18-24","Non-Binary","OH","USA","303","Returning (3+)","Festival Website"
"CUST003966","18-24","Male","PA","USA","26","Second Time","SeatGeek"
"CUST003967","25-34","Male","DE","USA","115","Returning (3+)","Ticketmaster"
"CUST003968","55+","Male","RI","USA","334","Second Time","SeatGeek"
"CUST003969","55+","Non-Binary","NC","USA","403","First Time","Festival Website"
"CUST003970","25-34","Female","SC","USA","526","Returning (3+)","Dice"
"CUST003971","45-54","Non-Binary","NY","USA","211","Returning (3+)","StubHub"
"CUST003972","55+","Female","NC","USA","313","First Time","StubHub"
"CUST003973","25-34","Non-Binary","IL","USA","609","First Time","Dice"
"CUST003974","45-54","Male","FL","USA","958","Returning (3+)","Festival Website"
"CUST003975","45-54","Female","NJ","USA","119","First Time","Dice"
"CUST003976","45-54","Non-Binary","PA","USA","150","Second Time","SeatGeek"
"CUST003977","25-34","Prefer not to say","NY","USA","264","First Time","StubHub"
"CUST003978","25-34","Male","MA","USA","310","Second Time","StubHub"
"CUST003979","18-24","Non-Binary","NJ","USA","234","Returning (3+)","Dice"
"CUST003980","25-34","Male","MA","USA","377","Returning (3+)","Ticketmaster"
"CUST003981","35-44","Prefer not to say","CA","USA","2725","Returning (3+)","Ticketmaster"
"CUST003982","35-44","Non-Binary","DE","USA","160","Second Time","Festival Website"
"CUST003983","45-54","Prefer not to say","CA","USA","2522","Second Time","SeatGeek"
"CUST003984","18-24","Prefer not to say","MI","USA","537","Returning (3+)","Festival Website"
"CUST003985","25-34","Male","NJ","USA","128","Second Time","SeatGeek"
"CUST003986","55+","Male","TX","USA","1569","Returning (3+)","SeatGeek"
"CUST003987","45-54","Prefer not to say","TX","USA","1693","Returning (3+)","Eventbrite"
"CUST003988","18-24","Non-Binary","NY","USA","264","Returning (3+)","Eventbrite"
"CUST003989","45-54","Prefer not to say","NY","USA","151","Second Time","Festival Website"
"CUST003990","45-54","Female","MI","USA","466","Second Time","Festival Website"
"CUST003991","25-34","Non-Binary","IL","USA","716","Returning (3+)","StubHub"
"CUST003992","18-24","Female","PA","USA","143","Returning (3+)","Festival Website"
"CUST003993","45-54","Female","FL","USA","833","Second Time","Eventbrite"
"CUST003994","55+","Female","GA","USA","750","Second Time","SeatGeek"
"CUST003995","25-34","Prefer not to say","MD","USA","200","Returning (3+)","StubHub"
"CUST003996","18-24","Non-Binary","NJ","USA","140","First Time","SeatGeek"
"CUST003997","25-34","Prefer not to say","MA","USA","318","Returning (3+)","Ticketmaster"
"CUST003998","18-24","Non-Binary","DE","USA","184","Returning (3+)","Festival Website"
"CUST003999","35-44","Male","MD","USA","117","Returning (3+)","Festival Website"
"CUST004000","55+","Male","NY","USA","191","First Time","SeatGeek"
"CUST004001","25-34","Non-Binary","NY","USA","265","First Time","Dice"
"CUST004002","25-34","Non-Binary","NY","USA","236","First Time","Ticketmaster"
"CUST004003","25-34","Non-Binary","GA","USA","713","Second Time","Ticketmaster"
"CUST004004","45-54","Female","MA","USA","301","Second Time","SeatGeek"
"CUST004005","25-34","Prefer not to say","IL","USA","717","First Time","Dice"
"CUST004006","55+","Prefer not to say","TX","USA","1573","Second Time","SeatGeek"
"CUST004007","45-54","Female","SC","USA","591","Second Time","Eventbrite"
"CUST004008","55+","Female","NJ","USA","142","Returning (3+)","Eventbrite"
"CUST004009","45-54","Female","PA","USA","51","First Time","Eventbrite"
"CUST004010","18-24","Male","NJ","USA","206","Returning (3+)","Eventbrite"
"CUST004011","25-34","Female","PA","USA","74","First Time","Festival Website"
"CUST004012","25-34","Non-Binary","DE","USA","124","Second Time","Dice"
"CUST004013","35-44","Prefer not to say","PA","USA","2","Second Time","Dice"
"CUST004014","55+","Non-Binary","CA","USA","2764","Second Time","Dice"
"CUST004015","35-44","Prefer not to say","MA","USA","376","Returning (3+)","Ticketmaster"
"CUST004016","18-24","Prefer not to say","OH","USA","347","First Time","Dice"
"CUST004017","18-24","Prefer not to say","SC","USA","627","Returning (3+)","SeatGeek"
"CUST004018","55+","Non-Binary","CA","USA","2878","Returning (3+)","Festival Website"
"CUST004019","55+","Prefer not to say","NJ","USA","131","First Time","Eventbrite"
"CUST004020","45-54","Female","NY","USA","235","Returning (3+)","Eventbrite"
"CUST004021","55+","Non-Binary","CA","USA","2854","Returning (3+)","Eventbrite"
"CUST004022","18-24","Female","CA","USA","2593","Second Time","Festival Website"
"CUST004023","55+","Prefer not to say","PA","USA","14","Returning (3+)","Eventbrite"
"CUST004024","35-44","Female","PA","USA","9","Returning (3+)","Festival Website"
"CUST004025","18-24","Non-Binary","GA","USA","710","Returning (3+)","StubHub"
"CUST004026","45-54","Non-Binary","SC","USA","468","Second Time","Dice"
"CUST004027","55+","Prefer not to say","PA","USA","15","Second Time","Festival Website"
"CUST004028","45-54","Prefer not to say","CA","USA","2918","First Time","StubHub"
"CUST004029","45-54","Non-Binary","GA","USA","717","Returning (3+)","Eventbrite"
"CUST004030","25-34","Male","NJ","USA","174","First Time","Dice"
"CUST004031","55+","Female","MI","USA","412","Second Time","Festival Website"
"CUST004032","35-44","Non-Binary","NC","USA","447","Second Time","Festival Website"
"CUST004033","35-44","Non-Binary","PA","USA","105","First Time","StubHub"
"CUST004034","35-44","Prefer not to say","SC","USA","526","First Time","Ticketmaster"
"CUST004035","45-54","Female","NY","USA","205","Returning (3+)","Eventbrite"
"CUST004036","35-44","Female","NY","USA","210","Second Time","Eventbrite"
"CUST004037","35-44","Non-Binary","PA","USA","52","Returning (3+)","Festival Website"
"CUST004038","18-24","Non-Binary","MA","USA","382","Returning (3+)","Festival Website"
"CUST004039","25-34","Male","FL","USA","897","First Time","Eventbrite"
"CUST004040","55+","Non-Binary","NJ","USA","249","Returning (3+)","StubHub"
"CUST004041","45-54","Male","PA","USA","28","First Time","Ticketmaster"
"CUST004042","35-44","Non-Binary","MI","USA","408","Second Time","Eventbrite"
"CUST004043","55+","Non-Binary","RI","USA","331","Second Time","Dice"
"CUST004044","35-44","Non-Binary","NY","USA","293","Returning (3+)","Ticketmaster"
"CUST004045","25-34","Non-Binary","DE","USA","137","First Time","Festival Website"
"CUST004046","35-44","Prefer not to say","TX","USA","1557","Returning (3+)","StubHub"
"CUST004047","18-24","Prefer not to say","NY","USA","184","Returning (3+)","StubHub"
"CUST004048","25-34","Male","DE","USA","146","First Time","Eventbrite"
"CUST004049","45-54","Non-Binary","IL","USA","751","Second Time","StubHub"
"CUST004050","45-54","Male","OH","USA","275","First Time","StubHub"
"CUST004051","35-44","Female","TX","USA","1519","Returning (3+)","StubHub"
"CUST004052","18-24","Non-Binary","VA","USA","343","First Time","StubHub"
"CUST004053","35-44","Male","VA","USA","179","Returning (3+)","SeatGeek"
"CUST004054","45-54","Prefer not to say","IL","USA","689","First Time","Festival Website"
"CUST004055","45-54","Prefer not to say","NJ","USA","229","First Time","Eventbrite"
"CUST004056","18-24","Non-Binary","PA","USA","118","First Time","SeatGeek"
"CUST004057","55+","Male","RI","USA","395","First Time","SeatGeek"
"CUST004058","45-54","Non-Binary","NJ","USA","213","Returning (3+)","StubHub"
"CUST004059","45-54","Male","NY","USA","217","First Time","Dice"
"CUST004060","25-34","Male","FL","USA","1109","Returning (3+)","Eventbrite"
"CUST004061","18-24","Non-Binary","PA","USA","100","Returning (3+)","StubHub"
"CUST004062","55+","Male","TX","USA","1568","First Time","Ticketmaster"
"CUST004063","55+","Female","MA","USA","389","Returning (3+)","StubHub"
"CUST004064","18-24","Female","NJ","USA","153","Second Time","Eventbrite"
"CUST004065","55+","Prefer not to say","PA","USA","14","Returning (3+)","Eventbrite"
"CUST004066","18-24","Non-Binary","VA","USA","339","Returning (3+)","Eventbrite"
"CUST004067","25-34","Non-Binary","NY","USA","174","First Time","SeatGeek"
"CUST004068","25-34","Female","PA","USA","93","First Time","Dice"
"CUST004069","45-54","Female","NJ","USA","227","First Time","Ticketmaster"
"CUST004070","18-24","Female","SC","USA","546","Returning (3+)","Dice"
"CUST004071","18-24","Male","MD","USA","187","Second Time","SeatGeek"
"CUST004072","35-44","Female","GA","USA","657","Returning (3+)","Eventbrite"
"CUST004073","25-34","Non-Binary","PA","USA","34","Returning (3+)","SeatGeek"
"CUST004074","35-44","Male","NC","USA","358","Returning (3+)","SeatGeek"
"CUST004075","18-24","Non-Binary","IL","USA","617","First Time","StubHub"
"CUST004076","55+","Non-Binary","IL","USA","742","First Time","SeatGeek"
"CUST004077","45-54","Female","CT","USA","259","Second Time","StubHub"
"CUST004078","55+","Male","NY","USA","294","Second Time","StubHub"
"CUST004079","45-54","Female","GA","USA","733","First Time","Eventbrite"
"CUST004080","45-54","Prefer not to say","MI","USA","596","Returning (3+)","StubHub"
"CUST004081","45-54","Female","CT","USA","326","Returning (3+)","Eventbrite"
"CUST004082","55+","Non-Binary","PA","USA","113","Second Time","Ticketmaster"
"CUST004083","25-34","Male","NY","USA","232","First Time","SeatGeek"
"CUST004084","18-24","Male","MI","USA","569","Second Time","Eventbrite"
"CUST004085","55+","Male","PA","USA","26","Returning (3+)","Ticketmaster"
"CUST004086","35-44","Female","NJ","USA","183","First Time","Festival Website"
"CUST004087","18-24","Non-Binary","VA","USA","329","Second Time","Dice"
"CUST004088","18-24","Male","DE","USA","199","Returning (3+)","SeatGeek"
"CUST004089","45-54","Female","NY","USA","202","Second Time","Ticketmaster"
"CUST004090","18-24","Male","MD","USA","107","First Time","Festival Website"
"CUST004091","55+","Male","NY","USA","223","Returning (3+)","Festival Website"
"CUST004092","35-44","Prefer not to say","NY","USA","276","Returning (3+)","StubHub"
"CUST004093","25-34","Male","MD","USA","150","First Time","Dice"
"CUST004094","35-44","Male","PA","USA","49","Second Time","Dice"
"CUST004095","25-34","Non-Binary","GA","USA","627","First Time","StubHub"
"CUST004096","25-34","Male","NJ","USA","130","Second Time","Festival Website"
"CUST004097","45-54","Female","MD","USA","169","First Time","SeatGeek"
"CUST004098","35-44","Non-Binary","NJ","USA","197","Second Time","Festival Website"
"CUST004099","45-54","Female","VA","USA","262","Second Time","Festival Website"
"CUST004100","55+","Female","NY","USA","284","Second Time","Eventbrite"
"CUST004101","18-24","Female","NY","USA","238","Second Time","Dice"
"CUST004102","18-24","Prefer not to say","PA","USA","134","Returning (3+)","SeatGeek"
"CUST004103","25-34","Non-Binary","NJ","USA","105","Second Time","Ticketmaster"
"CUST004104","55+","Prefer not to say","NY","USA","287","First Time","Ticketmaster"
"CUST004105","18-24","Female","MD","USA","156","First Time","Festival Website"
"CUST004106","35-44","Non-Binary","FL","USA","808","Returning (3+)","Dice"
"CUST004107","25-34","Male","FL","USA","856","Returning (3+)","Eventbrite"
"CUST004108","45-54","Non-Binary","DE","USA","123","Returning (3+)","Festival Website"
"CUST004109","55+","Prefer not to say","NY","USA","158","Returning (3+)","SeatGeek"
"CUST004110","55+","Male","SC","USA","512","First Time","StubHub"
"CUST004111","35-44","Prefer not to say","NY","USA","195","First Time","StubHub"
"CUST004112","25-34","Non-Binary","MA","USA","374","First Time","Eventbrite"
"CUST004113","35-44","Female","MD","USA","83","Second Time","Festival Website"
"CUST004114","35-44","Male","NY","USA","292","Second Time","StubHub"
"CUST004115","35-44","Non-Binary","MD","USA","168","Returning (3+)","StubHub"
"CUST004116","25-34","Prefer not to say","CA","USA","2759","Second Time","Dice"
"CUST004117","35-44","Non-Binary","NC","USA","491","Second Time","SeatGeek"
"CUST004118","35-44","Prefer not to say","CA","USA","2572","Returning (3+)","Eventbrite"
"CUST004119","35-44","Male","PA","USA","38","Returning (3+)","Eventbrite"
"CUST004120","25-34","Male","PA","USA","32","First Time","SeatGeek"
"CUST004121","55+","Female","MD","USA","193","First Time","Dice"
"CUST004122","55+","Non-Binary","MD","USA","122","First Time","StubHub"
"CUST004123","35-44","Prefer not to say","OH","USA","350","Second Time","Ticketmaster"
"CUST004124","18-24","Non-Binary","MD","USA","128","Returning (3+)","StubHub"
"CUST004125","25-34","Non-Binary","TX","USA","1726","Second Time","Eventbrite"
"CUST004126","35-44","Non-Binary","RI","USA","362","Returning (3+)","Ticketmaster"
"CUST004127","25-34","Female","MI","USA","573","Second Time","Festival Website"
"CUST004128","55+","Male","VA","USA","300","Second Time","Dice"
"CUST004129","55+","Non-Binary","MI","USA","428","Returning (3+)","Dice"
"CUST004130","35-44","Female","CA","USA","2712","Returning (3+)","Festival Website"
"CUST004131","18-24","Prefer not to say","MD","USA","64","Second Time","Ticketmaster"
"CUST004132","18-24","Prefer not to say","PA","USA","103","Returning (3+)","StubHub"
"CUST004133","18-24","Male","NC","USA","489","Second Time","Eventbrite"
"CUST004134","18-24","Non-Binary","NC","USA","409","First Time","Ticketmaster"
"CUST004135","45-54","Male","SC","USA","584","First Time","Eventbrite"
"CUST004136","18-24","Female","NC","USA","485","Second Time","Ticketmaster"
"CUST004137","25-34","Non-Binary","CT","USA","335","Returning (3+)","Ticketmaster"
"CUST004138","35-44","Female","NC","USA","374","Returning (3+)","Ticketmaster"
"CUST004139","35-44","Male","PA","USA","12","First Time","Dice"
"CUST004140","45-54","Female","MI","USA","459","First Time","SeatGeek"
"CUST004141","18-24","Male","VA","USA","313","Second Time","Ticketmaster"
"CUST004142","25-34","Prefer not to say","CA","USA","2540","Returning (3+)","Ticketmaster"
"CUST004143","55+","Female","NY","USA","178","Returning (3+)","StubHub"
"CUST004144","55+","Prefer not to say","FL","USA","1018","First Time","Festival Website"
"CUST004145","18-24","Prefer not to say","NY","USA","295","Returning (3+)","Eventbrite"
"CUST004146","45-54","Prefer not to say","NJ","USA","173","Second Time","Ticketmaster"
"CUST004147","55+","Non-Binary","CT","USA","252","First Time","Festival Website"
"CUST004148","55+","Prefer not to say","CA","USA","2763","First Time","Ticketmaster"
"CUST004149","55+","Female","MD","USA","148","Returning (3+)","Eventbrite"
"CUST004150","45-54","Prefer not to say","FL","USA","961","Second Time","Eventbrite"
"CUST004151","18-24","Non-Binary","NC","USA","489","Second Time","SeatGeek"
"CUST004152","35-44","Prefer not to say","NY","USA","268","First Time","Eventbrite"
"CUST004153","35-44","Non-Binary","NY","USA","260","Returning (3+)","Eventbrite"
"CUST004154","25-34","Non-Binary","NY","USA","293","Returning (3+)","StubHub"
"CUST004155","25-34","Non-Binary","MD","USA","93","Second Time","Dice"
"CUST004156","45-54","Prefer not to say","RI","USA","326","Returning (3+)","Festival Website"
"CUST004157","45-54","Male","NJ","USA","248","Returning (3+)","Ticketmaster"
"CUST004158","18-24","Female","MD","USA","133","Returning (3+)","SeatGeek"
"CUST004159","45-54","Prefer not to say","DE","USA","179","Second Time","Festival Website"
"CUST004160","35-44","Male","NJ","USA","143","Returning (3+)","Ticketmaster"
"CUST004161","45-54","Male","PA","USA","37","Second Time","Ticketmaster"
"CUST004162","35-44","Male","MD","USA","95","Second Time","Eventbrite"
"CUST004163","35-44","Male","NY","USA","289","Second Time","Ticketmaster"
"CUST004164","55+","Non-Binary","MD","USA","112","Returning (3+)","Eventbrite"
"CUST004165","25-34","Female","MD","USA","63","Returning (3+)","SeatGeek"
"CUST004166","55+","Prefer not to say","NY","USA","212","First Time","SeatGeek"
"CUST004167","35-44","Prefer not to say","RI","USA","337","First Time","Eventbrite"
"CUST004168","45-54","Male","MA","USA","374","First Time","Ticketmaster"
"CUST004169","45-54","Female","MD","USA","188","Second Time","Eventbrite"
"CUST004170","25-34","Female","IL","USA","769","First Time","Festival Website"
"CUST004171","55+","Non-Binary","NY","USA","282","First Time","Eventbrite"
"CUST004172","45-54","Prefer not to say","DE","USA","190","Second Time","SeatGeek"
"CUST004173","45-54","Non-Binary","PA","USA","26","Second Time","Eventbrite"
"CUST004174","45-54","Non-Binary","IL","USA","683","Returning (3+)","Dice"
"CUST004175","18-24","Male","PA","USA","82","Returning (3+)","Eventbrite"
"CUST004176","45-54","Female","OH","USA","355","Returning (3+)","SeatGeek"
"CUST004177","45-54","Prefer not to say","NY","USA","250","Returning (3+)","Festival Website"
"CUST004178","35-44","Female","NJ","USA","124","Returning (3+)","StubHub"
"CUST004179","25-34","Male","PA","USA","135","Second Time","Dice"
"CUST004180","25-34","Female","NY","USA","164","Second Time","SeatGeek"
"CUST004181","18-24","Non-Binary","NJ","USA","171","First Time","Eventbrite"
"CUST004182","18-24","Male","GA","USA","707","First Time","Ticketmaster"
"CUST004183","25-34","Prefer not to say","MI","USA","444","Returning (3+)","StubHub"
"CUST004184","45-54","Male","MI","USA","478","First Time","Dice"
"CUST004185","25-34","Female","FL","USA","951","First Time","Eventbrite"
"CUST004186","18-24","Male","RI","USA","303","Returning (3+)","Festival Website"
"CUST004187","45-54","Male","PA","USA","20","Second Time","StubHub"
"CUST004188","25-34","Prefer not to say","PA","USA","54","Second Time","Dice"
"CUST004189","55+","Prefer not to say","VA","USA","284","First Time","Dice"
"CUST004190","45-54","Female","RI","USA","347","Second Time","Dice"
"CUST004191","18-24","Female","CT","USA","301","Returning (3+)","Dice"
"CUST004192","45-54","Prefer not to say","MD","USA","170","Returning (3+)","StubHub"
"CUST004193","18-24","Male","PA","USA","63","First Time","Dice"
"CUST004194","35-44","Male","SC","USA","569","First Time","SeatGeek"
"CUST004195","45-54","Male","NY","USA","282","Returning (3+)","Ticketmaster"
"CUST004196","25-34","Female","PA","USA","15","Second Time","Ticketmaster"
"CUST004197","55+","Prefer not to say","RI","USA","347","Returning (3+)","Festival Website"
"CUST004198","35-44","Male","RI","USA","396","Returning (3+)","Dice"
"CUST004199","35-44","Female","OH","USA","354","Returning (3+)","Festival Website"
"CUST004200","18-24","Prefer not to say","NY","USA","164","First Time","Eventbrite"
"CUST004201","35-44","Male","NC","USA","330","Second Time","StubHub"
"CUST004202","55+","Female","NY","USA","293","Returning (3+)","SeatGeek"
"CUST004203","25-34","Female","MD","USA","192","Returning (3+)","Ticketmaster"
"CUST004204","25-34","Non-Binary","SC","USA","579","First Time","Dice"
"CUST004205","45-54","Female","CT","USA","308","First Time","Festival Website"
"CUST004206","45-54","Female","NC","USA","407","First Time","StubHub"
"CUST004207","25-34","Non-Binary","NJ","USA","239","First Time","StubHub"
"CUST004208","18-24","Female","MI","USA","487","Second Time","SeatGeek"
"CUST004209","25-34","Prefer not to say","MA","USA","310","Second Time","Ticketmaster"
"CUST004210","45-54","Prefer not to say","NY","USA","284","Returning (3+)","Dice"
"CUST004211","55+","Male","MA","USA","397","Returning (3+)","Ticketmaster"
"CUST004212","25-34","Non-Binary","NY","USA","251","Returning (3+)","Festival Website"
"CUST004213","55+","Male","CA","USA","2622","Second Time","StubHub"
"CUST004214","25-34","Non-Binary","TX","USA","1791","Second Time","StubHub"
"CUST004215","55+","Female","MD","USA","134","Returning (3+)","SeatGeek"
"CUST004216","25-34","Male","MD","USA","122","Second Time","Dice"
"CUST004217","18-24","Female","MD","USA","100","Second Time","Ticketmaster"
"CUST004218","35-44","Prefer not to say","MI","USA","450","First Time","StubHub"
"CUST004219","35-44","Female","MI","USA","476","First Time","Eventbrite"
"CUST004220","45-54","Male","VA","USA","340","Returning (3+)","Ticketmaster"
"CUST004221","45-54","Male","MD","USA","64","Returning (3+)","Festival Website"
"CUST004222","45-54","Prefer not to say","VA","USA","286","First Time","Ticketmaster"
"CUST004223","25-34","Male","PA","USA","72","Second Time","StubHub"
"CUST004224","25-34","Prefer not to say","MA","USA","398","First Time","StubHub"
"CUST004225","18-24","Non-Binary","DE","USA","162","Second Time","Dice"
"CUST004226","25-34","Prefer not to say","FL","USA","883","Returning (3+)","Ticketmaster"
"CUST004227","55+","Male","DE","USA","169","Returning (3+)","Festival Website"
"CUST004228","35-44","Non-Binary","NJ","USA","217","First Time","Eventbrite"
"CUST004229","25-34","Prefer not to say","MI","USA","478","First Time","Ticketmaster"
"CUST004230","18-24","Female","OH","USA","294","Returning (3+)","Festival Website"
"CUST004231","25-34","Female","RI","USA","352","Second Time","Ticketmaster"
"CUST004232","18-24","Male","NC","USA","422","First Time","StubHub"
"CUST004233","25-34","Female","NJ","USA","100","First Time","SeatGeek"
"CUST004234","25-34","Prefer not to say","CA","USA","2660","First Time","Dice"
"CUST004235","45-54","Female","MD","USA","176","First Time","Festival Website"
"CUST004236","25-34","Prefer not to say","NY","USA","223","First Time","SeatGeek"
"CUST004237","35-44","Non-Binary","MA","USA","376","Returning (3+)","Ticketmaster"
"CUST004238","18-24","Male","NJ","USA","142","Second Time","Dice"
"CUST004239","45-54","Prefer not to say","CA","USA","2802","First Time","SeatGeek"
"CUST004240","55+","Prefer not to say","FL","USA","987","Second Time","Dice"
"CUST004241","45-54","Male","CA","USA","2842","Second Time","Dice"
"CUST004242","35-44","Female","GA","USA","763","Second Time","Ticketmaster"
"CUST004243","18-24","Female","FL","USA","847","First Time","Dice"
"CUST004244","25-34","Non-Binary","PA","USA","120","Returning (3+)","Dice"
"CUST004245","18-24","Female","PA","USA","53","First Time","SeatGeek"
"CUST004246","25-34","Prefer not to say","MD","USA","170","Returning (3+)","Festival Website"
"CUST004247","18-24","Prefer not to say","IL","USA","762","Returning (3+)","Dice"
"CUST004248","35-44","Non-Binary","PA","USA","59","First Time","StubHub"
"CUST004249","55+","Male","MI","USA","508","Returning (3+)","SeatGeek"
"CUST004250","25-34","Prefer not to say","NY","USA","237","Returning (3+)","Festival Website"
"CUST004251","18-24","Non-Binary","DE","USA","111","Returning (3+)","Dice"
"CUST004252","35-44","Prefer not to say","NY","USA","246","Returning (3+)","StubHub"
"CUST004253","55+","Male","DE","USA","154","Returning (3+)","StubHub"
"CUST004254","18-24","Prefer not to say","TX","USA","1450","First Time","Eventbrite"
"CUST004255","25-34","Female","GA","USA","708","Second Time","Eventbrite"
"CUST004256","55+","Non-Binary","SC","USA","588","First Time","Eventbrite"
"CUST004257","55+","Female","TX","USA","1552","First Time","Ticketmaster"
"CUST004258","45-54","Male","MI","USA","531","Returning (3+)","Festival Website"
"CUST004259","18-24","Female","NY","USA","150","Returning (3+)","SeatGeek"
"CUST004260","55+","Male","NJ","USA","148","First Time","Festival Website"
"CUST004261","35-44","Male","MA","USA","310","Second Time","Dice"
"CUST004262","25-34","Male","CT","USA","277","Returning (3+)","Festival Website"
"CUST004263","45-54","Female","PA","USA","55","First Time","StubHub"
"CUST004264","25-34","Male","PA","USA","84","First Time","StubHub"
"CUST004265","55+","Female","FL","USA","1082","Second Time","Ticketmaster"
"CUST004266","25-34","Non-Binary","RI","USA","377","Second Time","StubHub"
"CUST004267","55+","Female","MI","USA","412","Second Time","Festival Website"
"CUST004268","55+","Prefer not to say","CT","USA","309","Second Time","Dice"
"CUST004269","55+","Prefer not to say","NY","USA","282","Second Time","Eventbrite"
"CUST004270","25-34","Non-Binary","RI","USA","303","Returning (3+)","Ticketmaster"
"CUST004271","18-24","Female","NJ","USA","148","Returning (3+)","SeatGeek"
"CUST004272","55+","Non-Binary","PA","USA","11","Returning (3+)","Eventbrite"
"CUST004273","55+","Female","SC","USA","594","Returning (3+)","Festival Website"
"CUST004274","45-54","Non-Binary","MD","USA","112","Returning (3+)","Eventbrite"
"CUST004275","18-24","Male","DE","USA","128","Second Time","StubHub"
"CUST004276","55+","Male","NC","USA","399","Second Time","Eventbrite"
"CUST004277","25-34","Female","MD","USA","67","Returning (3+)","Festival Website"
"CUST004278","45-54","Female","MD","USA","164","Second Time","Eventbrite"
"CUST004279","18-24","Female","MI","USA","472","Second Time","Festival Website"
"CUST004280","35-44","Prefer not to say","CT","USA","282","Returning (3+)","SeatGeek"
"CUST004281","25-34","Non-Binary","OH","USA","298","Returning (3+)","Eventbrite"
"CUST004282","55+","Female","NY","USA","157","Returning (3+)","Eventbrite"
"CUST004283","25-34","Prefer not to say","PA","USA","90","First Time","Ticketmaster"
"CUST004284","45-54","Female","SC","USA","604","Returning (3+)","StubHub"
"CUST004285","55+","Non-Binary","CA","USA","2584","Returning (3+)","SeatGeek"
"CUST004286","18-24","Male","RI","USA","333","First Time","SeatGeek"
"CUST004287","45-54","Female","RI","USA","314","Returning (3+)","Dice"
"CUST004288","35-44","Non-Binary","MI","USA","537","First Time","Festival Website"
"CUST004289","55+","Female","NY","USA","273","Second Time","StubHub"
"CUST004290","18-24","Female","PA","USA","123","Returning (3+)","SeatGeek"
"CUST004291","55+","Prefer not to say","CA","USA","2993","First Time","Dice"
"CUST004292","35-44","Prefer not to say","CA","USA","2519","First Time","SeatGeek"
"CUST004293","35-44","Prefer not to say","NY","USA","160","First Time","SeatGeek"
"CUST004294","35-44","Non-Binary","NC","USA","448","First Time","Festival Website"
"CUST004295","25-34","Non-Binary","DE","USA","187","First Time","SeatGeek"
"CUST004296","18-24","Male","NC","USA","360","First Time","Eventbrite"
"CUST004297","25-34","Male","IL","USA","609","Returning (3+)","Ticketmaster"
"CUST004298","45-54","Prefer not to say","NY","USA","222","Second Time","Eventbrite"
"CUST004299","55+","Prefer not to say","VA","USA","276","Second Time","SeatGeek"
"CUST004300","35-44","Non-Binary","MA","USA","310","Second Time","Ticketmaster"
"CUST004301","18-24","Male","CT","USA","329","Second Time","SeatGeek"
"CUST004302","45-54","Non-Binary","CA","USA","2983","First Time","Eventbrite"
"CUST004303","25-34","Prefer not to say","MI","USA","592","Second Time","StubHub"
"CUST004304","55+","Male","FL","USA","815","Returning (3+)","SeatGeek"
"CUST004305","18-24","Female","PA","USA","28","Second Time","Ticketmaster"
"CUST004306","55+","Female","MD","USA","139","First Time","SeatGeek"
"CUST004307","55+","Female","DE","USA","115","Returning (3+)","StubHub"
"CUST004308","35-44","Male","RI","USA","340","First Time","Dice"
"CUST004309","25-34","Male","MD","USA","78","Returning (3+)","Festival Website"
"CUST004310","45-54","Non-Binary","NY","USA","258","Second Time","Dice"
"CUST004311","25-34","Prefer not to say","CT","USA","332","First Time","Festival Website"
"CUST004312","25-34","Male","NY","USA","291","Second Time","StubHub"
"CUST004313","18-24","Female","NY","USA","295","Second Time","Dice"
"CUST004314","45-54","Prefer not to say","PA","USA","105","Second Time","Dice"
"CUST004315","25-34","Prefer not to say","NJ","USA","222","Second Time","Eventbrite"
"CUST004316","25-34","Non-Binary","SC","USA","575","Returning (3+)","Dice"
"CUST004317","55+","Non-Binary","NJ","USA","202","Returning (3+)","Eventbrite"
"CUST004318","25-34","Non-Binary","MA","USA","376","Returning (3+)","Dice"
"CUST004319","45-54","Prefer not to say","FL","USA","811","First Time","Ticketmaster"
"CUST004320","45-54","Male","GA","USA","737","First Time","Dice"
"CUST004321","35-44","Male","NY","USA","276","Second Time","Eventbrite"
"CUST004322","55+","Male","IL","USA","763","Returning (3+)","StubHub"
"CUST004323","25-34","Non-Binary","PA","USA","41","Returning (3+)","StubHub"
"CUST004324","55+","Male","FL","USA","955","Second Time","Festival Website"
"CUST004325","55+","Prefer not to say","NJ","USA","132","First Time","Festival Website"
"CUST004326","18-24","Non-Binary","NJ","USA","153","Returning (3+)","StubHub"
"CUST004327","45-54","Female","TX","USA","1437","Returning (3+)","Eventbrite"
"CUST004328","55+","Non-Binary","NY","USA","290","First Time","StubHub"
"CUST004329","18-24","Female","PA","USA","150","First Time","Ticketmaster"
"CUST004330","25-34","Prefer not to say","MD","USA","137","Returning (3+)","Eventbrite"
"CUST004331","25-34","Prefer not to say","MD","USA","185","Second Time","SeatGeek"
"CUST004332","35-44","Female","MA","USA","327","First Time","Ticketmaster"
"CUST004333","25-34","Non-Binary","VA","USA","164","Second Time","Eventbrite"
"CUST004334","55+","Male","NC","USA","365","Second Time","Eventbrite"
"CUST004335","55+","Non-Binary","MA","USA","319","First Time","Ticketmaster"
"CUST004336","25-34","Non-Binary","IL","USA","796","First Time","Dice"
"CUST004337","35-44","Female","PA","USA","16","Second Time","Eventbrite"
"CUST004338","35-44","Male","PA","USA","149","Second Time","Dice"
"CUST004339","18-24","Male","MD","USA","180","First Time","SeatGeek"
"CUST004340","25-34","Prefer not to say","SC","USA","615","Second Time","Ticketmaster"
"CUST004341","25-34","Female","DE","USA","118","Returning (3+)","Festival Website"
"CUST004342","55+","Prefer not to say","NJ","USA","191","First Time","SeatGeek"
"CUST004343","35-44","Prefer not to say","PA","USA","70","Second Time","StubHub"
"CUST004344","35-44","Non-Binary","GA","USA","681","First Time","Dice"
"CUST004345","25-34","Prefer not to say","MA","USA","335","Second Time","Ticketmaster"
"CUST004346","25-34","Female","CA","USA","2781","Returning (3+)","Eventbrite"
"CUST004347","35-44","Prefer not to say","SC","USA","612","Second Time","Festival Website"
"CUST004348","18-24","Male","FL","USA","1177","Returning (3+)","StubHub"
"CUST004349","55+","Female","MA","USA","365","Returning (3+)","Festival Website"
"CUST004350","25-34","Prefer not to say","DE","USA","115","First Time","Festival Website"
"CUST004351","45-54","Female","PA","USA","93","Returning (3+)","Eventbrite"
"CUST004352","45-54","Non-Binary","MI","USA","434","First Time","Ticketmaster"
"CUST004353","45-54","Prefer not to say","VA","USA","274","Returning (3+)","Dice"
"CUST004354","55+","Non-Binary","OH","USA","395","First Time","SeatGeek"
"CUST004355","35-44","Male","NY","USA","267","Returning (3+)","Eventbrite"
"CUST004356","55+","Female","GA","USA","610","Second Time","Eventbrite"
"CUST004357","25-34","Male","PA","USA","136","Returning (3+)","SeatGeek"
"CUST004358","55+","Non-Binary","DE","USA","149","Second Time","Ticketmaster"
"CUST004359","55+","Male","MI","USA","552","Second Time","StubHub"
"CUST004360","45-54","Prefer not to say","VA","USA","177","Second Time","StubHub"
"CUST004361","18-24","Female","NY","USA","179","First Time","Dice"
"CUST004362","35-44","Non-Binary","DE","USA","175","Second Time","Eventbrite"
"CUST004363","18-24","Prefer not to say","CA","USA","2703","Second Time","Ticketmaster"
"CUST004364","35-44","Non-Binary","SC","USA","584","Second Time","Eventbrite"
"CUST004365","18-24","Non-Binary","CT","USA","275","First Time","Festival Website"
"CUST004366","25-34","Female","MD","USA","75","Second Time","SeatGeek"
"CUST004367","18-24","Female","VA","USA","194","Returning (3+)","Ticketmaster"
"CUST004368","25-34","Male","VA","USA","290","Second Time","StubHub"
"CUST004369","55+","Non-Binary","NJ","USA","168","Second Time","SeatGeek"
"CUST004370","55+","Prefer not to say","NC","USA","482","First Time","Festival Website"
"CUST004371","55+","Female","SC","USA","491","Returning (3+)","Dice"
"CUST004372","35-44","Male","NJ","USA","162","Returning (3+)","Ticketmaster"
"CUST004373","18-24","Female","PA","USA","141","Second Time","SeatGeek"
"CUST004374","35-44","Non-Binary","NY","USA","234","Second Time","Ticketmaster"
"CUST004375","25-34","Prefer not to say","CT","USA","336","Second Time","Eventbrite"
"CUST004376","55+","Prefer not to say","NY","USA","174","Returning (3+)","StubHub"
"CUST004377","18-24","Female","NC","USA","338","Returning (3+)","Eventbrite"
"CUST004378","18-24","Non-Binary","CT","USA","339","Second Time","Dice"
"CUST004379","18-24","Female","PA","USA","132","First Time","Festival Website"
"CUST004380","25-34","Prefer not to say","PA","USA","121","First Time","StubHub"
"CUST004381","55+","Male","PA","USA","141","First Time","Eventbrite"
"CUST004382","35-44","Male","NJ","USA","103","Second Time","Ticketmaster"
"CUST004383","25-34","Female","OH","USA","384","First Time","StubHub"
"CUST004384","55+","Prefer not to say","MA","USA","400","Second Time","Dice"
"CUST004385","45-54","Prefer not to say","IL","USA","619","First Time","Eventbrite"
"CUST004386","35-44","Male","CA","USA","2543","Second Time","Ticketmaster"
"CUST004387","35-44","Non-Binary","CT","USA","263","Returning (3+)","Eventbrite"
"CUST004388","18-24","Male","PA","USA","112","First Time","SeatGeek"
"CUST004389","25-34","Non-Binary","PA","USA","72","First Time","Eventbrite"
"CUST004390","45-54","Non-Binary","FL","USA","1098","Second Time","Eventbrite"
"CUST004391","18-24","Non-Binary","MA","USA","338","Second Time","SeatGeek"
"CUST004392","45-54","Non-Binary","MD","USA","84","Second Time","StubHub"
"CUST004393","45-54","Female","MI","USA","578","Returning (3+)","Eventbrite"
"CUST004394","55+","Non-Binary","FL","USA","1087","First Time","Dice"
"CUST004395","35-44","Male","MD","USA","143","Second Time","Festival Website"
"CUST004396","45-54","Prefer not to say","PA","USA","18","Second Time","SeatGeek"
"CUST004397","25-34","Non-Binary","PA","USA","135","First Time","Ticketmaster"
"CUST004398","45-54","Female","TX","USA","1706","Returning (3+)","Eventbrite"
"CUST004399","18-24","Non-Binary","NC","USA","378","Second Time","Festival Website"
"CUST004400","45-54","Non-Binary","RI","USA","386","First Time","Dice"
"CUST004401","25-34","Prefer not to say","NJ","USA","163","Second Time","Dice"
"CUST004402","45-54","Female","NC","USA","350","Second Time","Ticketmaster"
"CUST004403","45-54","Female","NJ","USA","246","First Time","Festival Website"
"CUST004404","25-34","Prefer not to say","DE","USA","104","Returning (3+)","StubHub"
"CUST004405","45-54","Prefer not to say","PA","USA","39","First Time","Eventbrite"
"CUST004406","18-24","Male","CA","USA","2975","Second Time","Dice"
"CUST004407","35-44","Male","FL","USA","917","Second Time","Dice"
"CUST004408","55+","Non-Binary","NY","USA","297","First Time","Eventbrite"
"CUST004409","18-24","Prefer not to say","MD","USA","190","First Time","Festival Website"
"CUST004410","35-44","Female","NC","USA","425","Returning (3+)","SeatGeek"
"CUST004411","18-24","Female","PA","USA","19","First Time","Ticketmaster"
"CUST004412","35-44","Female","PA","USA","37","First Time","Ticketmaster"
"CUST004413","25-34","Female","PA","USA","116","First Time","SeatGeek"
"CUST004414","55+","Non-Binary","TX","USA","1729","Returning (3+)","SeatGeek"
"CUST004415","18-24","Male","VA","USA","175","First Time","StubHub"
"CUST004416","35-44","Non-Binary","CA","USA","2534","Returning (3+)","Dice"
"CUST004417","18-24","Male","DE","USA","101","First Time","SeatGeek"
"CUST004418","18-24","Prefer not to say","CT","USA","300","First Time","Dice"
"CUST004419","55+","Female","DE","USA","181","First Time","Eventbrite"
"CUST004420","35-44","Prefer not to say","NJ","USA","125","First Time","SeatGeek"
"CUST004421","45-54","Female","RI","USA","388","Second Time","SeatGeek"
"CUST004422","18-24","Female","VA","USA","189","Returning (3+)","Ticketmaster"
"CUST004423","18-24","Male","GA","USA","652","Returning (3+)","Festival Website"
"CUST004424","45-54","Non-Binary","NY","USA","160","Returning (3+)","Eventbrite"
"CUST004425","45-54","Prefer not to say","IL","USA","789","First Time","Dice"
"CUST004426","18-24","Non-Binary","GA","USA","657","First Time","Eventbrite"
"CUST004427","18-24","Female","PA","USA","8","First Time","SeatGeek"
"CUST004428","45-54","Male","DE","USA","135","Returning (3+)","Dice"
"CUST004429","25-34","Prefer not to say","PA","USA","78","Second Time","Dice"
"CUST004430","55+","Non-Binary","CT","USA","342","First Time","Dice"
"CUST004431","18-24","Female","PA","USA","74","First Time","Eventbrite"
"CUST004432","45-54","Non-Binary","CT","USA","346","Second Time","Festival Website"
"CUST004433","45-54","Female","NY","USA","247","First Time","StubHub"
"CUST004434","35-44","Prefer not to say","RI","USA","379","First Time","SeatGeek"
"CUST004435","35-44","Male","MA","USA","306","Second Time","SeatGeek"
"CUST004436","45-54","Male","MD","USA","70","First Time","Ticketmaster"
"CUST004437","45-54","Male","OH","USA","314","Second Time","SeatGeek"
"CUST004438","25-34","Female","GA","USA","688","First Time","SeatGeek"
"CUST004439","35-44","Male","MA","USA","330","Second Time","SeatGeek"
"CUST004440","25-34","Male","MD","USA","111","Second Time","Dice"
"CUST004441","55+","Non-Binary","VA","USA","229","Second Time","Dice"
"CUST004442","55+","Non-Binary","MI","USA","495","Returning (3+)","StubHub"
"CUST004443","55+","Non-Binary","IL","USA","748","Returning (3+)","Ticketmaster"
"CUST004444","18-24","Female","MD","USA","71","Second Time","StubHub"
"CUST004445","35-44","Non-Binary","PA","USA","141","Returning (3+)","Festival Website"
"CUST004446","45-54","Non-Binary","MD","USA","171","Returning (3+)","Ticketmaster"
"CUST004447","45-54","Male","NJ","USA","225","Returning (3+)","StubHub"
"CUST004448","45-54","Prefer not to say","VA","USA","333","First Time","SeatGeek"
"CUST004449","35-44","Prefer not to say","CT","USA","342","First Time","Festival Website"
"CUST004450","18-24","Prefer not to say","SC","USA","550","First Time","Festival Website"
"CUST004451","25-34","Male","SC","USA","622","Second Time","Ticketmaster"
"CUST004452","35-44","Female","NY","USA","168","Returning (3+)","Ticketmaster"
"CUST004453","18-24","Female","RI","USA","390","First Time","StubHub"
"CUST004454","25-34","Non-Binary","GA","USA","749","First Time","StubHub"
"CUST004455","45-54","Male","NC","USA","459","Returning (3+)","SeatGeek"
"CUST004456","35-44","Female","TX","USA","1702","First Time","Festival Website"
"CUST004457","18-24","Male","DE","USA","187","Second Time","Dice"
"CUST004458","35-44","Prefer not to say","NJ","USA","230","Second Time","Dice"
"CUST004459","18-24","Female","GA","USA","626","Second Time","StubHub"
"CUST004460","18-24","Male","NY","USA","165","Second Time","Eventbrite"
"CUST004461","55+","Prefer not to say","MD","USA","176","Second Time","Eventbrite"
"CUST004462","55+","Prefer not to say","CA","USA","2713","Returning (3+)","SeatGeek"
"CUST004463","45-54","Female","PA","USA","0","Second Time","Eventbrite"
"CUST004464","35-44","Female","CA","USA","2667","Returning (3+)","Ticketmaster"
"CUST004465","25-34","Female","MD","USA","106","First Time","Eventbrite"
"CUST004466","55+","Prefer not to say","CA","USA","2996","Second Time","Dice"
"CUST004467","18-24","Male","OH","USA","347","Second Time","Dice"
"CUST004468","45-54","Male","PA","USA","138","Returning (3+)","Ticketmaster"
"CUST004469","18-24","Male","NY","USA","187","Second Time","Ticketmaster"
"CUST004470","55+","Prefer not to say","NJ","USA","244","Returning (3+)","SeatGeek"
"CUST004471","45-54","Non-Binary","MI","USA","576","First Time","StubHub"
"CUST004472","18-24","Female","IL","USA","767","First Time","StubHub"
"CUST004473","25-34","Prefer not to say","NJ","USA","121","Returning (3+)","Eventbrite"
"CUST004474","45-54","Male","NC","USA","368","First Time","SeatGeek"
"CUST004475","45-54","Female","OH","USA","347","Returning (3+)","SeatGeek"
"CUST004476","55+","Prefer not to say","CT","USA","271","Second Time","StubHub"
"CUST004477","55+","Male","MA","USA","335","Returning (3+)","Dice"
"CUST004478","55+","Female","CA","USA","2806","Second Time","Eventbrite"
"CUST004479","35-44","Non-Binary","PA","USA","110","Second Time","Dice"
"CUST004480","25-34","Non-Binary","TX","USA","1551","Second Time","Eventbrite"
"CUST004481","35-44","Non-Binary","NC","USA","474","Second Time","SeatGeek"
"CUST004482","18-24","Non-Binary","VA","USA","162","Second Time","Eventbrite"
"CUST004483","18-24","Female","GA","USA","739","Returning (3+)","Festival Website"
"CUST004484","18-24","Prefer not to say","PA","USA","79","First Time","Ticketmaster"
"CUST004485","18-24","Non-Binary","NY","USA","264","Returning (3+)","Festival Website"
"CUST004486","55+","Male","NY","USA","180","Second Time","SeatGeek"
"CUST004487","45-54","Prefer not to say","PA","USA","150","First Time","Ticketmaster"
"CUST004488","45-54","Female","RI","USA","316","First Time","StubHub"
"CUST004489","18-24","Female","NJ","USA","133","First Time","StubHub"
"CUST004490","18-24","Male","MI","USA","558","Second Time","Festival Website"
"CUST004491","25-34","Male","SC","USA","462","Second Time","SeatGeek"
"CUST004492","45-54","Female","TX","USA","1774","First Time","SeatGeek"
"CUST004493","18-24","Prefer not to say","DE","USA","192","Second Time","SeatGeek"
"CUST004494","25-34","Male","NY","USA","164","Returning (3+)","Ticketmaster"
"CUST004495","25-34","Male","NJ","USA","247","First Time","Dice"
"CUST004496","25-34","Prefer not to say","FL","USA","858","First Time","SeatGeek"
"CUST004497","18-24","Male","MD","USA","68","Returning (3+)","Festival Website"
"CUST004498","18-24","Male","NY","USA","182","First Time","Ticketmaster"
"CUST004499","35-44","Female","MI","USA","593","First Time","Eventbrite"
"CUST004500","55+","Male","GA","USA","629","Second Time","Ticketmaster"
"CUST004501","45-54","Female","CA","USA","2675","First Time","SeatGeek"
"CUST004502","45-54","Non-Binary","NC","USA","498","Returning (3+)","StubHub"
"CUST004503","35-44","Female","MA","USA","360","Returning (3+)","Eventbrite"
"CUST004504","45-54","Non-Binary","IL","USA","696","First Time","Eventbrite"
"CUST004505","25-34","Non-Binary","GA","USA","733","First Time","SeatGeek"
"CUST004506","35-44","Prefer not to say","RI","USA","301","Returning (3+)","StubHub"
"CUST004507","35-44","Female","NY","USA","217","First Time","Eventbrite"
"CUST004508","35-44","Prefer not to say","OH","USA","305","Second Time","Ticketmaster"
"CUST004509","18-24","Male","MI","USA","478","First Time","SeatGeek"
"CUST004510","35-44","Female","SC","USA","538","Second Time","Dice"
"CUST004511","35-44","Male","PA","USA","65","Second Time","SeatGeek"
"CUST004512","55+","Male","GA","USA","615","Returning (3+)","SeatGeek"
"CUST004513","25-34","Female","VA","USA","205","Second Time","Eventbrite"
"CUST004514","35-44","Non-Binary","PA","USA","34","First Time","Ticketmaster"
"CUST004515","35-44","Non-Binary","TX","USA","1759","Second Time","Dice"
"CUST004516","18-24","Non-Binary","MD","USA","163","First Time","Ticketmaster"
"CUST004517","55+","Non-Binary","IL","USA","738","First Time","Eventbrite"
"CUST004518","25-34","Prefer not to say","CA","USA","2776","Second Time","StubHub"
"CUST004519","18-24","Prefer not to say","NC","USA","447","First Time","Festival Website"
"CUST004520","25-34","Prefer not to say","PA","USA","15","Second Time","Eventbrite"
"CUST004521","25-34","Male","OH","USA","392","Returning (3+)","Dice"
"CUST004522","35-44","Male","SC","USA","470","Second Time","StubHub"
"CUST004523","55+","Male","NY","USA","248","Second Time","Eventbrite"
"CUST004524","25-34","Female","NY","USA","167","Second Time","Ticketmaster"
"CUST004525","45-54","Female","PA","USA","71","Returning (3+)","SeatGeek"
"CUST004526","45-54","Prefer not to say","FL","USA","991","Second Time","Festival Website"
"CUST004527","45-54","Female","NY","USA","247","Returning (3+)","SeatGeek"
"CUST004528","18-24","Prefer not to say","FL","USA","955","Second Time","SeatGeek"
"CUST004529","35-44","Non-Binary","FL","USA","1010","Second Time","SeatGeek"
"CUST004530","35-44","Female","CA","USA","2661","Second Time","Dice"
"CUST004531","18-24","Female","CA","USA","2919","Second Time","Dice"
"CUST004532","18-24","Non-Binary","FL","USA","826","First Time","Dice"
"CUST004533","18-24","Female","NY","USA","175","First Time","Dice"
"CUST004534","25-34","Non-Binary","GA","USA","799","Second Time","Ticketmaster"
"CUST004535","18-24","Non-Binary","MA","USA","375","First Time","Dice"
"CUST004536","45-54","Prefer not to say","PA","USA","140","First Time","SeatGeek"
"CUST004537","25-34","Non-Binary","NC","USA","390","Second Time","Ticketmaster"
"CUST004538","18-24","Non-Binary","PA","USA","71","Returning (3+)","Festival Website"
"CUST004539","18-24","Male","PA","USA","78","Second Time","Ticketmaster"
"CUST004540","25-34","Prefer not to say","DE","USA","177","First Time","Festival Website"
"CUST004541","45-54","Male","NJ","USA","152","First Time","Eventbrite"
"CUST004542","45-54","Non-Binary","NY","USA","153","Second Time","Ticketmaster"
"CUST004543","45-54","Non-Binary","FL","USA","1056","First Time","Dice"
"CUST004544","18-24","Non-Binary","SC","USA","482","Second Time","Ticketmaster"
"CUST004545","45-54","Female","NJ","USA","149","Returning (3+)","Festival Website"
"CUST004546","18-24","Non-Binary","PA","USA","77","First Time","Dice"
"CUST004547","25-34","Female","NJ","USA","140","First Time","Festival Website"
"CUST004548","45-54","Male","MD","USA","110","Returning (3+)","StubHub"
"CUST004549","18-24","Female","NY","USA","261","Second Time","Dice"
"CUST004550","45-54","Female","CA","USA","2601","First Time","Ticketmaster"
"CUST004551","35-44","Female","MD","USA","122","First Time","Dice"
"CUST004552","55+","Prefer not to say","SC","USA","609","Returning (3+)","Eventbrite"
"CUST004553","25-34","Non-Binary","RI","USA","301","Second Time","Eventbrite"
"CUST004554","45-54","Male","RI","USA","307","First Time","StubHub"
"CUST004555","35-44","Prefer not to say","TX","USA","1576","Returning (3+)","Ticketmaster"
"CUST004556","35-44","Non-Binary","GA","USA","635","First Time","Dice"
"CUST004557","45-54","Male","MD","USA","88","First Time","StubHub"
"CUST004558","45-54","Male","FL","USA","1025","First Time","StubHub"
"CUST004559","55+","Non-Binary","RI","USA","344","Returning (3+)","Dice"
"CUST004560","35-44","Female","NJ","USA","172","Returning (3+)","Dice"
"CUST004561","45-54","Prefer not to say","PA","USA","20","Returning (3+)","Eventbrite"
"CUST004562","45-54","Male","IL","USA","645","Returning (3+)","StubHub"
"CUST004563","45-54","Non-Binary","TX","USA","1614","Second Time","StubHub"
"CUST004564","25-34","Non-Binary","PA","USA","137","First Time","Festival Website"
"CUST004565","25-34","Female","SC","USA","475","Returning (3+)","SeatGeek"
"CUST004566","25-34","Male","PA","USA","6","First Time","Eventbrite"
"CUST004567","55+","Male","PA","USA","59","Second Time","Ticketmaster"
"CUST004568","55+","Non-Binary","MD","USA","65","Second Time","Festival Website"
"CUST004569","25-34","Male","SC","USA","641","Second Time","Ticketmaster"
"CUST004570","45-54","Non-Binary","PA","USA","73","Returning (3+)","Eventbrite"
"CUST004571","35-44","Non-Binary","IL","USA","622","First Time","Eventbrite"
"CUST004572","18-24","Prefer not to say","SC","USA","584","Second Time","Festival Website"
"CUST004573","25-34","Female","MD","USA","199","Second Time","Dice"
"CUST004574","45-54","Female","FL","USA","858","Returning (3+)","Ticketmaster"
"CUST004575","18-24","Female","MD","USA","124","Returning (3+)","Ticketmaster"
"CUST004576","35-44","Prefer not to say","FL","USA","1131","First Time","Eventbrite"
"CUST004577","35-44","Prefer not to say","NC","USA","497","First Time","Festival Website"
"CUST004578","45-54","Non-Binary","VA","USA","193","Second Time","SeatGeek"
"CUST004579","18-24","Prefer not to say","VA","USA","333","Second Time","Eventbrite"
"CUST004580","25-34","Non-Binary","CT","USA","255","Returning (3+)","StubHub"
"CUST004581","25-34","Prefer not to say","OH","USA","334","Second Time","Eventbrite"
"CUST004582","55+","Non-Binary","DE","USA","121","First Time","Ticketmaster"
"CUST004583","55+","Female","TX","USA","1408","Second Time","Ticketmaster"
"CUST004584","25-34","Non-Binary","NY","USA","194","Returning (3+)","SeatGeek"
"CUST004585","18-24","Prefer not to say","FL","USA","983","First Time","Dice"
"CUST004586","55+","Non-Binary","MD","USA","116","Returning (3+)","SeatGeek"
"CUST004587","18-24","Prefer not to say","TX","USA","1500","First Time","Dice"
"CUST004588","45-54","Non-Binary","PA","USA","34","Returning (3+)","StubHub"
"CUST004589","25-34","Female","MD","USA","126","Second Time","Festival Website"
"CUST004590","25-34","Male","GA","USA","637","Returning (3+)","SeatGeek"
"CUST004591","45-54","Prefer not to say","TX","USA","1681","First Time","StubHub"
"CUST004592","55+","Female","VA","USA","327","First Time","StubHub"
"CUST004593","55+","Female","NY","USA","258","First Time","SeatGeek"
"CUST004594","35-44","Male","MA","USA","309","First Time","StubHub"
"CUST004595","25-34","Prefer not to say","RI","USA","358","Second Time","SeatGeek"
"CUST004596","18-24","Male","MD","USA","140","First Time","StubHub"
"CUST004597","55+","Female","MD","USA","108","Second Time","Dice"
"CUST004598","55+","Non-Binary","CA","USA","2831","Second Time","Ticketmaster"
"CUST004599","35-44","Non-Binary","PA","USA","122","Returning (3+)","Dice"
"CUST004600","45-54","Prefer not to say","NJ","USA","171","Returning (3+)","StubHub"
"CUST004601","25-34","Male","IL","USA","744","First Time","SeatGeek"
"CUST004602","35-44","Non-Binary","DE","USA","160","Second Time","Festival Website"
"CUST004603","45-54","Female","PA","USA","47","Second Time","StubHub"
"CUST004604","18-24","Prefer not to say","NY","USA","219","First Time","StubHub"
"CUST004605","55+","Female","GA","USA","793","First Time","Eventbrite"
"CUST004606","45-54","Non-Binary","NJ","USA","127","Second Time","StubHub"
"CUST004607","45-54","Prefer not to say","CA","USA","2522","Returning (3+)","SeatGeek"
"CUST004608","55+","Female","GA","USA","705","Second Time","Dice"
"CUST004609","45-54","Non-Binary","OH","USA","261","Returning (3+)","Eventbrite"
"CUST004610","35-44","Prefer not to say","PA","USA","17","Returning (3+)","Ticketmaster"
"CUST004611","45-54","Female","FL","USA","950","Second Time","Festival Website"
"CUST004612","18-24","Prefer not to say","RI","USA","389","First Time","SeatGeek"
"CUST004613","55+","Non-Binary","MD","USA","200","Returning (3+)","Ticketmaster"
"CUST004614","55+","Non-Binary","PA","USA","70","Returning (3+)","Ticketmaster"
"CUST004615","35-44","Female","SC","USA","459","Second Time","Dice"
"CUST004616","55+","Non-Binary","RI","USA","314","First Time","StubHub"
"CUST004617","18-24","Female","PA","USA","60","First Time","StubHub"
"CUST004618","18-24","Prefer not to say","FL","USA","1013","Returning (3+)","SeatGeek"
"CUST004619","35-44","Male","CA","USA","2763","Returning (3+)","Festival Website"
"CUST004620","25-34","Female","DE","USA","130","Returning (3+)","StubHub"
"CUST004621","45-54","Female","OH","USA","395","Second Time","SeatGeek"
"CUST004622","55+","Non-Binary","MA","USA","340","Returning (3+)","Festival Website"
"CUST004623","55+","Prefer not to say","PA","USA","44","Returning (3+)","SeatGeek"
"CUST004624","45-54","Female","CT","USA","253","Second Time","SeatGeek"
"CUST004625","25-34","Non-Binary","PA","USA","119","First Time","Dice"
"CUST004626","35-44","Non-Binary","PA","USA","35","Second Time","SeatGeek"
"CUST004627","45-54","Non-Binary","CT","USA","254","Returning (3+)","StubHub"
"CUST004628","55+","Female","PA","USA","110","First Time","Eventbrite"
"CUST004629","45-54","Male","SC","USA","649","Second Time","Festival Website"
"CUST004630","35-44","Prefer not to say","VA","USA","162","First Time","Dice"
"CUST004631","45-54","Non-Binary","DE","USA","156","Returning (3+)","Eventbrite"
"CUST004632","45-54","Male","PA","USA","30","First Time","Eventbrite"
"CUST004633","55+","Prefer not to say","PA","USA","45","First Time","Eventbrite"
"CUST004634","18-24","Female","CA","USA","2883","Second Time","SeatGeek"
"CUST004635","55+","Prefer not to say","RI","USA","390","First Time","Festival Website"
"CUST004636","45-54","Female","NY","USA","211","Returning (3+)","StubHub"
"CUST004637","55+","Male","NC","USA","466","First Time","Festival Website"
"CUST004638","45-54","Male","PA","USA","150","Second Time","Eventbrite"
"CUST004639","45-54","Male","OH","USA","294","First Time","Eventbrite"
"CUST004640","18-24","Non-Binary","MI","USA","459","Second Time","Ticketmaster"
"CUST004641","25-34","Male","MD","USA","177","Returning (3+)","Festival Website"
"CUST004642","55+","Male","TX","USA","1611","First Time","SeatGeek"
"CUST004643","18-24","Prefer not to say","IL","USA","622","Returning (3+)","StubHub"
"CUST004644","35-44","Non-Binary","FL","USA","1062","Returning (3+)","Eventbrite"
"CUST004645","55+","Non-Binary","DE","USA","113","Second Time","Eventbrite"
"CUST004646","35-44","Non-Binary","CT","USA","312","Second Time","Dice"
"CUST004647","45-54","Male","MI","USA","409","First Time","SeatGeek"
"CUST004648","45-54","Female","PA","USA","26","Second Time","SeatGeek"
"CUST004649","35-44","Non-Binary","PA","USA","38","Second Time","Eventbrite"
"CUST004650","25-34","Male","VA","USA","222","Second Time","Dice"
"CUST004651","35-44","Male","NY","USA","166","Second Time","Ticketmaster"
"CUST004652","25-34","Female","CT","USA","287","First Time","Festival Website"
"CUST004653","25-34","Female","PA","USA","34","First Time","Eventbrite"
"CUST004654","25-34","Non-Binary","NJ","USA","176","Returning (3+)","Festival Website"
"CUST004655","55+","Female","SC","USA","602","Second Time","SeatGeek"
"CUST004656","45-54","Non-Binary","PA","USA","22","Returning (3+)","StubHub"
"CUST004657","25-34","Non-Binary","MI","USA","509","Returning (3+)","Dice"
"CUST004658","18-24","Non-Binary","GA","USA","695","First Time","Ticketmaster"
"CUST004659","25-34","Prefer not to say","OH","USA","387","Second Time","Ticketmaster"
"CUST004660","55+","Non-Binary","PA","USA","62","First Time","StubHub"
"CUST004661","35-44","Male","GA","USA","700","Returning (3+)","Dice"
"CUST004662","35-44","Prefer not to say","RI","USA","399","Returning (3+)","SeatGeek"
"CUST004663","45-54","Male","GA","USA","734","First Time","Eventbrite"
"CUST004664","55+","Prefer not to say","CA","USA","2908","First Time","SeatGeek"
"CUST004665","18-24","Prefer not to say","RI","USA","316","Returning (3+)","Dice"
"CUST004666","35-44","Male","MA","USA","357","First Time","SeatGeek"
"CUST004667","35-44","Female","SC","USA","519","First Time","Festival Website"
"CUST004668","55+","Non-Binary","OH","USA","322","Second Time","SeatGeek"
"CUST004669","55+","Prefer not to say","NY","USA","194","Returning (3+)","Ticketmaster"
"CUST004670","25-34","Non-Binary","PA","USA","18","Returning (3+)","StubHub"
"CUST004671","25-34","Prefer not to say","NY","USA","158","First Time","Ticketmaster"
"CUST004672","25-34","Female","NY","USA","212","First Time","SeatGeek"
"CUST004673","55+","Female","NJ","USA","187","Returning (3+)","Dice"
"CUST004674","45-54","Female","NJ","USA","246","Second Time","Eventbrite"
"CUST004675","35-44","Non-Binary","NC","USA","399","Returning (3+)","Dice"
"CUST004676","35-44","Prefer not to say","TX","USA","1474","Returning (3+)","Festival Website"
"CUST004677","55+","Female","NY","USA","237","First Time","StubHub"
"CUST004678","55+","Prefer not to say","PA","USA","148","Returning (3+)","Festival Website"
"CUST004679","55+","Female","CT","USA","277","Second Time","Dice"
"CUST004680","35-44","Male","IL","USA","614","First Time","Ticketmaster"
"CUST004681","45-54","Male","NY","USA","164","Second Time","Ticketmaster"
"CUST004682","55+","Male","MD","USA","59","First Time","Ticketmaster"
"CUST004683","25-34","Female","NY","USA","223","Returning (3+)","Dice"
"CUST004684","25-34","Female","MA","USA","346","Second Time","StubHub"
"CUST004685","55+","Prefer not to say","DE","USA","198","Returning (3+)","SeatGeek"
"CUST004686","45-54","Male","PA","USA","52","Second Time","Eventbrite"
"CUST004687","45-54","Female","NC","USA","473","First Time","StubHub"
"CUST004688","35-44","Non-Binary","NY","USA","158","First Time","Eventbrite"
"CUST004689","18-24","Prefer not to say","NJ","USA","106","Second Time","SeatGeek"
"CUST004690","45-54","Male","NY","USA","202","First Time","Festival Website"
"CUST004691","45-54","Non-Binary","MI","USA","513","Second Time","Ticketmaster"
"CUST004692","35-44","Prefer not to say","PA","USA","84","Second Time","Festival Website"
"CUST004693","18-24","Non-Binary","NY","USA","287","Returning (3+)","SeatGeek"
"CUST004694","35-44","Non-Binary","MI","USA","513","First Time","Dice"
"CUST004695","25-34","Prefer not to say","MI","USA","569","Returning (3+)","Eventbrite"
"CUST004696","25-34","Female","MA","USA","350","Returning (3+)","Dice"
"CUST004697","45-54","Female","MD","USA","57","Second Time","Dice"
"CUST004698","35-44","Non-Binary","TX","USA","1605","First Time","Eventbrite"
"CUST004699","18-24","Non-Binary","CA","USA","2508","First Time","SeatGeek"
"CUST004700","55+","Prefer not to say","NY","USA","252","Second Time","Eventbrite"
"CUST004701","18-24","Non-Binary","GA","USA","692","Returning (3+)","SeatGeek"
"CUST004702","18-24","Female","NC","USA","427","First Time","Ticketmaster"
"CUST004703","18-24","Non-Binary","VA","USA","167","Returning (3+)","Festival Website"
"CUST004704","18-24","Male","MI","USA","493","Returning (3+)","Eventbrite"
"CUST004705","35-44","Male","MI","USA","443","Second Time","Ticketmaster"
"CUST004706","25-34","Female","DE","USA","159","First Time","SeatGeek"
"CUST004707","35-44","Male","PA","USA","78","First Time","SeatGeek"
"CUST004708","25-34","Female","PA","USA","1","Second Time","Dice"
"CUST004709","18-24","Prefer not to say","FL","USA","840","First Time","Festival Website"
"CUST004710","35-44","Prefer not to say","PA","USA","110","Returning (3+)","Festival Website"
"CUST004711","55+","Female","MA","USA","372","Second Time","SeatGeek"
"CUST004712","25-34","Male","TX","USA","1652","Returning (3+)","SeatGeek"
"CUST004713","45-54","Non-Binary","MA","USA","335","First Time","StubHub"
"CUST004714","25-34","Female","MI","USA","600","Returning (3+)","Festival Website"
"CUST004715","35-44","Prefer not to say","NY","USA","189","Returning (3+)","Festival Website"
"CUST004716","18-24","Non-Binary","NY","USA","218","Second Time","StubHub"
"CUST004717","35-44","Male","PA","USA","104","First Time","SeatGeek"
"CUST004718","18-24","Prefer not to say","CA","USA","2891","First Time","SeatGeek"
"CUST004719","18-24","Non-Binary","MD","USA","99","Second Time","Eventbrite"
"CUST004720","55+","Male","OH","USA","251","Returning (3+)","Eventbrite"
"CUST004721","25-34","Male","NJ","USA","179","Returning (3+)","Eventbrite"
"CUST004722","35-44","Male","RI","USA","322","Second Time","Festival Website"
"CUST004723","45-54","Female","MI","USA","593","Second Time","Ticketmaster"
"CUST004724","25-34","Male","DE","USA","193","First Time","StubHub"
"CUST004725","18-24","Female","NY","USA","204","Second Time","Eventbrite"
"CUST004726","25-34","Female","NY","USA","269","Returning (3+)","Festival Website"
"CUST004727","25-34","Male","PA","USA","112","First Time","Dice"
"CUST004728","25-34","Non-Binary","CA","USA","2692","Returning (3+)","Ticketmaster"
"CUST004729","55+","Non-Binary","GA","USA","698","First Time","StubHub"
"CUST004730","18-24","Prefer not to say","OH","USA","319","First Time","SeatGeek"
"CUST004731","35-44","Female","MA","USA","324","Returning (3+)","Festival Website"
"CUST004732","35-44","Non-Binary","MA","USA","365","Second Time","StubHub"
"CUST004733","18-24","Female","IL","USA","734","Returning (3+)","Festival Website"
"CUST004734","35-44","Prefer not to say","PA","USA","65","Second Time","StubHub"
"CUST004735","35-44","Male","MI","USA","592","Returning (3+)","SeatGeek"
"CUST004736","55+","Prefer not to say","NJ","USA","186","First Time","Ticketmaster"
"CUST004737","45-54","Female","CA","USA","2913","Returning (3+)","Dice"
"CUST004738","25-34","Non-Binary","GA","USA","746","Returning (3+)","Dice"
"CUST004739","45-54","Male","VA","USA","197","First Time","Eventbrite"
"CUST004740","18-24","Prefer not to say","CT","USA","309","Second Time","Ticketmaster"
"CUST004741","18-24","Prefer not to say","CA","USA","2661","Returning (3+)","Festival Website"
"CUST004742","45-54","Non-Binary","NY","USA","182","First Time","StubHub"
"CUST004743","25-34","Prefer not to say","PA","USA","97","First Time","Ticketmaster"
"CUST004744","55+","Prefer not to say","DE","USA","176","First Time","SeatGeek"
"CUST004745","18-24","Prefer not to say","GA","USA","669","First Time","Festival Website"
"CUST004746","55+","Female","GA","USA","616","First Time","Ticketmaster"
"CUST004747","18-24","Female","SC","USA","453","First Time","SeatGeek"
"CUST004748","18-24","Prefer not to say","PA","USA","38","Returning (3+)","Festival Website"
"CUST004749","55+","Non-Binary","PA","USA","103","First Time","SeatGeek"
"CUST004750","55+","Female","CA","USA","2558","First Time","SeatGeek"
"CUST004751","18-24","Female","VA","USA","214","Returning (3+)","Festival Website"
"CUST004752","55+","Prefer not to say","NJ","USA","109","Second Time","Dice"
"CUST004753","18-24","Prefer not to say","OH","USA","380","Second Time","Dice"
"CUST004754","55+","Prefer not to say","OH","USA","253","First Time","SeatGeek"
"CUST004755","55+","Non-Binary","RI","USA","311","First Time","Eventbrite"
"CUST004756","55+","Non-Binary","CT","USA","281","Returning (3+)","Ticketmaster"
"CUST004757","35-44","Male","PA","USA","6","Second Time","StubHub"
"CUST004758","55+","Female","TX","USA","1792","Second Time","Festival Website"
"CUST004759","45-54","Male","OH","USA","366","Returning (3+)","Ticketmaster"
"CUST004760","18-24","Male","DE","USA","190","First Time","StubHub"
"CUST004761","25-34","Male","MA","USA","350","Returning (3+)","Ticketmaster"
"CUST004762","35-44","Female","DE","USA","168","First Time","Ticketmaster"
"CUST004763","18-24","Prefer not to say","FL","USA","844","Returning (3+)","StubHub"
"CUST004764","35-44","Prefer not to say","SC","USA","632","Returning (3+)","SeatGeek"
"CUST004765","55+","Male","RI","USA","325","First Time","Dice"
"CUST004766","25-34","Female","NJ","USA","105","First Time","Festival Website"
"CUST004767","45-54","Male","VA","USA","280","Returning (3+)","Dice"
"CUST004768","55+","Non-Binary","MD","USA","127","Second Time","Dice"
"CUST004769","35-44","Female","PA","USA","102","Returning (3+)","Festival Website"
"CUST004770","45-54","Prefer not to say","RI","USA","338","Returning (3+)","Ticketmaster"
"CUST004771","45-54","Non-Binary","IL","USA","640","Returning (3+)","Dice"
"CUST004772","18-24","Male","CA","USA","2815","Returning (3+)","Festival Website"
"CUST004773","55+","Female","NY","USA","271","Returning (3+)","Eventbrite"
"CUST004774","18-24","Prefer not to say","PA","USA","105","Returning (3+)","Festival Website"
"CUST004775","25-34","Female","PA","USA","92","Second Time","StubHub"
"CUST004776","35-44","Female","TX","USA","1448","First Time","SeatGeek"
"CUST004777","55+","Non-Binary","NJ","USA","198","Second Time","Ticketmaster"
"CUST004778","55+","Female","NY","USA","175","First Time","Eventbrite"
"CUST004779","45-54","Prefer not to say","NY","USA","223","First Time","Eventbrite"
"CUST004780","25-34","Prefer not to say","NY","USA","265","First Time","Ticketmaster"
"CUST004781","25-34","Prefer not to say","NJ","USA","201","Returning (3+)","Dice"
"CUST004782","25-34","Female","GA","USA","701","Returning (3+)","Ticketmaster"
"CUST004783","18-24","Male","NJ","USA","175","Returning (3+)","Festival Website"
"CUST004784","45-54","Non-Binary","CA","USA","2934","Second Time","SeatGeek"
"CUST004785","25-34","Female","PA","USA","108","Returning (3+)","Festival Website"
"CUST004786","55+","Prefer not to say","IL","USA","771","Returning (3+)","SeatGeek"
"CUST004787","45-54","Non-Binary","IL","USA","693","Returning (3+)","Festival Website"
"CUST004788","45-54","Female","MD","USA","66","First Time","Eventbrite"
"CUST004789","18-24","Male","PA","USA","60","Second Time","StubHub"
"CUST004790","25-34","Prefer not to say","MI","USA","503","First Time","Festival Website"
"CUST004791","45-54","Non-Binary","PA","USA","8","Returning (3+)","Ticketmaster"
"CUST004792","18-24","Prefer not to say","MA","USA","361","First Time","Ticketmaster"
"CUST004793","18-24","Prefer not to say","MD","USA","120","Second Time","Eventbrite"
"CUST004794","35-44","Female","IL","USA","737","Second Time","Festival Website"
"CUST004795","55+","Non-Binary","GA","USA","784","Second Time","SeatGeek"
"CUST004796","45-54","Prefer not to say","MD","USA","154","Returning (3+)","StubHub"
"CUST004797","18-24","Non-Binary","SC","USA","626","First Time","SeatGeek"
"CUST004798","55+","Non-Binary","SC","USA","622","First Time","StubHub"
"CUST004799","55+","Female","NC","USA","490","Returning (3+)","Festival Website"
"CUST004800","25-34","Female","CA","USA","2854","Returning (3+)","Festival Website"
"CUST004801","45-54","Prefer not to say","CA","USA","2591","Second Time","Dice"
"CUST004802","45-54","Male","MI","USA","540","Second Time","Eventbrite"
"CUST004803","55+","Non-Binary","VA","USA","205","Returning (3+)","Dice"
"CUST004804","25-34","Prefer not to say","PA","USA","17","Second Time","Ticketmaster"
"CUST004805","35-44","Female","PA","USA","53","First Time","Eventbrite"
"CUST004806","18-24","Non-Binary","TX","USA","1454","Returning (3+)","Festival Website"
"CUST004807","45-54","Non-Binary","NY","USA","189","Returning (3+)","Eventbrite"
"CUST004808","35-44","Non-Binary","TX","USA","1693","Returning (3+)","Ticketmaster"
"CUST004809","18-24","Prefer not to say","PA","USA","74","Returning (3+)","StubHub"
"CUST004810","25-34","Female","VA","USA","297","Returning (3+)","SeatGeek"
"CUST004811","18-24","Male","PA","USA","9","First Time","Eventbrite"
"CUST004812","55+","Non-Binary","NC","USA","355","Second Time","StubHub"
"CUST004813","25-34","Male","MD","USA","105","Second Time","Dice"
"CUST004814","55+","Male","DE","USA","175","Returning (3+)","Eventbrite"
"CUST004815","55+","Non-Binary","MD","USA","170","First Time","Festival Website"
"CUST004816","18-24","Non-Binary","MD","USA","128","Second Time","Dice"
"CUST004817","35-44","Male","NY","USA","158","Second Time","StubHub"
"CUST004818","35-44","Male","MI","USA","445","First Time","Festival Website"
"CUST004819","25-34","Male","NJ","USA","150","Second Time","Eventbrite"
"CUST004820","18-24","Prefer not to say","IL","USA","648","Second Time","Dice"
"CUST004821","18-24","Female","NJ","USA","159","First Time","StubHub"
"CUST004822","45-54","Non-Binary","NJ","USA","201","Returning (3+)","StubHub"
"CUST004823","18-24","Prefer not to say","MI","USA","417","Second Time","Festival Website"
"CUST004824","45-54","Male","NY","USA","230","First Time","Eventbrite"
"CUST004825","25-34","Non-Binary","CA","USA","2685","First Time","Festival Website"
"CUST004826","45-54","Female","NY","USA","159","First Time","SeatGeek"
"CUST004827","45-54","Prefer not to say","FL","USA","1103","Second Time","StubHub"
"CUST004828","18-24","Prefer not to say","MD","USA","191","Second Time","Eventbrite"
"CUST004829","55+","Prefer not to say","MI","USA","422","Returning (3+)","StubHub"
"CUST004830","25-34","Non-Binary","MD","USA","128","Returning (3+)","StubHub"
"CUST004831","35-44","Female","MA","USA","363","Second Time","Festival Website"
"CUST004832","25-34","Male","PA","USA","24","Returning (3+)","Dice"
"CUST004833","35-44","Prefer not to say","NJ","USA","136","First Time","SeatGeek"
"CUST004834","35-44","Prefer not to say","SC","USA","617","First Time","SeatGeek"
"CUST004835","18-24","Male","NY","USA","171","Second Time","SeatGeek"
"CUST004836","45-54","Female","NY","USA","192","First Time","StubHub"
"CUST004837","25-34","Prefer not to say","MD","USA","111","Second Time","Eventbrite"
"CUST004838","35-44","Non-Binary","NY","USA","230","First Time","Dice"
"CUST004839","55+","Female","NJ","USA","234","First Time","Ticketmaster"
"CUST004840","35-44","Prefer not to say","TX","USA","1696","Returning (3+)","Dice"
"CUST004841","55+","Prefer not to say","TX","USA","1675","Second Time","StubHub"
"CUST004842","55+","Male","CT","USA","276","First Time","Eventbrite"
"CUST004843","18-24","Prefer not to say","SC","USA","498","First Time","Dice"
"CUST004844","45-54","Non-Binary","NJ","USA","197","Second Time","Festival Website"
"CUST004845","25-34","Non-Binary","DE","USA","131","First Time","SeatGeek"
"CUST004846","25-34","Female","GA","USA","659","First Time","Festival Website"
"CUST004847","18-24","Prefer not to say","NJ","USA","184","Returning (3+)","Festival Website"
"CUST004848","45-54","Prefer not to say","CT","USA","317","First Time","StubHub"
"CUST004849","35-44","Male","GA","USA","752","Second Time","SeatGeek"
"CUST004850","55+","Prefer not to say","NY","USA","224","Returning (3+)","Festival Website"
"CUST004851","55+","Female","NY","USA","205","First Time","Festival Website"
"CUST004852","18-24","Non-Binary","TX","USA","1405","Returning (3+)","Dice"
"CUST004853","35-44","Male","RI","USA","350","First Time","Ticketmaster"
"CUST004854","25-34","Female","RI","USA","356","First Time","Festival Website"
"CUST004855","25-34","Prefer not to say","NY","USA","281","Returning (3+)","Eventbrite"
"CUST004856","18-24","Female","TX","USA","1707","Returning (3+)","Dice"
"CUST004857","35-44","Non-Binary","SC","USA","623","Second Time","Ticketmaster"
"CUST004858","45-54","Female","NY","USA","158","First Time","Festival Website"
"CUST004859","35-44","Male","CT","USA","272","Second Time","Dice"
"CUST004860","45-54","Female","IL","USA","650","First Time","Ticketmaster"
"CUST004861","25-34","Male","MI","USA","579","Returning (3+)","Eventbrite"
"CUST004862","25-34","Non-Binary","MI","USA","450","First Time","StubHub"
"CUST004863","35-44","Non-Binary","NJ","USA","139","First Time","Festival Website"
"CUST004864","25-34","Non-Binary","IL","USA","667","Second Time","SeatGeek"
"CUST004865","45-54","Male","NY","USA","290","First Time","Dice"
"CUST004866","18-24","Non-Binary","NC","USA","349","Returning (3+)","Festival Website"
"CUST004867","55+","Prefer not to say","RI","USA","370","Returning (3+)","Festival Website"
"CUST004868","18-24","Female","NJ","USA","141","First Time","Dice"
"CUST004869","45-54","Non-Binary","CA","USA","2555","First Time","Festival Website"
"CUST004870","35-44","Non-Binary","DE","USA","189","First Time","Festival Website"
"CUST004871","35-44","Female","NJ","USA","209","Second Time","Festival Website"
"CUST004872","55+","Female","OH","USA","320","First Time","SeatGeek"
"CUST004873","45-54","Prefer not to say","NC","USA","330","First Time","Dice"
"CUST004874","25-34","Female","CT","USA","279","First Time","StubHub"
"CUST004875","18-24","Female","MD","USA","126","Second Time","StubHub"
"CUST004876","45-54","Non-Binary","GA","USA","636","Second Time","StubHub"
"CUST004877","45-54","Non-Binary","NC","USA","368","Returning (3+)","SeatGeek"
"CUST004878","25-34","Non-Binary","VA","USA","231","Second Time","Eventbrite"
"CUST004879","18-24","Female","VA","USA","177","Returning (3+)","Ticketmaster"
"CUST004880","45-54","Non-Binary","TX","USA","1662","Returning (3+)","Eventbrite"
"CUST004881","35-44","Prefer not to say","NJ","USA","186","Returning (3+)","Ticketmaster"
"CUST004882","18-24","Female","IL","USA","779","First Time","SeatGeek"
"CUST004883","25-34","Prefer not to say","NJ","USA","168","First Time","Festival Website"
"CUST004884","18-24","Female","MI","USA","445","Returning (3+)","Festival Website"
"CUST004885","45-54","Prefer not to say","GA","USA","651","First Time","Ticketmaster"
"CUST004886","25-34","Male","NY","USA","186","Returning (3+)","Eventbrite"
"CUST004887","18-24","Male","MA","USA","308","Returning (3+)","Dice"
"CUST004888","45-54","Prefer not to say","VA","USA","350","First Time","Ticketmaster"
"CUST004889","35-44","Female","MD","USA","167","Second Time","Ticketmaster"
"CUST004890","25-34","Female","MA","USA","319","Second Time","Dice"
"CUST004891","45-54","Prefer not to say","NC","USA","464","Second Time","StubHub"
"CUST004892","55+","Female","CA","USA","2608","First Time","Dice"
"CUST004893","18-24","Prefer not to say","MD","USA","178","First Time","Dice"
"CUST004894","45-54","Male","NJ","USA","140","Returning (3+)","StubHub"
"CUST004895","55+","Female","MI","USA","544","Second Time","Dice"
"CUST004896","55+","Prefer not to say","CT","USA","300","Returning (3+)","SeatGeek"
"CUST004897","45-54","Male","RI","USA","372","First Time","Dice"
"CUST004898","35-44","Female","FL","USA","949","First Time","StubHub"
"CUST004899","35-44","Non-Binary","DE","USA","134","First Time","StubHub"
"CUST004900","25-34","Female","RI","USA","338","First Time","Ticketmaster"
"CUST004901","45-54","Non-Binary","NJ","USA","246","First Time","Dice"
"CUST004902","18-24","Non-Binary","NC","USA","395","First Time","Eventbrite"
"CUST004903","55+","Male","PA","USA","112","Returning (3+)","StubHub"
"CUST004904","55+","Prefer not to say","NJ","USA","183","First Time","Ticketmaster"
"CUST004905","55+","Female","SC","USA","535","Second Time","Dice"
"CUST004906","18-24","Prefer not to say","SC","USA","498","Returning (3+)","Eventbrite"
"CUST004907","25-34","Prefer not to say","MA","USA","399","Second Time","Dice"
"CUST004908","18-24","Prefer not to say","GA","USA","789","First Time","StubHub"
"CUST004909","18-24","Male","NY","USA","271","Second Time","SeatGeek"
"CUST004910","45-54","Non-Binary","IL","USA","778","First Time","Eventbrite"
"CUST004911","25-34","Non-Binary","NY","USA","224","First Time","Festival Website"
"CUST004912","35-44","Non-Binary","NJ","USA","171","Returning (3+)","Eventbrite"
"CUST004913","25-34","Male","SC","USA","632","Second Time","Dice"
"CUST004914","25-34","Male","TX","USA","1750","First Time","SeatGeek"
"CUST004915","25-34","Female","NY","USA","246","Returning (3+)","Dice"
"CUST004916","35-44","Non-Binary","DE","USA","136","Returning (3+)","Ticketmaster"
"CUST004917","25-34","Non-Binary","DE","USA","149","Second Time","StubHub"
"CUST004918","25-34","Prefer not to say","CA","USA","2719","First Time","Ticketmaster"
"CUST004919","45-54","Female","PA","USA","25","Second Time","Dice"
"CUST004920","55+","Prefer not to say","MI","USA","421","First Time","SeatGeek"
"CUST004921","55+","Female","NC","USA","468","First Time","Ticketmaster"
"CUST004922","35-44","Non-Binary","CA","USA","2705","First Time","SeatGeek"
"CUST004923","25-34","Female","PA","USA","138","Returning (3+)","Ticketmaster"
"CUST004924","45-54","Non-Binary","RI","USA","390","First Time","Ticketmaster"
"CUST004925","25-34","Non-Binary","MI","USA","475","Returning (3+)","StubHub"
"CUST004926","18-24","Female","GA","USA","720","Returning (3+)","Ticketmaster"
"CUST004927","25-34","Non-Binary","SC","USA","531","First Time","SeatGeek"
"CUST004928","18-24","Female","PA","USA","0","First Time","Festival Website"
"CUST004929","35-44","Non-Binary","NY","USA","215","Returning (3+)","Festival Website"
"CUST004930","45-54","Prefer not to say","IL","USA","773","Returning (3+)","SeatGeek"
"CUST004931","18-24","Non-Binary","NC","USA","375","First Time","StubHub"
"CUST004932","18-24","Female","PA","USA","74","Returning (3+)","Eventbrite"
"CUST004933","25-34","Non-Binary","MI","USA","473","Returning (3+)","StubHub"
"CUST004934","35-44","Prefer not to say","PA","USA","128","Returning (3+)","StubHub"
"CUST004935","18-24","Female","CT","USA","333","First Time","Festival Website"
"CUST004936","18-24","Non-Binary","MD","USA","130","First Time","SeatGeek"
"CUST004937","35-44","Prefer not to say","FL","USA","984","Second Time","Festival Website"
"CUST004938","18-24","Non-Binary","PA","USA","10","Second Time","StubHub"
"CUST004939","35-44","Female","GA","USA","687","Second Time","StubHub"
"CUST004940","25-34","Prefer not to say","NJ","USA","146","First Time","StubHub"
"CUST004941","25-34","Non-Binary","MD","USA","149","First Time","Ticketmaster"
"CUST004942","35-44","Prefer not to say","IL","USA","784","Second Time","Festival Website"
"CUST004943","45-54","Female","PA","USA","5","First Time","Dice"
"CUST004944","55+","Male","MI","USA","555","First Time","Dice"
"CUST004945","45-54","Non-Binary","NY","USA","234","Returning (3+)","StubHub"
"CUST004946","18-24","Prefer not to say","GA","USA","611","Second Time","Eventbrite"
"CUST004947","45-54","Male","GA","USA","673","First Time","Festival Website"
"CUST004948","25-34","Prefer not to say","MI","USA","520","Second Time","Dice"
"CUST004949","25-34","Non-Binary","IL","USA","652","First Time","Festival Website"
"CUST004950","18-24","Female","MI","USA","516","First Time","Festival Website"
"CUST004951","25-34","Male","IL","USA","692","Second Time","Festival Website"
"CUST004952","55+","Non-Binary","FL","USA","862","Second Time","Eventbrite"
"CUST004953","18-24","Male","DE","USA","130","First Time","Festival Website"
"CUST004954","25-34","Male","MD","USA","67","Returning (3+)","Dice"
"CUST004955","35-44","Male","IL","USA","772","Returning (3+)","Dice"
"CUST004956","55+","Male","CT","USA","271","First Time","Dice"
"CUST004957","45-54","Prefer not to say","TX","USA","1456","Second Time","Dice"
"CUST004958","18-24","Male","NY","USA","213","Returning (3+)","StubHub"
"CUST004959","18-24","Prefer not to say","NY","USA","153","Returning (3+)","Dice"
"CUST004960","35-44","Non-Binary","CT","USA","329","Returning (3+)","Ticketmaster"
"CUST004961","55+","Male","DE","USA","156","First Time","Eventbrite"
"CUST004962","25-34","Female","MD","USA","91","First Time","Ticketmaster"
"CUST004963","18-24","Prefer not to say","NY","USA","174","First Time","StubHub"
"CUST004964","45-54","Non-Binary","CT","USA","328","Second Time","Dice"
"CUST004965","35-44","Non-Binary","NY","USA","283","Returning (3+)","StubHub"
"CUST004966","18-24","Prefer not to say","NY","USA","237","Returning (3+)","SeatGeek"
"CUST004967","18-24","Female","MD","USA","188","First Time","Dice"
"CUST004968","55+","Female","NY","USA","260","Returning (3+)","Ticketmaster"
"CUST004969","18-24","Prefer not to say","MD","USA","69","First Time","Festival Website"
"CUST004970","45-54","Non-Binary","PA","USA","78","Second Time","StubHub"
"CUST004971","25-34","Non-Binary","CT","USA","282","First Time","Eventbrite"
"CUST004972","18-24","Non-Binary","MA","USA","364","Returning (3+)","Festival Website"
"CUST004973","25-34","Female","OH","USA","389","Second Time","StubHub"
"CUST004974","35-44","Non-Binary","FL","USA","828","First Time","StubHub"
"CUST004975","25-34","Prefer not to say","RI","USA","353","Returning (3+)","Dice"
"CUST004976","55+","Female","PA","USA","56","Second Time","StubHub"
"CUST004977","55+","Male","VA","USA","205","Returning (3+)","Dice"
"CUST004978","25-34","Prefer not to say","NY","USA","233","First Time","Festival Website"
"CUST004979","45-54","Non-Binary","PA","USA","131","First Time","Eventbrite"
"CUST004980","55+","Male","DE","USA","160","Returning (3+)","SeatGeek"
"CUST004981","18-24","Non-Binary","CT","USA","288","Returning (3+)","Festival Website"
"CUST004982","25-34","Prefer not to say","DE","USA","177","Returning (3+)","Festival Website"
"CUST004983","45-54","Female","IL","USA","669","Second Time","SeatGeek"
"CUST004984","35-44","Female","MD","USA","71","Returning (3+)","Ticketmaster"
"CUST004985","35-44","Female","MI","USA","570","First Time","Festival Website"
"CUST004986","18-24","Male","IL","USA","634","Second Time","StubHub"
"CUST004987","18-24","Female","NY","USA","193","Second Time","Festival Website"
"CUST004988","25-34","Non-Binary","NC","USA","495","First Time","Eventbrite"
"CUST004989","25-34","Male","MA","USA","395","Returning (3+)","Ticketmaster"
"CUST004990","18-24","Male","MA","USA","367","Second Time","SeatGeek"
"CUST004991","55+","Prefer not to say","VA","USA","206","Returning (3+)","Ticketmaster"
"CUST004992","35-44","Male","NY","USA","291","Returning (3+)","Eventbrite"
"CUST004993","25-34","Prefer not to say","NY","USA","214","Second Time","SeatGeek"
"CUST004994","45-54","Prefer not to say","SC","USA","630","First Time","Dice"
"CUST004995","18-24","Female","MD","USA","166","Returning (3+)","Dice"
"CUST004996","45-54","Non-Binary","OH","USA","321","Second Time","Eventbrite"
"CUST004997","25-34","Prefer not to say","CT","USA","322","Second Time","StubHub"
"CUST004998","18-24","Female","CT","USA","331","Second Time","Eventbrite"
"CUST004999","25-34","Non-Binary","FL","USA","842","First Time","StubHub"
"CUST005000","18-24","Non-Binary","NJ","USA","241","First Time","SeatGeek"